{
  "directed": true,
  "multigraph": true,
  "label": "CFG of 10139.java",
  "type": "Control Flow Graph (CFG)",
  "file": "10139.java",
  "package": "",

  "nodes": [
    {
      "id": 0,
      "line": 5,
      "label": "void main(String[] args)"
    },
    {
      "id": 1,
      "line": 6,
      "label": "Scanner scanner = new Scanner(System.in)"
    },
    {
      "id": 2,
      "line": 8,
      "label": "System.out.print('Enter the IP address to ping: ')"
    },
    {
      "id": 3,
      "line": 9,
      "label": "String ipAddress = scanner.next()"
    },
    {
      "id": 4,
      "line": 11,
      "label": "try"
    },
    {
      "id": 5,
      "line": 0,
      "label": "end-try"
    },
    {
      "id": 6,
      "line": 12,
      "label": "Runtime.getRuntime().exec('ping ' + ipAddress)"
    },
    {
      "id": 7,
      "line": 0,
      "label": "end-catch"
    },
    {
      "id": 8,
      "line": 13,
      "label": "catch (IOException e)"
    },
    {
      "id": 9,
      "line": 14,
      "label": "System.out.println('Error executing ping command: ' + e.getMessage())"
    },
    {
      "id": 10,
      "line": 17,
      "label": "scanner.close()"
    }
  ],

  "edges": [
    {
      "id": 0,
      "source": 0,
      "target": 1,
      "label": ""
    },
    {
      "id": 1,
      "source": 1,
      "target": 2,
      "label": ""
    },
    {
      "id": 2,
      "source": 2,
      "target": 3,
      "label": ""
    },
    {
      "id": 3,
      "source": 3,
      "target": 4,
      "label": ""
    },
    {
      "id": 4,
      "source": 4,
      "target": 6,
      "label": ""
    },
    {
      "id": 5,
      "source": 6,
      "target": 5,
      "label": ""
    },
    {
      "id": 6,
      "source": 5,
      "target": 8,
      "label": "Throws"
    },
    {
      "id": 7,
      "source": 8,
      "target": 9,
      "label": ""
    },
    {
      "id": 8,
      "source": 9,
      "target": 7,
      "label": ""
    },
    {
      "id": 9,
      "source": 7,
      "target": 5,
      "label": ""
    },
    {
      "id": 10,
      "source": 5,
      "target": 10,
      "label": ""
    }
  ]
}
