{
  "directed": true,
  "multigraph": true,
  "label": "CFG of 10565.java",
  "type": "Control Flow Graph (CFG)",
  "file": "10565.java",
  "package": "",

  "nodes": [
    {
      "id": 0,
      "line": 9,
      "label": "void main(String[] args)"
    },
    {
      "id": 1,
      "line": 10,
      "label": "String userInput = '../etc/passwd'"
    },
    {
      "id": 2,
      "line": 12,
      "label": "String basePath = '/var/www/data/'"
    },
    {
      "id": 3,
      "line": 14,
      "label": "String filePath = basePath + userInput"
    },
    {
      "id": 4,
      "line": 16,
      "label": "try"
    },
    {
      "id": 5,
      "line": 0,
      "label": "end-try"
    },
    {
      "id": 6,
      "line": 17,
      "label": "Path path = Paths.get(filePath)"
    },
    {
      "id": 7,
      "line": 18,
      "label": "File file = path.toFile()"
    },
    {
      "id": 8,
      "line": 20,
      "label": "if (file.exists())"
    },
    {
      "id": 9,
      "line": 21,
      "label": "byte[] fileContent = Files.readAllBytes(path)"
    },
    {
      "id": 10,
      "line": 22,
      "label": "System.out.println(new String(fileContent))"
    },
    {
      "id": 11,
      "line": 0,
      "label": "endif"
    },
    {
      "id": 12,
      "line": 24,
      "label": "System.out.println('File not found.')"
    },
    {
      "id": 13,
      "line": 0,
      "label": "end-catch"
    },
    {
      "id": 14,
      "line": 27,
      "label": "catch (IOException e)"
    },
    {
      "id": 15,
      "line": 28,
      "label": "e.printStackTrace()"
    }
  ],

  "edges": [
    {
      "id": 0,
      "source": 0,
      "target": 1,
      "label": ""
    },
    {
      "id": 1,
      "source": 1,
      "target": 2,
      "label": ""
    },
    {
      "id": 2,
      "source": 2,
      "target": 3,
      "label": ""
    },
    {
      "id": 3,
      "source": 3,
      "target": 4,
      "label": ""
    },
    {
      "id": 4,
      "source": 4,
      "target": 6,
      "label": ""
    },
    {
      "id": 5,
      "source": 6,
      "target": 7,
      "label": ""
    },
    {
      "id": 6,
      "source": 7,
      "target": 8,
      "label": ""
    },
    {
      "id": 7,
      "source": 8,
      "target": 9,
      "label": "True"
    },
    {
      "id": 8,
      "source": 9,
      "target": 10,
      "label": ""
    },
    {
      "id": 9,
      "source": 10,
      "target": 11,
      "label": ""
    },
    {
      "id": 10,
      "source": 8,
      "target": 12,
      "label": "False"
    },
    {
      "id": 11,
      "source": 12,
      "target": 11,
      "label": ""
    },
    {
      "id": 12,
      "source": 11,
      "target": 5,
      "label": ""
    },
    {
      "id": 13,
      "source": 5,
      "target": 14,
      "label": "Throws"
    },
    {
      "id": 14,
      "source": 14,
      "target": 15,
      "label": ""
    },
    {
      "id": 15,
      "source": 15,
      "target": 13,
      "label": ""
    },
    {
      "id": 16,
      "source": 13,
      "target": 5,
      "label": ""
    }
  ]
}
