{
  "directed": true,
  "multigraph": true,
  "label": "CFG of 10699.java",
  "type": "Control Flow Graph (CFG)",
  "file": "10699.java",
  "package": "",

  "nodes": [
    {
      "id": 0,
      "line": 5,
      "label": "void main(String[] args)"
    },
    {
      "id": 1,
      "line": 6,
      "label": "String userInput = 'serialized_object_here'"
    },
    {
      "id": 2,
      "line": 8,
      "label": "try"
    },
    {
      "id": 3,
      "line": 0,
      "label": "end-try"
    },
    {
      "id": 4,
      "line": 9,
      "label": "ByteArrayInputStream byteArrayInputStream = new ByteArrayInputStream(userInput.getBytes())"
    },
    {
      "id": 5,
      "line": 10,
      "label": "ObjectInputStream objectInputStream = new ObjectInputStream(byteArrayInputStream)"
    },
    {
      "id": 6,
      "line": 12,
      "label": "Object obj = objectInputStream.readObject()"
    },
    {
      "id": 7,
      "line": 0,
      "label": "end-catch"
    },
    {
      "id": 8,
      "line": 15,
      "label": "catch (IOException|ClassNotFoundException e)"
    },
    {
      "id": 9,
      "line": 16,
      "label": "e.printStackTrace()"
    }
  ],

  "edges": [
    {
      "id": 0,
      "source": 0,
      "target": 1,
      "label": ""
    },
    {
      "id": 1,
      "source": 1,
      "target": 2,
      "label": ""
    },
    {
      "id": 2,
      "source": 2,
      "target": 4,
      "label": ""
    },
    {
      "id": 3,
      "source": 4,
      "target": 5,
      "label": ""
    },
    {
      "id": 4,
      "source": 5,
      "target": 6,
      "label": ""
    },
    {
      "id": 5,
      "source": 6,
      "target": 3,
      "label": ""
    },
    {
      "id": 6,
      "source": 3,
      "target": 8,
      "label": "Throws"
    },
    {
      "id": 7,
      "source": 8,
      "target": 9,
      "label": ""
    },
    {
      "id": 8,
      "source": 9,
      "target": 7,
      "label": ""
    },
    {
      "id": 9,
      "source": 7,
      "target": 3,
      "label": ""
    }
  ]
}
