{
  "directed": true,
  "multigraph": true,
  "label": "CFG of 10703.java",
  "type": "Control Flow Graph (CFG)",
  "file": "10703.java",
  "package": "",

  "nodes": [
    {
      "id": 0,
      "line": 5,
      "label": "void main(String[] args)"
    },
    {
      "id": 1,
      "line": 6,
      "label": "try"
    },
    {
      "id": 2,
      "line": 0,
      "label": "end-try"
    },
    {
      "id": 3,
      "line": 7,
      "label": "String userInput = 'userInput.ser'"
    },
    {
      "id": 4,
      "line": 9,
      "label": "FileInputStream fileIn = new FileInputStream(userInput)"
    },
    {
      "id": 5,
      "line": 10,
      "label": "ObjectInputStream in = new ObjectInputStream(fileIn)"
    },
    {
      "id": 6,
      "line": 12,
      "label": "Object obj = in.readObject()"
    },
    {
      "id": 7,
      "line": 13,
      "label": "System.out.println(obj)"
    },
    {
      "id": 8,
      "line": 15,
      "label": "in.close()"
    },
    {
      "id": 9,
      "line": 16,
      "label": "fileIn.close()"
    },
    {
      "id": 10,
      "line": 0,
      "label": "end-catch"
    },
    {
      "id": 11,
      "line": 17,
      "label": "catch (Exception e)"
    },
    {
      "id": 12,
      "line": 18,
      "label": "e.printStackTrace()"
    }
  ],

  "edges": [
    {
      "id": 0,
      "source": 0,
      "target": 1,
      "label": ""
    },
    {
      "id": 1,
      "source": 1,
      "target": 3,
      "label": ""
    },
    {
      "id": 2,
      "source": 3,
      "target": 4,
      "label": ""
    },
    {
      "id": 3,
      "source": 4,
      "target": 5,
      "label": ""
    },
    {
      "id": 4,
      "source": 5,
      "target": 6,
      "label": ""
    },
    {
      "id": 5,
      "source": 6,
      "target": 7,
      "label": ""
    },
    {
      "id": 6,
      "source": 7,
      "target": 8,
      "label": ""
    },
    {
      "id": 7,
      "source": 8,
      "target": 9,
      "label": ""
    },
    {
      "id": 8,
      "source": 9,
      "target": 2,
      "label": ""
    },
    {
      "id": 9,
      "source": 2,
      "target": 11,
      "label": "Throws"
    },
    {
      "id": 10,
      "source": 11,
      "target": 12,
      "label": ""
    },
    {
      "id": 11,
      "source": 12,
      "target": 10,
      "label": ""
    },
    {
      "id": 12,
      "source": 10,
      "target": 2,
      "label": ""
    }
  ]
}
