{
  "directed": true,
  "multigraph": true,
  "label": "CFG of 10791.java",
  "type": "Control Flow Graph (CFG)",
  "file": "10791.java",
  "package": "",

  "nodes": [
    {
      "id": 0,
      "line": 8,
      "label": "void main(String[] args)"
    },
    {
      "id": 1,
      "line": 10,
      "label": "String userInput = 'rO0ABXNyAB5qYXZhLnV0aWwuTGlua2VkSGFzaE1hcJ8dN3QZAwACRgAI'"
    },
    {
      "id": 2,
      "line": 12,
      "label": "byte[] serializedObject = Base64.getDecoder().decode(userInput)"
    },
    {
      "id": 3,
      "line": 14,
      "label": "try"
    },
    {
      "id": 4,
      "line": 0,
      "label": "end-try"
    },
    {
      "id": 5,
      "line": 15,
      "label": "ObjectInput in = new ObjectInputStream(new ByteArrayInputStream(serializedObject))"
    },
    {
      "id": 6,
      "line": 16,
      "label": "Object obj = in.readObject()"
    },
    {
      "id": 7,
      "line": 0,
      "label": "end-catch"
    },
    {
      "id": 8,
      "line": 21,
      "label": "catch (IOException|ClassNotFoundException e)"
    },
    {
      "id": 9,
      "line": 22,
      "label": "e.printStackTrace()"
    }
  ],

  "edges": [
    {
      "id": 0,
      "source": 0,
      "target": 1,
      "label": ""
    },
    {
      "id": 1,
      "source": 1,
      "target": 2,
      "label": ""
    },
    {
      "id": 2,
      "source": 2,
      "target": 3,
      "label": ""
    },
    {
      "id": 3,
      "source": 3,
      "target": 5,
      "label": ""
    },
    {
      "id": 4,
      "source": 5,
      "target": 6,
      "label": ""
    },
    {
      "id": 5,
      "source": 6,
      "target": 4,
      "label": ""
    },
    {
      "id": 6,
      "source": 4,
      "target": 8,
      "label": "Throws"
    },
    {
      "id": 7,
      "source": 8,
      "target": 9,
      "label": ""
    },
    {
      "id": 8,
      "source": 9,
      "target": 7,
      "label": ""
    },
    {
      "id": 9,
      "source": 7,
      "target": 4,
      "label": ""
    }
  ]
}
