{
  "directed": true,
  "multigraph": true,
  "label": "CFG of 10790.java",
  "type": "Control Flow Graph (CFG)",
  "file": "10790.java",
  "package": "",

  "nodes": [
    {
      "id": 0,
      "line": 4,
      "label": "void main(String[] args)"
    },
    {
      "id": 1,
      "line": 5,
      "label": "String userInput = 'serialized_object_here'"
    },
    {
      "id": 2,
      "line": 8,
      "label": "ByteArrayInputStream bis = new ByteArrayInputStream(userInput.getBytes())"
    },
    {
      "id": 3,
      "line": 9,
      "label": "ObjectInputStream ois = new ObjectInputStream(bis)"
    },
    {
      "id": 4,
      "line": 10,
      "label": "Object obj = ois.readObject()"
    },
    {
      "id": 5,
      "line": 13,
      "label": "System.out.println('Deserialized object: ' + obj)"
    }
  ],

  "edges": [
    {
      "id": 0,
      "source": 0,
      "target": 1,
      "label": ""
    },
    {
      "id": 1,
      "source": 1,
      "target": 2,
      "label": ""
    },
    {
      "id": 2,
      "source": 2,
      "target": 3,
      "label": ""
    },
    {
      "id": 3,
      "source": 3,
      "target": 4,
      "label": ""
    },
    {
      "id": 4,
      "source": 4,
      "target": 5,
      "label": ""
    }
  ]
}
