{
  "directed": true,
  "multigraph": true,
  "label": "CFG of 10966.java",
  "type": "Control Flow Graph (CFG)",
  "file": "10966.java",
  "package": "",

  "nodes": [
    {
      "id": 0,
      "line": 5,
      "label": "void main(String[] args)"
    },
    {
      "id": 1,
      "line": 6,
      "label": "try"
    },
    {
      "id": 2,
      "line": 0,
      "label": "end-try"
    },
    {
      "id": 3,
      "line": 7,
      "label": "String userInput = 'rO0ABXNyACRqYXZhLnV0aWwuQ29sbGVjdGlvbnMkUHJvZ3JhbW1lcnN9jYGe7BfUAgABTAADbWFza3hwAAAAAAAAAAE='"
    },
    {
      "id": 4,
      "line": 10,
      "label": "ByteArrayInputStream bis = new ByteArrayInputStream(Base64.getDecoder().decode(userInput))"
    },
    {
      "id": 5,
      "line": 11,
      "label": "ObjectInputStream ois = new ObjectInputStream(bis)"
    },
    {
      "id": 6,
      "line": 12,
      "label": "Object obj = ois.readObject()"
    },
    {
      "id": 7,
      "line": 15,
      "label": "System.out.println(obj)"
    },
    {
      "id": 8,
      "line": 0,
      "label": "end-catch"
    },
    {
      "id": 9,
      "line": 17,
      "label": "catch (IOException|ClassNotFoundException e)"
    },
    {
      "id": 10,
      "line": 18,
      "label": "e.printStackTrace()"
    }
  ],

  "edges": [
    {
      "id": 0,
      "source": 0,
      "target": 1,
      "label": ""
    },
    {
      "id": 1,
      "source": 1,
      "target": 3,
      "label": ""
    },
    {
      "id": 2,
      "source": 3,
      "target": 4,
      "label": ""
    },
    {
      "id": 3,
      "source": 4,
      "target": 5,
      "label": ""
    },
    {
      "id": 4,
      "source": 5,
      "target": 6,
      "label": ""
    },
    {
      "id": 5,
      "source": 6,
      "target": 7,
      "label": ""
    },
    {
      "id": 6,
      "source": 7,
      "target": 2,
      "label": ""
    },
    {
      "id": 7,
      "source": 2,
      "target": 9,
      "label": "Throws"
    },
    {
      "id": 8,
      "source": 9,
      "target": 10,
      "label": ""
    },
    {
      "id": 9,
      "source": 10,
      "target": 8,
      "label": ""
    },
    {
      "id": 10,
      "source": 8,
      "target": 2,
      "label": ""
    }
  ]
}
