{
  "directed": true,
  "multigraph": true,
  "label": "CFG of 11197.java",
  "type": "Control Flow Graph (CFG)",
  "file": "11197.java",
  "package": "",

  "nodes": [
    {
      "id": 0,
      "line": 8,
      "label": "void main(String[] args)"
    },
    {
      "id": 1,
      "line": 9,
      "label": "String userInput = ''; DROP TABLE users; --'"
    },
    {
      "id": 2,
      "line": 11,
      "label": "try"
    },
    {
      "id": 3,
      "line": 0,
      "label": "end-try"
    },
    {
      "id": 4,
      "line": 12,
      "label": "Connection connection = DriverManager.getConnection('jdbc:mysql://localhost:3306/mydatabase', 'username', 'password')"
    },
    {
      "id": 5,
      "line": 13,
      "label": "String query = 'SELECT * FROM users WHERE username = '' + userInput + '''"
    },
    {
      "id": 6,
      "line": 16,
      "label": "PreparedStatement statement = connection.prepareStatement(query)"
    },
    {
      "id": 7,
      "line": 19,
      "label": "statement.executeQuery()"
    },
    {
      "id": 8,
      "line": 21,
      "label": "connection.close()"
    },
    {
      "id": 9,
      "line": 0,
      "label": "end-catch"
    },
    {
      "id": 10,
      "line": 22,
      "label": "catch (SQLException e)"
    },
    {
      "id": 11,
      "line": 23,
      "label": "e.printStackTrace()"
    }
  ],

  "edges": [
    {
      "id": 0,
      "source": 0,
      "target": 1,
      "label": ""
    },
    {
      "id": 1,
      "source": 1,
      "target": 2,
      "label": ""
    },
    {
      "id": 2,
      "source": 2,
      "target": 4,
      "label": ""
    },
    {
      "id": 3,
      "source": 4,
      "target": 5,
      "label": ""
    },
    {
      "id": 4,
      "source": 5,
      "target": 6,
      "label": ""
    },
    {
      "id": 5,
      "source": 6,
      "target": 7,
      "label": ""
    },
    {
      "id": 6,
      "source": 7,
      "target": 8,
      "label": ""
    },
    {
      "id": 7,
      "source": 8,
      "target": 3,
      "label": ""
    },
    {
      "id": 8,
      "source": 3,
      "target": 10,
      "label": "Throws"
    },
    {
      "id": 9,
      "source": 10,
      "target": 11,
      "label": ""
    },
    {
      "id": 10,
      "source": 11,
      "target": 9,
      "label": ""
    },
    {
      "id": 11,
      "source": 9,
      "target": 3,
      "label": ""
    }
  ]
}
