{
  "directed": true,
  "multigraph": true,
  "label": "CFG of 1152.java",
  "type": "Control Flow Graph (CFG)",
  "file": "1152.java",
  "package": "org.postgresql.xml",

  "nodes": [
    {
      "id": 0,
      "line": 29,
      "label": "DefaultPGXmlFactoryFactory ()"
    },
    {
      "id": 1,
      "line": 32,
      "label": "DocumentBuilderFactory getDocumentBuilderFactory()"
    },
    {
      "id": 2,
      "line": 33,
      "label": "DocumentBuilderFactory factory = DocumentBuilderFactory.newInstance()"
    },
    {
      "id": 3,
      "line": 34,
      "label": "setFactoryProperties(factory)"
    },
    {
      "id": 4,
      "line": 35,
      "label": "factory.setXIncludeAware(false)"
    },
    {
      "id": 5,
      "line": 36,
      "label": "factory.setExpandEntityReferences(false)"
    },
    {
      "id": 6,
      "line": 37,
      "label": "return factory;"
    },
    {
      "id": 7,
      "line": 41,
      "label": "DocumentBuilder newDocumentBuilder()"
    },
    {
      "id": 8,
      "line": 42,
      "label": "DocumentBuilder builder = getDocumentBuilderFactory().newDocumentBuilder()"
    },
    {
      "id": 9,
      "line": 43,
      "label": "builder.setEntityResolver(EmptyStringEntityResolver.INSTANCE)"
    },
    {
      "id": 10,
      "line": 44,
      "label": "builder.setErrorHandler(NullErrorHandler.INSTANCE)"
    },
    {
      "id": 11,
      "line": 45,
      "label": "return builder;"
    },
    {
      "id": 12,
      "line": 49,
      "label": "TransformerFactory newTransformerFactory()"
    },
    {
      "id": 13,
      "line": 50,
      "label": "TransformerFactory factory = TransformerFactory.newInstance()"
    },
    {
      "id": 14,
      "line": 51,
      "label": "setFactoryProperties(factory)"
    },
    {
      "id": 15,
      "line": 52,
      "label": "return factory;"
    },
    {
      "id": 16,
      "line": 56,
      "label": "SAXTransformerFactory newSAXTransformerFactory()"
    },
    {
      "id": 17,
      "line": 57,
      "label": "SAXTransformerFactory factory = (SAXTransformerFactory) SAXTransformerFactory.newInstance()"
    },
    {
      "id": 18,
      "line": 58,
      "label": "setFactoryProperties(factory)"
    },
    {
      "id": 19,
      "line": 59,
      "label": "return factory;"
    },
    {
      "id": 20,
      "line": 63,
      "label": "XMLInputFactory newXMLInputFactory()"
    },
    {
      "id": 21,
      "line": 64,
      "label": "XMLInputFactory factory = XMLInputFactory.newInstance()"
    },
    {
      "id": 22,
      "line": 65,
      "label": "setPropertyQuietly(factory, XMLInputFactory.SUPPORT_DTD, false)"
    },
    {
      "id": 23,
      "line": 66,
      "label": "setPropertyQuietly(factory, XMLInputFactory.IS_SUPPORTING_EXTERNAL_ENTITIES, false)"
    },
    {
      "id": 24,
      "line": 67,
      "label": "return factory;"
    },
    {
      "id": 25,
      "line": 71,
      "label": "XMLOutputFactory newXMLOutputFactory()"
    },
    {
      "id": 26,
      "line": 72,
      "label": "XMLOutputFactory factory = XMLOutputFactory.newInstance()"
    },
    {
      "id": 27,
      "line": 73,
      "label": "return factory;"
    },
    {
      "id": 28,
      "line": 77,
      "label": "XMLReader createXMLReader()"
    },
    {
      "id": 29,
      "line": 78,
      "label": "XMLReader factory = XMLReaderFactory.createXMLReader()"
    },
    {
      "id": 30,
      "line": 79,
      "label": "setFeatureQuietly(factory, 'http://apache.org/xml/features/disallow-doctype-decl', true)"
    },
    {
      "id": 31,
      "line": 80,
      "label": "setFeatureQuietly(factory, 'http://apache.org/xml/features/nonvalidating/load-external-dtd', false)"
    },
    {
      "id": 32,
      "line": 81,
      "label": "setFeatureQuietly(factory, 'http://xml.org/sax/features/external-general-entities', false)"
    },
    {
      "id": 33,
      "line": 82,
      "label": "setFeatureQuietly(factory, 'http://xml.org/sax/features/external-parameter-entities', false)"
    },
    {
      "id": 34,
      "line": 83,
      "label": "factory.setErrorHandler(NullErrorHandler.INSTANCE)"
    },
    {
      "id": 35,
      "line": 84,
      "label": "return factory;"
    },
    {
      "id": 36,
      "line": 87,
      "label": "void setFeatureQuietly(Object factory, String name, boolean value)"
    },
    {
      "id": 37,
      "line": 88,
      "label": "try"
    },
    {
      "id": 38,
      "line": 0,
      "label": "end-try"
    },
    {
      "id": 39,
      "line": 89,
      "label": "if (factory instanceof DocumentBuilderFactory)"
    },
    {
      "id": 40,
      "line": 90,
      "label": "((DocumentBuilderFactory) factory).setFeature(name, value)"
    },
    {
      "id": 41,
      "line": 0,
      "label": "endif"
    },
    {
      "id": 42,
      "line": 91,
      "label": "if (factory instanceof TransformerFactory)"
    },
    {
      "id": 43,
      "line": 92,
      "label": "((TransformerFactory) factory).setFeature(name, value)"
    },
    {
      "id": 44,
      "line": 0,
      "label": "endif"
    },
    {
      "id": 45,
      "line": 93,
      "label": "if (factory instanceof XMLReader)"
    },
    {
      "id": 46,
      "line": 94,
      "label": "((XMLReader) factory).setFeature(name, value)"
    },
    {
      "id": 47,
      "line": 0,
      "label": "endif"
    },
    {
      "id": 48,
      "line": 96,
      "label": "throw new Error('Invalid factory class: ' + factory.getClass())"
    },
    {
      "id": 49,
      "line": 98,
      "label": "return;"
    },
    {
      "id": 50,
      "line": 0,
      "label": "end-catch"
    },
    {
      "id": 51,
      "line": 99,
      "label": "catch (Exception ignore)"
    },
    {
      "id": 52,
      "line": 103,
      "label": "void setAttributeQuietly(Object factory, String name, Object value)"
    },
    {
      "id": 53,
      "line": 104,
      "label": "try"
    },
    {
      "id": 54,
      "line": 0,
      "label": "end-try"
    },
    {
      "id": 55,
      "line": 105,
      "label": "if (factory instanceof DocumentBuilderFactory)"
    },
    {
      "id": 56,
      "line": 106,
      "label": "((DocumentBuilderFactory) factory).setAttribute(name, value)"
    },
    {
      "id": 57,
      "line": 0,
      "label": "endif"
    },
    {
      "id": 58,
      "line": 107,
      "label": "if (factory instanceof TransformerFactory)"
    },
    {
      "id": 59,
      "line": 108,
      "label": "((TransformerFactory) factory).setAttribute(name, value)"
    },
    {
      "id": 60,
      "line": 0,
      "label": "endif"
    },
    {
      "id": 61,
      "line": 110,
      "label": "throw new Error('Invalid factory class: ' + factory.getClass())"
    },
    {
      "id": 62,
      "line": 0,
      "label": "end-catch"
    },
    {
      "id": 63,
      "line": 112,
      "label": "catch (Exception ignore)"
    },
    {
      "id": 64,
      "line": 116,
      "label": "void setFactoryProperties(Object factory)"
    },
    {
      "id": 65,
      "line": 117,
      "label": "setFeatureQuietly(factory, XMLConstants.FEATURE_SECURE_PROCESSING, true)"
    },
    {
      "id": 66,
      "line": 118,
      "label": "setFeatureQuietly(factory, 'http://apache.org/xml/features/disallow-doctype-decl', true)"
    },
    {
      "id": 67,
      "line": 119,
      "label": "setFeatureQuietly(factory, 'http://apache.org/xml/features/nonvalidating/load-external-dtd', false)"
    },
    {
      "id": 68,
      "line": 120,
      "label": "setFeatureQuietly(factory, 'http://xml.org/sax/features/external-general-entities', false)"
    },
    {
      "id": 69,
      "line": 121,
      "label": "setFeatureQuietly(factory, 'http://xml.org/sax/features/external-parameter-entities', false)"
    },
    {
      "id": 70,
      "line": 123,
      "label": "setAttributeQuietly(factory, 'http://javax.xml.XMLConstants/property/accessExternalDTD', '')"
    },
    {
      "id": 71,
      "line": 124,
      "label": "setAttributeQuietly(factory, 'http://javax.xml.XMLConstants/property/accessExternalSchema', '')"
    },
    {
      "id": 72,
      "line": 125,
      "label": "setAttributeQuietly(factory, 'http://javax.xml.XMLConstants/property/accessExternalStylesheet', '')"
    },
    {
      "id": 73,
      "line": 128,
      "label": "void setPropertyQuietly(Object factory, String name, Object value)"
    },
    {
      "id": 74,
      "line": 129,
      "label": "try"
    },
    {
      "id": 75,
      "line": 0,
      "label": "end-try"
    },
    {
      "id": 76,
      "line": 130,
      "label": "if (factory instanceof XMLReader)"
    },
    {
      "id": 77,
      "line": 131,
      "label": "((XMLReader) factory).setProperty(name, value)"
    },
    {
      "id": 78,
      "line": 0,
      "label": "endif"
    },
    {
      "id": 79,
      "line": 132,
      "label": "if (factory instanceof XMLInputFactory)"
    },
    {
      "id": 80,
      "line": 133,
      "label": "((XMLInputFactory) factory).setProperty(name, value)"
    },
    {
      "id": 81,
      "line": 0,
      "label": "endif"
    },
    {
      "id": 82,
      "line": 135,
      "label": "throw new Error('Invalid factory class: ' + factory.getClass())"
    },
    {
      "id": 83,
      "line": 0,
      "label": "end-catch"
    },
    {
      "id": 84,
      "line": 137,
      "label": "catch (Exception ignore)"
    }
  ],

  "edges": [
    {
      "id": 0,
      "source": 1,
      "target": 2,
      "label": ""
    },
    {
      "id": 1,
      "source": 2,
      "target": 3,
      "label": ""
    },
    {
      "id": 2,
      "source": 3,
      "target": 4,
      "label": ""
    },
    {
      "id": 3,
      "source": 4,
      "target": 5,
      "label": ""
    },
    {
      "id": 4,
      "source": 5,
      "target": 6,
      "label": ""
    },
    {
      "id": 5,
      "source": 7,
      "target": 8,
      "label": ""
    },
    {
      "id": 6,
      "source": 8,
      "target": 9,
      "label": ""
    },
    {
      "id": 7,
      "source": 9,
      "target": 10,
      "label": ""
    },
    {
      "id": 8,
      "source": 10,
      "target": 11,
      "label": ""
    },
    {
      "id": 9,
      "source": 12,
      "target": 13,
      "label": ""
    },
    {
      "id": 10,
      "source": 13,
      "target": 14,
      "label": ""
    },
    {
      "id": 11,
      "source": 14,
      "target": 15,
      "label": ""
    },
    {
      "id": 12,
      "source": 16,
      "target": 17,
      "label": ""
    },
    {
      "id": 13,
      "source": 17,
      "target": 18,
      "label": ""
    },
    {
      "id": 14,
      "source": 18,
      "target": 19,
      "label": ""
    },
    {
      "id": 15,
      "source": 20,
      "target": 21,
      "label": ""
    },
    {
      "id": 16,
      "source": 21,
      "target": 22,
      "label": ""
    },
    {
      "id": 17,
      "source": 22,
      "target": 23,
      "label": ""
    },
    {
      "id": 18,
      "source": 23,
      "target": 24,
      "label": ""
    },
    {
      "id": 19,
      "source": 25,
      "target": 26,
      "label": ""
    },
    {
      "id": 20,
      "source": 26,
      "target": 27,
      "label": ""
    },
    {
      "id": 21,
      "source": 28,
      "target": 29,
      "label": ""
    },
    {
      "id": 22,
      "source": 29,
      "target": 30,
      "label": ""
    },
    {
      "id": 23,
      "source": 30,
      "target": 31,
      "label": ""
    },
    {
      "id": 24,
      "source": 31,
      "target": 32,
      "label": ""
    },
    {
      "id": 25,
      "source": 32,
      "target": 33,
      "label": ""
    },
    {
      "id": 26,
      "source": 33,
      "target": 34,
      "label": ""
    },
    {
      "id": 27,
      "source": 34,
      "target": 35,
      "label": ""
    },
    {
      "id": 28,
      "source": 36,
      "target": 37,
      "label": ""
    },
    {
      "id": 29,
      "source": 37,
      "target": 39,
      "label": ""
    },
    {
      "id": 30,
      "source": 39,
      "target": 40,
      "label": "True"
    },
    {
      "id": 31,
      "source": 40,
      "target": 41,
      "label": ""
    },
    {
      "id": 32,
      "source": 39,
      "target": 42,
      "label": "False"
    },
    {
      "id": 33,
      "source": 42,
      "target": 43,
      "label": "True"
    },
    {
      "id": 34,
      "source": 43,
      "target": 44,
      "label": ""
    },
    {
      "id": 35,
      "source": 42,
      "target": 45,
      "label": "False"
    },
    {
      "id": 36,
      "source": 45,
      "target": 46,
      "label": "True"
    },
    {
      "id": 37,
      "source": 46,
      "target": 47,
      "label": ""
    },
    {
      "id": 38,
      "source": 45,
      "target": 48,
      "label": "False"
    },
    {
      "id": 39,
      "source": 48,
      "target": 38,
      "label": "Throws"
    },
    {
      "id": 40,
      "source": 47,
      "target": 44,
      "label": ""
    },
    {
      "id": 41,
      "source": 44,
      "target": 41,
      "label": ""
    },
    {
      "id": 42,
      "source": 41,
      "target": 49,
      "label": ""
    },
    {
      "id": 43,
      "source": 38,
      "target": 51,
      "label": "Throws"
    },
    {
      "id": 44,
      "source": 51,
      "target": 50,
      "label": ""
    },
    {
      "id": 45,
      "source": 50,
      "target": 38,
      "label": ""
    },
    {
      "id": 46,
      "source": 52,
      "target": 53,
      "label": ""
    },
    {
      "id": 47,
      "source": 53,
      "target": 55,
      "label": ""
    },
    {
      "id": 48,
      "source": 55,
      "target": 56,
      "label": "True"
    },
    {
      "id": 49,
      "source": 56,
      "target": 57,
      "label": ""
    },
    {
      "id": 50,
      "source": 55,
      "target": 58,
      "label": "False"
    },
    {
      "id": 51,
      "source": 58,
      "target": 59,
      "label": "True"
    },
    {
      "id": 52,
      "source": 59,
      "target": 60,
      "label": ""
    },
    {
      "id": 53,
      "source": 58,
      "target": 61,
      "label": "False"
    },
    {
      "id": 54,
      "source": 61,
      "target": 54,
      "label": "Throws"
    },
    {
      "id": 55,
      "source": 60,
      "target": 57,
      "label": ""
    },
    {
      "id": 56,
      "source": 57,
      "target": 54,
      "label": ""
    },
    {
      "id": 57,
      "source": 54,
      "target": 63,
      "label": "Throws"
    },
    {
      "id": 58,
      "source": 63,
      "target": 62,
      "label": ""
    },
    {
      "id": 59,
      "source": 62,
      "target": 54,
      "label": ""
    },
    {
      "id": 60,
      "source": 64,
      "target": 65,
      "label": ""
    },
    {
      "id": 61,
      "source": 65,
      "target": 66,
      "label": ""
    },
    {
      "id": 62,
      "source": 66,
      "target": 67,
      "label": ""
    },
    {
      "id": 63,
      "source": 67,
      "target": 68,
      "label": ""
    },
    {
      "id": 64,
      "source": 68,
      "target": 69,
      "label": ""
    },
    {
      "id": 65,
      "source": 69,
      "target": 70,
      "label": ""
    },
    {
      "id": 66,
      "source": 70,
      "target": 71,
      "label": ""
    },
    {
      "id": 67,
      "source": 71,
      "target": 72,
      "label": ""
    },
    {
      "id": 68,
      "source": 73,
      "target": 74,
      "label": ""
    },
    {
      "id": 69,
      "source": 74,
      "target": 76,
      "label": ""
    },
    {
      "id": 70,
      "source": 76,
      "target": 77,
      "label": "True"
    },
    {
      "id": 71,
      "source": 77,
      "target": 78,
      "label": ""
    },
    {
      "id": 72,
      "source": 76,
      "target": 79,
      "label": "False"
    },
    {
      "id": 73,
      "source": 79,
      "target": 80,
      "label": "True"
    },
    {
      "id": 74,
      "source": 80,
      "target": 81,
      "label": ""
    },
    {
      "id": 75,
      "source": 79,
      "target": 82,
      "label": "False"
    },
    {
      "id": 76,
      "source": 82,
      "target": 75,
      "label": "Throws"
    },
    {
      "id": 77,
      "source": 81,
      "target": 78,
      "label": ""
    },
    {
      "id": 78,
      "source": 78,
      "target": 75,
      "label": ""
    },
    {
      "id": 79,
      "source": 75,
      "target": 84,
      "label": "Throws"
    },
    {
      "id": 80,
      "source": 84,
      "target": 83,
      "label": ""
    },
    {
      "id": 81,
      "source": 83,
      "target": 75,
      "label": ""
    }
  ]
}
