{
  "directed": true,
  "multigraph": true,
  "label": "CFG of 1153.java",
  "type": "Control Flow Graph (CFG)",
  "file": "1153.java",
  "package": "com.facebook.thrift",

  "nodes": [
    {
      "id": 0,
      "line": 86,
      "label": "void testTruncated(TBase struct, TProtocol iprot)"
    },
    {
      "id": 1,
      "line": 87,
      "label": "try"
    },
    {
      "id": 2,
      "line": 0,
      "label": "end-try"
    },
    {
      "id": 3,
      "line": 88,
      "label": "struct.read(iprot)"
    },
    {
      "id": 4,
      "line": 89,
      "label": "assertTrue('Not reachable', false)"
    },
    {
      "id": 5,
      "line": 0,
      "label": "end-catch"
    },
    {
      "id": 6,
      "line": 90,
      "label": "catch (TProtocolException ex)"
    },
    {
      "id": 7,
      "line": 91,
      "label": "assertEquals( 'Not enough bytes to read the entire message, the data appears to be truncated', ex.getMessage())"
    },
    {
      "id": 8,
      "line": 98,
      "label": "void testListBinary()"
    },
    {
      "id": 9,
      "line": 99,
      "label": "TMemoryInputTransport buf = new TMemoryInputTransport(kBinaryListEncoding)"
    },
    {
      "id": 10,
      "line": 100,
      "label": "TProtocol iprot = new TBinaryProtocol(buf)"
    },
    {
      "id": 11,
      "line": 101,
      "label": "testTruncated(new MyListStruct(), iprot)"
    },
    {
      "id": 12,
      "line": 105,
      "label": "void testListCompact()"
    },
    {
      "id": 13,
      "line": 106,
      "label": "TMemoryInputTransport buf = new TMemoryInputTransport(kCompactListEncoding)"
    },
    {
      "id": 14,
      "line": 107,
      "label": "TProtocol iprot = new TCompactProtocol(buf)"
    },
    {
      "id": 15,
      "line": 108,
      "label": "testTruncated(new MyListStruct(), iprot)"
    },
    {
      "id": 16,
      "line": 112,
      "label": "void testLongListCompact()"
    },
    {
      "id": 17,
      "line": 113,
      "label": "TMemoryInputTransport buf = new TMemoryInputTransport(kCompactListEncoding2)"
    },
    {
      "id": 18,
      "line": 114,
      "label": "TProtocol iprot = new TCompactProtocol(buf)"
    },
    {
      "id": 19,
      "line": 115,
      "label": "testTruncated(new MyListStruct(), iprot)"
    },
    {
      "id": 20,
      "line": 174,
      "label": "void testSetBinary()"
    },
    {
      "id": 21,
      "line": 175,
      "label": "TMemoryInputTransport buf = new TMemoryInputTransport(kBinarySetEncoding)"
    },
    {
      "id": 22,
      "line": 176,
      "label": "TProtocol iprot = new TBinaryProtocol(buf)"
    },
    {
      "id": 23,
      "line": 177,
      "label": "testTruncated(new MySetStruct(), iprot)"
    },
    {
      "id": 24,
      "line": 181,
      "label": "void testSetCompact()"
    },
    {
      "id": 25,
      "line": 182,
      "label": "TMemoryInputTransport buf = new TMemoryInputTransport(kCompactSetEncoding)"
    },
    {
      "id": 26,
      "line": 183,
      "label": "TProtocol iprot = new TCompactProtocol(buf)"
    },
    {
      "id": 27,
      "line": 184,
      "label": "testTruncated(new MySetStruct(), iprot)"
    },
    {
      "id": 28,
      "line": 188,
      "label": "void testLongSetCompact()"
    },
    {
      "id": 29,
      "line": 189,
      "label": "TMemoryInputTransport buf = new TMemoryInputTransport(kCompactSetEncoding2)"
    },
    {
      "id": 30,
      "line": 190,
      "label": "TProtocol iprot = new TCompactProtocol(buf)"
    },
    {
      "id": 31,
      "line": 191,
      "label": "testTruncated(new MySetStruct(), iprot)"
    },
    {
      "id": 32,
      "line": 263,
      "label": "void testMapBinary()"
    },
    {
      "id": 33,
      "line": 264,
      "label": "TMemoryInputTransport buf = new TMemoryInputTransport(kBinaryMapEncoding)"
    },
    {
      "id": 34,
      "line": 265,
      "label": "TProtocol iprot = new TBinaryProtocol(buf)"
    },
    {
      "id": 35,
      "line": 266,
      "label": "testTruncated(new MyMapStruct(), iprot)"
    },
    {
      "id": 36,
      "line": 270,
      "label": "void testMapCompact()"
    },
    {
      "id": 37,
      "line": 271,
      "label": "TMemoryInputTransport buf = new TMemoryInputTransport(kCompactMapEncoding)"
    },
    {
      "id": 38,
      "line": 272,
      "label": "TProtocol iprot = new TCompactProtocol(buf)"
    },
    {
      "id": 39,
      "line": 273,
      "label": "testTruncated(new MyMapStruct(), iprot)"
    },
    {
      "id": 40,
      "line": 278,
      "label": "String bytesToHex(byte[] bytes, int length)"
    },
    {
      "id": 41,
      "line": 279,
      "label": "String out = ''"
    },
    {
      "id": 42,
      "line": 280,
      "label": "int j = 0"
    },
    {
      "id": 43,
      "line": 280,
      "label": "for (j < length)"
    },
    {
      "id": 44,
      "line": 280,
      "label": "j++"
    },
    {
      "id": 45,
      "line": 0,
      "label": "endfor"
    },
    {
      "id": 46,
      "line": 281,
      "label": "int v = bytes[j] & 0xFF"
    },
    {
      "id": 47,
      "line": 282,
      "label": "out += hexArray[v >>> 4]"
    },
    {
      "id": 48,
      "line": 283,
      "label": "out += hexArray[v & 0x0F]"
    },
    {
      "id": 49,
      "line": 284,
      "label": "out += ' '"
    },
    {
      "id": 50,
      "line": 286,
      "label": "return out;"
    }
  ],

  "edges": [
    {
      "id": 0,
      "source": 0,
      "target": 1,
      "label": ""
    },
    {
      "id": 1,
      "source": 1,
      "target": 3,
      "label": ""
    },
    {
      "id": 2,
      "source": 3,
      "target": 4,
      "label": ""
    },
    {
      "id": 3,
      "source": 4,
      "target": 2,
      "label": ""
    },
    {
      "id": 4,
      "source": 2,
      "target": 6,
      "label": "Throws"
    },
    {
      "id": 5,
      "source": 6,
      "target": 7,
      "label": ""
    },
    {
      "id": 6,
      "source": 7,
      "target": 5,
      "label": ""
    },
    {
      "id": 7,
      "source": 5,
      "target": 2,
      "label": ""
    },
    {
      "id": 8,
      "source": 8,
      "target": 9,
      "label": ""
    },
    {
      "id": 9,
      "source": 9,
      "target": 10,
      "label": ""
    },
    {
      "id": 10,
      "source": 10,
      "target": 11,
      "label": ""
    },
    {
      "id": 11,
      "source": 12,
      "target": 13,
      "label": ""
    },
    {
      "id": 12,
      "source": 13,
      "target": 14,
      "label": ""
    },
    {
      "id": 13,
      "source": 14,
      "target": 15,
      "label": ""
    },
    {
      "id": 14,
      "source": 16,
      "target": 17,
      "label": ""
    },
    {
      "id": 15,
      "source": 17,
      "target": 18,
      "label": ""
    },
    {
      "id": 16,
      "source": 18,
      "target": 19,
      "label": ""
    },
    {
      "id": 17,
      "source": 20,
      "target": 21,
      "label": ""
    },
    {
      "id": 18,
      "source": 21,
      "target": 22,
      "label": ""
    },
    {
      "id": 19,
      "source": 22,
      "target": 23,
      "label": ""
    },
    {
      "id": 20,
      "source": 24,
      "target": 25,
      "label": ""
    },
    {
      "id": 21,
      "source": 25,
      "target": 26,
      "label": ""
    },
    {
      "id": 22,
      "source": 26,
      "target": 27,
      "label": ""
    },
    {
      "id": 23,
      "source": 28,
      "target": 29,
      "label": ""
    },
    {
      "id": 24,
      "source": 29,
      "target": 30,
      "label": ""
    },
    {
      "id": 25,
      "source": 30,
      "target": 31,
      "label": ""
    },
    {
      "id": 26,
      "source": 32,
      "target": 33,
      "label": ""
    },
    {
      "id": 27,
      "source": 33,
      "target": 34,
      "label": ""
    },
    {
      "id": 28,
      "source": 34,
      "target": 35,
      "label": ""
    },
    {
      "id": 29,
      "source": 36,
      "target": 37,
      "label": ""
    },
    {
      "id": 30,
      "source": 37,
      "target": 38,
      "label": ""
    },
    {
      "id": 31,
      "source": 38,
      "target": 39,
      "label": ""
    },
    {
      "id": 32,
      "source": 40,
      "target": 41,
      "label": ""
    },
    {
      "id": 33,
      "source": 41,
      "target": 42,
      "label": ""
    },
    {
      "id": 34,
      "source": 42,
      "target": 43,
      "label": ""
    },
    {
      "id": 35,
      "source": 43,
      "target": 45,
      "label": "False"
    },
    {
      "id": 36,
      "source": 43,
      "target": 46,
      "label": "True"
    },
    {
      "id": 37,
      "source": 46,
      "target": 47,
      "label": ""
    },
    {
      "id": 38,
      "source": 47,
      "target": 48,
      "label": ""
    },
    {
      "id": 39,
      "source": 48,
      "target": 49,
      "label": ""
    },
    {
      "id": 40,
      "source": 49,
      "target": 44,
      "label": ""
    },
    {
      "id": 41,
      "source": 44,
      "target": 43,
      "label": ""
    },
    {
      "id": 42,
      "source": 45,
      "target": 50,
      "label": ""
    }
  ]
}
