{
  "directed": true,
  "multigraph": true,
  "label": "CFG of 12860.java",
  "type": "Control Flow Graph (CFG)",
  "file": "12860.java",
  "package": "",

  "nodes": [
    {
      "id": 0,
      "line": 5,
      "label": "void main(String[] args)"
    },
    {
      "id": 1,
      "line": 7,
      "label": "String userInput = '<script>alert('XSS Vulnerability!')</script>'"
    },
    {
      "id": 2,
      "line": 10,
      "label": "PrintWriter out = new PrintWriter(System.out)"
    },
    {
      "id": 3,
      "line": 11,
      "label": "out.println('<html>')"
    },
    {
      "id": 4,
      "line": 12,
      "label": "out.println('<body>')"
    },
    {
      "id": 5,
      "line": 13,
      "label": "out.println('User Input: ' + userInput)"
    },
    {
      "id": 6,
      "line": 14,
      "label": "out.println('</body>')"
    },
    {
      "id": 7,
      "line": 15,
      "label": "out.println('</html>')"
    },
    {
      "id": 8,
      "line": 17,
      "label": "out.flush()"
    }
  ],

  "edges": [
    {
      "id": 0,
      "source": 0,
      "target": 1,
      "label": ""
    },
    {
      "id": 1,
      "source": 1,
      "target": 2,
      "label": ""
    },
    {
      "id": 2,
      "source": 2,
      "target": 3,
      "label": ""
    },
    {
      "id": 3,
      "source": 3,
      "target": 4,
      "label": ""
    },
    {
      "id": 4,
      "source": 4,
      "target": 5,
      "label": ""
    },
    {
      "id": 5,
      "source": 5,
      "target": 6,
      "label": ""
    },
    {
      "id": 6,
      "source": 6,
      "target": 7,
      "label": ""
    },
    {
      "id": 7,
      "source": 7,
      "target": 8,
      "label": ""
    }
  ]
}
