{
  "directed": true,
  "multigraph": true,
  "label": "CFG of 12861.java",
  "type": "Control Flow Graph (CFG)",
  "file": "12861.java",
  "package": "",

  "nodes": [
    {
      "id": 0,
      "line": 5,
      "label": "void main(String[] args)"
    },
    {
      "id": 1,
      "line": 6,
      "label": "String userInput = '<script>alert('XSS Attack!')</script>'"
    },
    {
      "id": 2,
      "line": 9,
      "label": "String output = 'Welcome, ' + userInput"
    },
    {
      "id": 3,
      "line": 11,
      "label": "try"
    },
    {
      "id": 4,
      "line": 0,
      "label": "end-try"
    },
    {
      "id": 5,
      "line": 12,
      "label": "PrintWriter out = new PrintWriter('output.html')"
    },
    {
      "id": 6,
      "line": 13,
      "label": "out.println(output)"
    },
    {
      "id": 7,
      "line": 14,
      "label": "out.close()"
    },
    {
      "id": 8,
      "line": 15,
      "label": "System.out.println('Output written to output.html')"
    },
    {
      "id": 9,
      "line": 0,
      "label": "end-catch"
    },
    {
      "id": 10,
      "line": 16,
      "label": "catch (IOException e)"
    },
    {
      "id": 11,
      "line": 17,
      "label": "System.out.println('Error writing output.')"
    }
  ],

  "edges": [
    {
      "id": 0,
      "source": 0,
      "target": 1,
      "label": ""
    },
    {
      "id": 1,
      "source": 1,
      "target": 2,
      "label": ""
    },
    {
      "id": 2,
      "source": 2,
      "target": 3,
      "label": ""
    },
    {
      "id": 3,
      "source": 3,
      "target": 5,
      "label": ""
    },
    {
      "id": 4,
      "source": 5,
      "target": 6,
      "label": ""
    },
    {
      "id": 5,
      "source": 6,
      "target": 7,
      "label": ""
    },
    {
      "id": 6,
      "source": 7,
      "target": 8,
      "label": ""
    },
    {
      "id": 7,
      "source": 8,
      "target": 4,
      "label": ""
    },
    {
      "id": 8,
      "source": 4,
      "target": 10,
      "label": "Throws"
    },
    {
      "id": 9,
      "source": 10,
      "target": 11,
      "label": ""
    },
    {
      "id": 10,
      "source": 11,
      "target": 9,
      "label": ""
    },
    {
      "id": 11,
      "source": 9,
      "target": 4,
      "label": ""
    }
  ]
}
