{
  "directed": true,
  "multigraph": true,
  "label": "CFG of 12968.java",
  "type": "Control Flow Graph (CFG)",
  "file": "12968.java",
  "package": "",

  "nodes": [
    {
      "id": 0,
      "line": 6,
      "label": "void doGet(HttpServletRequest request, HttpServletResponse response)"
    },
    {
      "id": 1,
      "line": 7,
      "label": "String userInput = request.getParameter('input')"
    },
    {
      "id": 2,
      "line": 10,
      "label": "response.getWriter().println('<p>User Input: ' + userInput + '</p>')"
    }
  ],

  "edges": [
    {
      "id": 0,
      "source": 0,
      "target": 1,
      "label": ""
    },
    {
      "id": 1,
      "source": 1,
      "target": 2,
      "label": ""
    }
  ]
}
