{
  "directed": true,
  "multigraph": true,
  "label": "CFG of 13091.java",
  "type": "Control Flow Graph (CFG)",
  "file": "13091.java",
  "package": "",

  "nodes": [
    {
      "id": 0,
      "line": 6,
      "label": "void doPost(HttpServletRequest request, HttpServletResponse response)"
    },
    {
      "id": 1,
      "line": 9,
      "label": "String userInput = request.getParameter('input')"
    },
    {
      "id": 2,
      "line": 12,
      "label": "String output = '<p>User input: ' + userInput + '</p>'"
    },
    {
      "id": 3,
      "line": 14,
      "label": "PrintWriter out = response.getWriter()"
    },
    {
      "id": 4,
      "line": 15,
      "label": "out.println(output)"
    }
  ],

  "edges": [
    {
      "id": 0,
      "source": 0,
      "target": 1,
      "label": ""
    },
    {
      "id": 1,
      "source": 1,
      "target": 2,
      "label": ""
    },
    {
      "id": 2,
      "source": 2,
      "target": 3,
      "label": ""
    },
    {
      "id": 3,
      "source": 3,
      "target": 4,
      "label": ""
    }
  ]
}
