{
  "directed": true,
  "multigraph": true,
  "label": "CFG of 13264.java",
  "type": "Control Flow Graph (CFG)",
  "file": "13264.java",
  "package": "",

  "nodes": [
    {
      "id": 0,
      "line": 4,
      "label": "void main(String[] args)"
    },
    {
      "id": 1,
      "line": 5,
      "label": "String userInput = '<script>alert('XSS Vulnerability!')</script>'"
    },
    {
      "id": 2,
      "line": 8,
      "label": "String outputHtml = '<html><body>Welcome, ' + userInput + '</body></html>'"
    },
    {
      "id": 3,
      "line": 10,
      "label": "System.out.println(outputHtml)"
    }
  ],

  "edges": [
    {
      "id": 0,
      "source": 0,
      "target": 1,
      "label": ""
    },
    {
      "id": 1,
      "source": 1,
      "target": 2,
      "label": ""
    },
    {
      "id": 2,
      "source": 2,
      "target": 3,
      "label": ""
    }
  ]
}
