{
  "directed": true,
  "multigraph": true,
  "label": "CFG of 1335.java",
  "type": "Control Flow Graph (CFG)",
  "file": "1335.java",
  "package": "",

  "nodes": [
    {
      "id": 0,
      "line": 9,
      "label": "void main(String[] args)"
    },
    {
      "id": 1,
      "line": 10,
      "label": "try"
    },
    {
      "id": 2,
      "line": 0,
      "label": "end-try"
    },
    {
      "id": 3,
      "line": 11,
      "label": "Scanner scanner = new Scanner(System.in)"
    },
    {
      "id": 4,
      "line": 12,
      "label": "System.out.println('Enter username: ')"
    },
    {
      "id": 5,
      "line": 13,
      "label": "String username = scanner.nextLine()"
    },
    {
      "id": 6,
      "line": 15,
      "label": "Connection connection = DriverManager.getConnection('jdbc:mysql://localhost:3306/mydatabase', 'root', 'password')"
    },
    {
      "id": 7,
      "line": 16,
      "label": "Statement statement = connection.createStatement()"
    },
    {
      "id": 8,
      "line": 18,
      "label": "String query = 'SELECT * FROM users WHERE username='' + username + '''"
    },
    {
      "id": 9,
      "line": 20,
      "label": "ResultSet resultSet = statement.executeQuery(query)"
    },
    {
      "id": 10,
      "line": 22,
      "label": "while (resultSet.next())"
    },
    {
      "id": 11,
      "line": 0,
      "label": "endwhile"
    },
    {
      "id": 12,
      "line": 23,
      "label": "System.out.println('User found: ' + resultSet.getString('username'))"
    },
    {
      "id": 13,
      "line": 26,
      "label": "resultSet.close()"
    },
    {
      "id": 14,
      "line": 27,
      "label": "statement.close()"
    },
    {
      "id": 15,
      "line": 28,
      "label": "connection.close()"
    },
    {
      "id": 16,
      "line": 0,
      "label": "end-catch"
    },
    {
      "id": 17,
      "line": 30,
      "label": "catch (Exception e)"
    },
    {
      "id": 18,
      "line": 31,
      "label": "e.printStackTrace()"
    }
  ],

  "edges": [
    {
      "id": 0,
      "source": 0,
      "target": 1,
      "label": ""
    },
    {
      "id": 1,
      "source": 1,
      "target": 3,
      "label": ""
    },
    {
      "id": 2,
      "source": 3,
      "target": 4,
      "label": ""
    },
    {
      "id": 3,
      "source": 4,
      "target": 5,
      "label": ""
    },
    {
      "id": 4,
      "source": 5,
      "target": 6,
      "label": ""
    },
    {
      "id": 5,
      "source": 6,
      "target": 7,
      "label": ""
    },
    {
      "id": 6,
      "source": 7,
      "target": 8,
      "label": ""
    },
    {
      "id": 7,
      "source": 8,
      "target": 9,
      "label": ""
    },
    {
      "id": 8,
      "source": 9,
      "target": 10,
      "label": ""
    },
    {
      "id": 9,
      "source": 10,
      "target": 11,
      "label": "False"
    },
    {
      "id": 10,
      "source": 10,
      "target": 12,
      "label": "True"
    },
    {
      "id": 11,
      "source": 12,
      "target": 10,
      "label": ""
    },
    {
      "id": 12,
      "source": 11,
      "target": 13,
      "label": ""
    },
    {
      "id": 13,
      "source": 13,
      "target": 14,
      "label": ""
    },
    {
      "id": 14,
      "source": 14,
      "target": 15,
      "label": ""
    },
    {
      "id": 15,
      "source": 15,
      "target": 2,
      "label": ""
    },
    {
      "id": 16,
      "source": 2,
      "target": 17,
      "label": "Throws"
    },
    {
      "id": 17,
      "source": 17,
      "target": 18,
      "label": ""
    },
    {
      "id": 18,
      "source": 18,
      "target": 16,
      "label": ""
    },
    {
      "id": 19,
      "source": 16,
      "target": 2,
      "label": ""
    }
  ]
}
