{
  "directed": true,
  "multigraph": true,
  "label": "CFG of 13557.java",
  "type": "Control Flow Graph (CFG)",
  "file": "13557.java",
  "package": "",

  "nodes": [
    {
      "id": 0,
      "line": 7,
      "label": "void handleUserInput(HttpServletRequest request, HttpServletResponse response)"
    },
    {
      "id": 1,
      "line": 8,
      "label": "String userInput = request.getParameter('input')"
    },
    {
      "id": 2,
      "line": 9,
      "label": "response.getWriter().write('<p>User input: ' + userInput + '</p>')"
    }
  ],

  "edges": [
    {
      "id": 0,
      "source": 0,
      "target": 1,
      "label": ""
    },
    {
      "id": 1,
      "source": 1,
      "target": 2,
      "label": ""
    }
  ]
}
