{
  "directed": true,
  "multigraph": true,
  "label": "CFG of 14337.java",
  "type": "Control Flow Graph (CFG)",
  "file": "14337.java",
  "package": "",

  "nodes": [
    {
      "id": 0,
      "line": 7,
      "label": "void main(String[] args)"
    },
    {
      "id": 1,
      "line": 8,
      "label": "BufferedReader reader = new BufferedReader(new InputStreamReader(System.in))"
    },
    {
      "id": 2,
      "line": 10,
      "label": "System.out.print('Enter a file name to display: ')"
    },
    {
      "id": 3,
      "line": 11,
      "label": "String fileName = reader.readLine()"
    },
    {
      "id": 4,
      "line": 14,
      "label": "Process process = Runtime.getRuntime().exec('cat ' + fileName)"
    },
    {
      "id": 5,
      "line": 16,
      "label": "BufferedReader inputReader = new BufferedReader(new InputStreamReader(process.getInputStream()))"
    },
    {
      "id": 6,
      "line": 17,
      "label": "String line"
    },
    {
      "id": 7,
      "line": 19,
      "label": "while ((line = inputReader.readLine()) != null)"
    },
    {
      "id": 8,
      "line": 0,
      "label": "endwhile"
    },
    {
      "id": 9,
      "line": 20,
      "label": "System.out.println(line)"
    }
  ],

  "edges": [
    {
      "id": 0,
      "source": 0,
      "target": 1,
      "label": ""
    },
    {
      "id": 1,
      "source": 1,
      "target": 2,
      "label": ""
    },
    {
      "id": 2,
      "source": 2,
      "target": 3,
      "label": ""
    },
    {
      "id": 3,
      "source": 3,
      "target": 4,
      "label": ""
    },
    {
      "id": 4,
      "source": 4,
      "target": 5,
      "label": ""
    },
    {
      "id": 5,
      "source": 5,
      "target": 6,
      "label": ""
    },
    {
      "id": 6,
      "source": 6,
      "target": 7,
      "label": ""
    },
    {
      "id": 7,
      "source": 7,
      "target": 8,
      "label": "False"
    },
    {
      "id": 8,
      "source": 7,
      "target": 9,
      "label": "True"
    },
    {
      "id": 9,
      "source": 9,
      "target": 7,
      "label": ""
    }
  ]
}
