{
  "directed": true,
  "multigraph": true,
  "label": "CFG of 15439.java",
  "type": "Control Flow Graph (CFG)",
  "file": "15439.java",
  "package": "",

  "nodes": [
    {
      "id": 0,
      "line": 7,
      "label": "void main(String[] args)"
    },
    {
      "id": 1,
      "line": 8,
      "label": "String fileName = args[0]"
    },
    {
      "id": 2,
      "line": 9,
      "label": "String directory = '/path/to/some/directory/'"
    },
    {
      "id": 3,
      "line": 11,
      "label": "try"
    },
    {
      "id": 4,
      "line": 0,
      "label": "end-try"
    },
    {
      "id": 5,
      "line": 12,
      "label": "File file = new File(directory + fileName)"
    },
    {
      "id": 6,
      "line": 13,
      "label": "FileInputStream fis = new FileInputStream(file)"
    },
    {
      "id": 7,
      "line": 16,
      "label": "byte[] data = new byte[(int) file.length()]"
    },
    {
      "id": 8,
      "line": 17,
      "label": "fis.read(data)"
    },
    {
      "id": 9,
      "line": 19,
      "label": "System.out.println(new String(data))"
    },
    {
      "id": 10,
      "line": 21,
      "label": "fis.close()"
    },
    {
      "id": 11,
      "line": 0,
      "label": "end-catch"
    },
    {
      "id": 12,
      "line": 22,
      "label": "catch (IOException e)"
    },
    {
      "id": 13,
      "line": 23,
      "label": "System.err.println('Error reading file: ' + e.getMessage())"
    }
  ],

  "edges": [
    {
      "id": 0,
      "source": 0,
      "target": 1,
      "label": ""
    },
    {
      "id": 1,
      "source": 1,
      "target": 2,
      "label": ""
    },
    {
      "id": 2,
      "source": 2,
      "target": 3,
      "label": ""
    },
    {
      "id": 3,
      "source": 3,
      "target": 5,
      "label": ""
    },
    {
      "id": 4,
      "source": 5,
      "target": 6,
      "label": ""
    },
    {
      "id": 5,
      "source": 6,
      "target": 7,
      "label": ""
    },
    {
      "id": 6,
      "source": 7,
      "target": 8,
      "label": ""
    },
    {
      "id": 7,
      "source": 8,
      "target": 9,
      "label": ""
    },
    {
      "id": 8,
      "source": 9,
      "target": 10,
      "label": ""
    },
    {
      "id": 9,
      "source": 10,
      "target": 4,
      "label": ""
    },
    {
      "id": 10,
      "source": 4,
      "target": 12,
      "label": "Throws"
    },
    {
      "id": 11,
      "source": 12,
      "target": 13,
      "label": ""
    },
    {
      "id": 12,
      "source": 13,
      "target": 11,
      "label": ""
    },
    {
      "id": 13,
      "source": 11,
      "target": 4,
      "label": ""
    }
  ]
}
