{
  "directed": true,
  "multigraph": true,
  "label": "CFG of 15530.java",
  "type": "Control Flow Graph (CFG)",
  "file": "15530.java",
  "package": "",

  "nodes": [
    {
      "id": 0,
      "line": 8,
      "label": "void main(String[] args)"
    },
    {
      "id": 1,
      "line": 9,
      "label": "String userInput = args[0]"
    },
    {
      "id": 2,
      "line": 11,
      "label": "String basePath = '/home/user/documents/'"
    },
    {
      "id": 3,
      "line": 13,
      "label": "String filePath = basePath + userInput"
    },
    {
      "id": 4,
      "line": 15,
      "label": "try"
    },
    {
      "id": 5,
      "line": 0,
      "label": "end-try"
    },
    {
      "id": 6,
      "line": 16,
      "label": "File file = new File(filePath)"
    },
    {
      "id": 7,
      "line": 17,
      "label": "if (file.exists())"
    },
    {
      "id": 8,
      "line": 18,
      "label": "byte[] fileContent = Files.readAllBytes(Paths.get(filePath))"
    },
    {
      "id": 9,
      "line": 19,
      "label": "System.out.println(new String(fileContent))"
    },
    {
      "id": 10,
      "line": 0,
      "label": "endif"
    },
    {
      "id": 11,
      "line": 21,
      "label": "System.out.println('File not found.')"
    },
    {
      "id": 12,
      "line": 0,
      "label": "end-catch"
    },
    {
      "id": 13,
      "line": 23,
      "label": "catch (IOException e)"
    },
    {
      "id": 14,
      "line": 24,
      "label": "e.printStackTrace()"
    }
  ],

  "edges": [
    {
      "id": 0,
      "source": 0,
      "target": 1,
      "label": ""
    },
    {
      "id": 1,
      "source": 1,
      "target": 2,
      "label": ""
    },
    {
      "id": 2,
      "source": 2,
      "target": 3,
      "label": ""
    },
    {
      "id": 3,
      "source": 3,
      "target": 4,
      "label": ""
    },
    {
      "id": 4,
      "source": 4,
      "target": 6,
      "label": ""
    },
    {
      "id": 5,
      "source": 6,
      "target": 7,
      "label": ""
    },
    {
      "id": 6,
      "source": 7,
      "target": 8,
      "label": "True"
    },
    {
      "id": 7,
      "source": 8,
      "target": 9,
      "label": ""
    },
    {
      "id": 8,
      "source": 9,
      "target": 10,
      "label": ""
    },
    {
      "id": 9,
      "source": 7,
      "target": 11,
      "label": "False"
    },
    {
      "id": 10,
      "source": 11,
      "target": 10,
      "label": ""
    },
    {
      "id": 11,
      "source": 10,
      "target": 5,
      "label": ""
    },
    {
      "id": 12,
      "source": 5,
      "target": 13,
      "label": "Throws"
    },
    {
      "id": 13,
      "source": 13,
      "target": 14,
      "label": ""
    },
    {
      "id": 14,
      "source": 14,
      "target": 12,
      "label": ""
    },
    {
      "id": 15,
      "source": 12,
      "target": 5,
      "label": ""
    }
  ]
}
