{
  "directed": true,
  "multigraph": true,
  "label": "CFG of 15757.java",
  "type": "Control Flow Graph (CFG)",
  "file": "15757.java",
  "package": "",

  "nodes": [
    {
      "id": 0,
      "line": 7,
      "label": "void main(String[] args)"
    },
    {
      "id": 1,
      "line": 8,
      "label": "Scanner scanner = new Scanner(System.in)"
    },
    {
      "id": 2,
      "line": 9,
      "label": "System.out.print('Enter a file name: ')"
    },
    {
      "id": 3,
      "line": 10,
      "label": "String fileName = scanner.nextLine()"
    },
    {
      "id": 4,
      "line": 12,
      "label": "try"
    },
    {
      "id": 5,
      "line": 0,
      "label": "end-try"
    },
    {
      "id": 6,
      "line": 13,
      "label": "File file = new File('/path/to/directory/' + fileName)"
    },
    {
      "id": 7,
      "line": 14,
      "label": "if (file.exists())"
    },
    {
      "id": 8,
      "line": 15,
      "label": "System.out.println('File contents:')"
    },
    {
      "id": 9,
      "line": 16,
      "label": "Scanner fileScanner = new Scanner(file)"
    },
    {
      "id": 10,
      "line": 17,
      "label": "while (fileScanner.hasNextLine())"
    },
    {
      "id": 11,
      "line": 0,
      "label": "endwhile"
    },
    {
      "id": 12,
      "line": 18,
      "label": "System.out.println(fileScanner.nextLine())"
    },
    {
      "id": 13,
      "line": 20,
      "label": "fileScanner.close()"
    },
    {
      "id": 14,
      "line": 0,
      "label": "endif"
    },
    {
      "id": 15,
      "line": 22,
      "label": "System.out.println('File not found.')"
    },
    {
      "id": 16,
      "line": 0,
      "label": "end-catch"
    },
    {
      "id": 17,
      "line": 24,
      "label": "catch (IOException e)"
    },
    {
      "id": 18,
      "line": 25,
      "label": "System.out.println('Error reading the file.')"
    }
  ],

  "edges": [
    {
      "id": 0,
      "source": 0,
      "target": 1,
      "label": ""
    },
    {
      "id": 1,
      "source": 1,
      "target": 2,
      "label": ""
    },
    {
      "id": 2,
      "source": 2,
      "target": 3,
      "label": ""
    },
    {
      "id": 3,
      "source": 3,
      "target": 4,
      "label": ""
    },
    {
      "id": 4,
      "source": 4,
      "target": 6,
      "label": ""
    },
    {
      "id": 5,
      "source": 6,
      "target": 7,
      "label": ""
    },
    {
      "id": 6,
      "source": 7,
      "target": 8,
      "label": "True"
    },
    {
      "id": 7,
      "source": 8,
      "target": 9,
      "label": ""
    },
    {
      "id": 8,
      "source": 9,
      "target": 10,
      "label": ""
    },
    {
      "id": 9,
      "source": 10,
      "target": 11,
      "label": "False"
    },
    {
      "id": 10,
      "source": 10,
      "target": 12,
      "label": "True"
    },
    {
      "id": 11,
      "source": 12,
      "target": 10,
      "label": ""
    },
    {
      "id": 12,
      "source": 11,
      "target": 13,
      "label": ""
    },
    {
      "id": 13,
      "source": 13,
      "target": 14,
      "label": ""
    },
    {
      "id": 14,
      "source": 7,
      "target": 15,
      "label": "False"
    },
    {
      "id": 15,
      "source": 15,
      "target": 14,
      "label": ""
    },
    {
      "id": 16,
      "source": 14,
      "target": 5,
      "label": ""
    },
    {
      "id": 17,
      "source": 5,
      "target": 17,
      "label": "Throws"
    },
    {
      "id": 18,
      "source": 17,
      "target": 18,
      "label": ""
    },
    {
      "id": 19,
      "source": 18,
      "target": 16,
      "label": ""
    },
    {
      "id": 20,
      "source": 16,
      "target": 5,
      "label": ""
    }
  ]
}
