{
  "directed": true,
  "multigraph": true,
  "label": "CFG of 16056.java",
  "type": "Control Flow Graph (CFG)",
  "file": "16056.java",
  "package": "",

  "nodes": [
    {
      "id": 0,
      "line": 4,
      "label": "void main(String[] args)"
    },
    {
      "id": 1,
      "line": 5,
      "label": "String userInput = 'serialized_object_here'"
    },
    {
      "id": 2,
      "line": 7,
      "label": "try"
    },
    {
      "id": 3,
      "line": 0,
      "label": "end-try"
    },
    {
      "id": 4,
      "line": 8,
      "label": "byte[] serializedObject = userInput.getBytes()"
    },
    {
      "id": 5,
      "line": 9,
      "label": "ByteArrayInputStream bis = new ByteArrayInputStream(serializedObject)"
    },
    {
      "id": 6,
      "line": 10,
      "label": "ObjectInputStream ois = new ObjectInputStream(bis)"
    },
    {
      "id": 7,
      "line": 12,
      "label": "Object obj = ois.readObject()"
    },
    {
      "id": 8,
      "line": 13,
      "label": "System.out.println('Deserialized object: ' + obj)"
    },
    {
      "id": 9,
      "line": 0,
      "label": "end-catch"
    },
    {
      "id": 10,
      "line": 15,
      "label": "catch (IOException|ClassNotFoundException e)"
    },
    {
      "id": 11,
      "line": 16,
      "label": "e.printStackTrace()"
    }
  ],

  "edges": [
    {
      "id": 0,
      "source": 0,
      "target": 1,
      "label": ""
    },
    {
      "id": 1,
      "source": 1,
      "target": 2,
      "label": ""
    },
    {
      "id": 2,
      "source": 2,
      "target": 4,
      "label": ""
    },
    {
      "id": 3,
      "source": 4,
      "target": 5,
      "label": ""
    },
    {
      "id": 4,
      "source": 5,
      "target": 6,
      "label": ""
    },
    {
      "id": 5,
      "source": 6,
      "target": 7,
      "label": ""
    },
    {
      "id": 6,
      "source": 7,
      "target": 8,
      "label": ""
    },
    {
      "id": 7,
      "source": 8,
      "target": 3,
      "label": ""
    },
    {
      "id": 8,
      "source": 3,
      "target": 10,
      "label": "Throws"
    },
    {
      "id": 9,
      "source": 10,
      "target": 11,
      "label": ""
    },
    {
      "id": 10,
      "source": 11,
      "target": 9,
      "label": ""
    },
    {
      "id": 11,
      "source": 9,
      "target": 3,
      "label": ""
    }
  ]
}
