{
  "directed": true,
  "multigraph": true,
  "label": "CFG of 17651.java",
  "type": "Control Flow Graph (CFG)",
  "file": "17651.java",
  "package": "",

  "nodes": [
    {
      "id": 0,
      "line": 9,
      "label": "void doGet(HttpServletRequest request, HttpServletResponse response)"
    },
    {
      "id": 1,
      "line": 10,
      "label": "String userInput = request.getParameter('input')"
    },
    {
      "id": 2,
      "line": 12,
      "label": "response.setContentType('text/html')"
    },
    {
      "id": 3,
      "line": 13,
      "label": "PrintWriter out = response.getWriter()"
    },
    {
      "id": 4,
      "line": 15,
      "label": "out.println('<html>')"
    },
    {
      "id": 5,
      "line": 16,
      "label": "out.println('<head><title>XSS Vulnerable Page</title></head>')"
    },
    {
      "id": 6,
      "line": 17,
      "label": "out.println('<body>')"
    },
    {
      "id": 7,
      "line": 18,
      "label": "out.println('<h1>User Input: ' + userInput + '</h1>')"
    },
    {
      "id": 8,
      "line": 19,
      "label": "out.println('</body>')"
    },
    {
      "id": 9,
      "line": 20,
      "label": "out.println('</html>')"
    }
  ],

  "edges": [
    {
      "id": 0,
      "source": 0,
      "target": 1,
      "label": ""
    },
    {
      "id": 1,
      "source": 1,
      "target": 2,
      "label": ""
    },
    {
      "id": 2,
      "source": 2,
      "target": 3,
      "label": ""
    },
    {
      "id": 3,
      "source": 3,
      "target": 4,
      "label": ""
    },
    {
      "id": 4,
      "source": 4,
      "target": 5,
      "label": ""
    },
    {
      "id": 5,
      "source": 5,
      "target": 6,
      "label": ""
    },
    {
      "id": 6,
      "source": 6,
      "target": 7,
      "label": ""
    },
    {
      "id": 7,
      "source": 7,
      "target": 8,
      "label": ""
    },
    {
      "id": 8,
      "source": 8,
      "target": 9,
      "label": ""
    }
  ]
}
