{
  "directed": true,
  "multigraph": true,
  "label": "CFG of 17758.java",
  "type": "Control Flow Graph (CFG)",
  "file": "17758.java",
  "package": "",

  "nodes": [
    {
      "id": 0,
      "line": 6,
      "label": "void main(String[] args)"
    },
    {
      "id": 1,
      "line": 7,
      "label": "String userInput = '<script>alert('XSS Attack!')</script>'"
    },
    {
      "id": 2,
      "line": 10,
      "label": "PrintWriter out = new PrintWriter(System.out)"
    },
    {
      "id": 3,
      "line": 11,
      "label": "out.println('<p>Welcome, ' + userInput + '</p>')"
    },
    {
      "id": 4,
      "line": 12,
      "label": "out.flush()"
    }
  ],

  "edges": [
    {
      "id": 0,
      "source": 0,
      "target": 1,
      "label": ""
    },
    {
      "id": 1,
      "source": 1,
      "target": 2,
      "label": ""
    },
    {
      "id": 2,
      "source": 2,
      "target": 3,
      "label": ""
    },
    {
      "id": 3,
      "source": 3,
      "target": 4,
      "label": ""
    }
  ]
}
