{
  "directed": true,
  "multigraph": true,
  "label": "CFG of 19072.java",
  "type": "Control Flow Graph (CFG)",
  "file": "19072.java",
  "package": "",

  "nodes": [
    {
      "id": 0,
      "line": 7,
      "label": "void main(String[] args)"
    },
    {
      "id": 1,
      "line": 8,
      "label": "BufferedReader reader = new BufferedReader(new InputStreamReader(System.in))"
    },
    {
      "id": 2,
      "line": 10,
      "label": "System.out.print('Enter a website to ping: ')"
    },
    {
      "id": 3,
      "line": 11,
      "label": "String userInput = reader.readLine()"
    },
    {
      "id": 4,
      "line": 14,
      "label": "String command = 'ping ' + userInput"
    },
    {
      "id": 5,
      "line": 16,
      "label": "Process process = Runtime.getRuntime().exec(command)"
    },
    {
      "id": 6,
      "line": 18,
      "label": "BufferedReader outputReader = new BufferedReader(new InputStreamReader(process.getInputStream()))"
    },
    {
      "id": 7,
      "line": 19,
      "label": "String line"
    },
    {
      "id": 8,
      "line": 20,
      "label": "while ((line = outputReader.readLine()) != null)"
    },
    {
      "id": 9,
      "line": 0,
      "label": "endwhile"
    },
    {
      "id": 10,
      "line": 21,
      "label": "System.out.println(line)"
    },
    {
      "id": 11,
      "line": 24,
      "label": "process.destroy()"
    }
  ],

  "edges": [
    {
      "id": 0,
      "source": 0,
      "target": 1,
      "label": ""
    },
    {
      "id": 1,
      "source": 1,
      "target": 2,
      "label": ""
    },
    {
      "id": 2,
      "source": 2,
      "target": 3,
      "label": ""
    },
    {
      "id": 3,
      "source": 3,
      "target": 4,
      "label": ""
    },
    {
      "id": 4,
      "source": 4,
      "target": 5,
      "label": ""
    },
    {
      "id": 5,
      "source": 5,
      "target": 6,
      "label": ""
    },
    {
      "id": 6,
      "source": 6,
      "target": 7,
      "label": ""
    },
    {
      "id": 7,
      "source": 7,
      "target": 8,
      "label": ""
    },
    {
      "id": 8,
      "source": 8,
      "target": 9,
      "label": "False"
    },
    {
      "id": 9,
      "source": 8,
      "target": 10,
      "label": "True"
    },
    {
      "id": 10,
      "source": 10,
      "target": 8,
      "label": ""
    },
    {
      "id": 11,
      "source": 9,
      "target": 11,
      "label": ""
    }
  ]
}
