{
  "directed": true,
  "multigraph": true,
  "label": "CFG of 19073.java",
  "type": "Control Flow Graph (CFG)",
  "file": "19073.java",
  "package": "",

  "nodes": [
    {
      "id": 0,
      "line": 7,
      "label": "void main(String[] args)"
    },
    {
      "id": 1,
      "line": 8,
      "label": "BufferedReader reader = new BufferedReader(new InputStreamReader(System.in))"
    },
    {
      "id": 2,
      "line": 10,
      "label": "System.out.print('Enter a command to execute: ')"
    },
    {
      "id": 3,
      "line": 11,
      "label": "String userInput = reader.readLine()"
    },
    {
      "id": 4,
      "line": 14,
      "label": "Runtime.getRuntime().exec(userInput)"
    }
  ],

  "edges": [
    {
      "id": 0,
      "source": 0,
      "target": 1,
      "label": ""
    },
    {
      "id": 1,
      "source": 1,
      "target": 2,
      "label": ""
    },
    {
      "id": 2,
      "source": 2,
      "target": 3,
      "label": ""
    },
    {
      "id": 3,
      "source": 3,
      "target": 4,
      "label": ""
    }
  ]
}
