{
  "directed": true,
  "multigraph": true,
  "label": "CFG of 19287.java",
  "type": "Control Flow Graph (CFG)",
  "file": "19287.java",
  "package": "",

  "nodes": [
    {
      "id": 0,
      "line": 7,
      "label": "void main(String[] args)"
    },
    {
      "id": 1,
      "line": 8,
      "label": "String fileName = args[0]"
    },
    {
      "id": 2,
      "line": 10,
      "label": "try"
    },
    {
      "id": 3,
      "line": 0,
      "label": "end-try"
    },
    {
      "id": 4,
      "line": 11,
      "label": "BufferedReader reader = new BufferedReader(new FileReader(fileName))"
    },
    {
      "id": 5,
      "line": 12,
      "label": "String line"
    },
    {
      "id": 6,
      "line": 13,
      "label": "while ((line = reader.readLine()) != null)"
    },
    {
      "id": 7,
      "line": 0,
      "label": "endwhile"
    },
    {
      "id": 8,
      "line": 14,
      "label": "System.out.println(line)"
    },
    {
      "id": 9,
      "line": 16,
      "label": "reader.close()"
    },
    {
      "id": 10,
      "line": 0,
      "label": "end-catch"
    },
    {
      "id": 11,
      "line": 17,
      "label": "catch (IOException e)"
    },
    {
      "id": 12,
      "line": 18,
      "label": "System.err.println('Error reading file: ' + e.getMessage())"
    }
  ],

  "edges": [
    {
      "id": 0,
      "source": 0,
      "target": 1,
      "label": ""
    },
    {
      "id": 1,
      "source": 1,
      "target": 2,
      "label": ""
    },
    {
      "id": 2,
      "source": 2,
      "target": 4,
      "label": ""
    },
    {
      "id": 3,
      "source": 4,
      "target": 5,
      "label": ""
    },
    {
      "id": 4,
      "source": 5,
      "target": 6,
      "label": ""
    },
    {
      "id": 5,
      "source": 6,
      "target": 7,
      "label": "False"
    },
    {
      "id": 6,
      "source": 6,
      "target": 8,
      "label": "True"
    },
    {
      "id": 7,
      "source": 8,
      "target": 6,
      "label": ""
    },
    {
      "id": 8,
      "source": 7,
      "target": 9,
      "label": ""
    },
    {
      "id": 9,
      "source": 9,
      "target": 3,
      "label": ""
    },
    {
      "id": 10,
      "source": 3,
      "target": 11,
      "label": "Throws"
    },
    {
      "id": 11,
      "source": 11,
      "target": 12,
      "label": ""
    },
    {
      "id": 12,
      "source": 12,
      "target": 10,
      "label": ""
    },
    {
      "id": 13,
      "source": 10,
      "target": 3,
      "label": ""
    }
  ]
}
