{
  "directed": true,
  "multigraph": true,
  "label": "CFG of 19649.java",
  "type": "Control Flow Graph (CFG)",
  "file": "19649.java",
  "package": "",

  "nodes": [
    {
      "id": 0,
      "line": 7,
      "label": "void main(String[] args)"
    },
    {
      "id": 1,
      "line": 8,
      "label": "String userInput = '../secret.txt'"
    },
    {
      "id": 2,
      "line": 9,
      "label": "String basePath = '/var/www/data/'"
    },
    {
      "id": 3,
      "line": 11,
      "label": "File file = new File(basePath + userInput)"
    },
    {
      "id": 4,
      "line": 12,
      "label": "if (file.exists())"
    },
    {
      "id": 5,
      "line": 13,
      "label": "byte[] fileContent = Files.readAllBytes(file.toPath())"
    },
    {
      "id": 6,
      "line": 14,
      "label": "System.out.println(new String(fileContent))"
    },
    {
      "id": 7,
      "line": 0,
      "label": "endif"
    },
    {
      "id": 8,
      "line": 16,
      "label": "System.out.println('File not found')"
    }
  ],

  "edges": [
    {
      "id": 0,
      "source": 0,
      "target": 1,
      "label": ""
    },
    {
      "id": 1,
      "source": 1,
      "target": 2,
      "label": ""
    },
    {
      "id": 2,
      "source": 2,
      "target": 3,
      "label": ""
    },
    {
      "id": 3,
      "source": 3,
      "target": 4,
      "label": ""
    },
    {
      "id": 4,
      "source": 4,
      "target": 5,
      "label": "True"
    },
    {
      "id": 5,
      "source": 5,
      "target": 6,
      "label": ""
    },
    {
      "id": 6,
      "source": 6,
      "target": 7,
      "label": ""
    },
    {
      "id": 7,
      "source": 4,
      "target": 8,
      "label": "False"
    },
    {
      "id": 8,
      "source": 8,
      "target": 7,
      "label": ""
    }
  ]
}
