{
  "directed": true,
  "multigraph": true,
  "label": "CFG of 20001.java",
  "type": "Control Flow Graph (CFG)",
  "file": "20001.java",
  "package": "",

  "nodes": [
    {
      "id": 0,
      "line": 7,
      "label": "void main(String[] args)"
    },
    {
      "id": 1,
      "line": 8,
      "label": "Scanner scanner = new Scanner(System.in)"
    },
    {
      "id": 2,
      "line": 9,
      "label": "System.out.print('Enter the file name: ')"
    },
    {
      "id": 3,
      "line": 10,
      "label": "String fileName = scanner.nextLine()"
    },
    {
      "id": 4,
      "line": 13,
      "label": "String directory = 'C:/data/'"
    },
    {
      "id": 5,
      "line": 14,
      "label": "String fullPath = directory + fileName"
    },
    {
      "id": 6,
      "line": 16,
      "label": "try"
    },
    {
      "id": 7,
      "line": 0,
      "label": "end-try"
    },
    {
      "id": 8,
      "line": 17,
      "label": "File file = new File(fullPath)"
    },
    {
      "id": 9,
      "line": 18,
      "label": "FileInputStream fis = new FileInputStream(file)"
    },
    {
      "id": 10,
      "line": 19,
      "label": "byte[] data = new byte[(int) file.length()]"
    },
    {
      "id": 11,
      "line": 20,
      "label": "fis.read(data)"
    },
    {
      "id": 12,
      "line": 21,
      "label": "fis.close()"
    },
    {
      "id": 13,
      "line": 23,
      "label": "String content = new String(data)"
    },
    {
      "id": 14,
      "line": 24,
      "label": "System.out.println('File content: ' + content)"
    },
    {
      "id": 15,
      "line": 0,
      "label": "end-catch"
    },
    {
      "id": 16,
      "line": 25,
      "label": "catch (IOException e)"
    },
    {
      "id": 17,
      "line": 26,
      "label": "System.out.println('Error reading file: ' + e.getMessage())"
    }
  ],

  "edges": [
    {
      "id": 0,
      "source": 0,
      "target": 1,
      "label": ""
    },
    {
      "id": 1,
      "source": 1,
      "target": 2,
      "label": ""
    },
    {
      "id": 2,
      "source": 2,
      "target": 3,
      "label": ""
    },
    {
      "id": 3,
      "source": 3,
      "target": 4,
      "label": ""
    },
    {
      "id": 4,
      "source": 4,
      "target": 5,
      "label": ""
    },
    {
      "id": 5,
      "source": 5,
      "target": 6,
      "label": ""
    },
    {
      "id": 6,
      "source": 6,
      "target": 8,
      "label": ""
    },
    {
      "id": 7,
      "source": 8,
      "target": 9,
      "label": ""
    },
    {
      "id": 8,
      "source": 9,
      "target": 10,
      "label": ""
    },
    {
      "id": 9,
      "source": 10,
      "target": 11,
      "label": ""
    },
    {
      "id": 10,
      "source": 11,
      "target": 12,
      "label": ""
    },
    {
      "id": 11,
      "source": 12,
      "target": 13,
      "label": ""
    },
    {
      "id": 12,
      "source": 13,
      "target": 14,
      "label": ""
    },
    {
      "id": 13,
      "source": 14,
      "target": 7,
      "label": ""
    },
    {
      "id": 14,
      "source": 7,
      "target": 16,
      "label": "Throws"
    },
    {
      "id": 15,
      "source": 16,
      "target": 17,
      "label": ""
    },
    {
      "id": 16,
      "source": 17,
      "target": 15,
      "label": ""
    },
    {
      "id": 17,
      "source": 15,
      "target": 7,
      "label": ""
    }
  ]
}
