{
  "directed": true,
  "multigraph": true,
  "label": "CFG of 20093.java",
  "type": "Control Flow Graph (CFG)",
  "file": "20093.java",
  "package": "",

  "nodes": [
    {
      "id": 0,
      "line": 7,
      "label": "void main(String[] args)"
    },
    {
      "id": 1,
      "line": 8,
      "label": "String userInput = '../secretFile.txt'"
    },
    {
      "id": 2,
      "line": 10,
      "label": "String filePath = '/var/www/files/' + userInput"
    },
    {
      "id": 3,
      "line": 12,
      "label": "try"
    },
    {
      "id": 4,
      "line": 12,
      "label": "BufferedReader br = new BufferedReader(new FileReader(filePath))"
    },
    {
      "id": 5,
      "line": 0,
      "label": "end-try"
    },
    {
      "id": 6,
      "line": 13,
      "label": "String line"
    },
    {
      "id": 7,
      "line": 14,
      "label": "while ((line = br.readLine()) != null)"
    },
    {
      "id": 8,
      "line": 0,
      "label": "endwhile"
    },
    {
      "id": 9,
      "line": 15,
      "label": "System.out.println(line)"
    },
    {
      "id": 10,
      "line": 0,
      "label": "end-catch"
    },
    {
      "id": 11,
      "line": 17,
      "label": "catch (IOException e)"
    },
    {
      "id": 12,
      "line": 18,
      "label": "System.err.println('Error reading file: ' + e.getMessage())"
    }
  ],

  "edges": [
    {
      "id": 0,
      "source": 0,
      "target": 1,
      "label": ""
    },
    {
      "id": 1,
      "source": 1,
      "target": 2,
      "label": ""
    },
    {
      "id": 2,
      "source": 2,
      "target": 3,
      "label": ""
    },
    {
      "id": 3,
      "source": 3,
      "target": 4,
      "label": ""
    },
    {
      "id": 4,
      "source": 4,
      "target": 6,
      "label": ""
    },
    {
      "id": 5,
      "source": 6,
      "target": 7,
      "label": ""
    },
    {
      "id": 6,
      "source": 7,
      "target": 8,
      "label": "False"
    },
    {
      "id": 7,
      "source": 7,
      "target": 9,
      "label": "True"
    },
    {
      "id": 8,
      "source": 9,
      "target": 7,
      "label": ""
    },
    {
      "id": 9,
      "source": 8,
      "target": 5,
      "label": ""
    },
    {
      "id": 10,
      "source": 5,
      "target": 11,
      "label": "Throws"
    },
    {
      "id": 11,
      "source": 11,
      "target": 12,
      "label": ""
    },
    {
      "id": 12,
      "source": 12,
      "target": 10,
      "label": ""
    },
    {
      "id": 13,
      "source": 10,
      "target": 5,
      "label": ""
    }
  ]
}
