{
  "directed": true,
  "multigraph": true,
  "label": "CFG of 20108.java",
  "type": "Control Flow Graph (CFG)",
  "file": "20108.java",
  "package": "",

  "nodes": [
    {
      "id": 0,
      "line": 8,
      "label": "void main(String[] args)"
    },
    {
      "id": 1,
      "line": 9,
      "label": "String userInput = '../../../../../etc/passwd'"
    },
    {
      "id": 2,
      "line": 10,
      "label": "String basePath = '/var/data/'"
    },
    {
      "id": 3,
      "line": 12,
      "label": "String filePath = basePath + userInput"
    },
    {
      "id": 4,
      "line": 14,
      "label": "try"
    },
    {
      "id": 5,
      "line": 0,
      "label": "end-try"
    },
    {
      "id": 6,
      "line": 15,
      "label": "File file = new File(filePath)"
    },
    {
      "id": 7,
      "line": 16,
      "label": "if (file.exists())"
    },
    {
      "id": 8,
      "line": 17,
      "label": "byte[] fileData = Files.readAllBytes(Paths.get(filePath))"
    },
    {
      "id": 9,
      "line": 18,
      "label": "String fileContent = new String(fileData)"
    },
    {
      "id": 10,
      "line": 19,
      "label": "System.out.println('File content: ' + fileContent)"
    },
    {
      "id": 11,
      "line": 0,
      "label": "endif"
    },
    {
      "id": 12,
      "line": 21,
      "label": "System.out.println('File not found.')"
    },
    {
      "id": 13,
      "line": 0,
      "label": "end-catch"
    },
    {
      "id": 14,
      "line": 23,
      "label": "catch (IOException e)"
    },
    {
      "id": 15,
      "line": 24,
      "label": "System.out.println('Error reading file: ' + e.getMessage())"
    }
  ],

  "edges": [
    {
      "id": 0,
      "source": 0,
      "target": 1,
      "label": ""
    },
    {
      "id": 1,
      "source": 1,
      "target": 2,
      "label": ""
    },
    {
      "id": 2,
      "source": 2,
      "target": 3,
      "label": ""
    },
    {
      "id": 3,
      "source": 3,
      "target": 4,
      "label": ""
    },
    {
      "id": 4,
      "source": 4,
      "target": 6,
      "label": ""
    },
    {
      "id": 5,
      "source": 6,
      "target": 7,
      "label": ""
    },
    {
      "id": 6,
      "source": 7,
      "target": 8,
      "label": "True"
    },
    {
      "id": 7,
      "source": 8,
      "target": 9,
      "label": ""
    },
    {
      "id": 8,
      "source": 9,
      "target": 10,
      "label": ""
    },
    {
      "id": 9,
      "source": 10,
      "target": 11,
      "label": ""
    },
    {
      "id": 10,
      "source": 7,
      "target": 12,
      "label": "False"
    },
    {
      "id": 11,
      "source": 12,
      "target": 11,
      "label": ""
    },
    {
      "id": 12,
      "source": 11,
      "target": 5,
      "label": ""
    },
    {
      "id": 13,
      "source": 5,
      "target": 14,
      "label": "Throws"
    },
    {
      "id": 14,
      "source": 14,
      "target": 15,
      "label": ""
    },
    {
      "id": 15,
      "source": 15,
      "target": 13,
      "label": ""
    },
    {
      "id": 16,
      "source": 13,
      "target": 5,
      "label": ""
    }
  ]
}
