{
  "directed": true,
  "multigraph": true,
  "label": "CFG of 21134.java",
  "type": "Control Flow Graph (CFG)",
  "file": "21134.java",
  "package": "",

  "nodes": [
    {
      "id": 0,
      "line": 4,
      "label": "void main(String[] args)"
    },
    {
      "id": 1,
      "line": 5,
      "label": "Scanner scanner = new Scanner(System.in)"
    },
    {
      "id": 2,
      "line": 6,
      "label": "System.out.print('Enter a string: ')"
    },
    {
      "id": 3,
      "line": 7,
      "label": "String input = scanner.nextLine()"
    },
    {
      "id": 4,
      "line": 9,
      "label": "char[] buffer = new char[10]"
    },
    {
      "id": 5,
      "line": 10,
      "label": "int length = input.length()"
    },
    {
      "id": 6,
      "line": 12,
      "label": "if (length <= 10)"
    },
    {
      "id": 7,
      "line": 13,
      "label": "input.getChars(0, length, buffer, 0)"
    },
    {
      "id": 8,
      "line": 14,
      "label": "System.out.println('Input: ' + new String(buffer))"
    },
    {
      "id": 9,
      "line": 0,
      "label": "endif"
    },
    {
      "id": 10,
      "line": 16,
      "label": "System.out.println('Input exceeds buffer size.')"
    }
  ],

  "edges": [
    {
      "id": 0,
      "source": 0,
      "target": 1,
      "label": ""
    },
    {
      "id": 1,
      "source": 1,
      "target": 2,
      "label": ""
    },
    {
      "id": 2,
      "source": 2,
      "target": 3,
      "label": ""
    },
    {
      "id": 3,
      "source": 3,
      "target": 4,
      "label": ""
    },
    {
      "id": 4,
      "source": 4,
      "target": 5,
      "label": ""
    },
    {
      "id": 5,
      "source": 5,
      "target": 6,
      "label": ""
    },
    {
      "id": 6,
      "source": 6,
      "target": 7,
      "label": "True"
    },
    {
      "id": 7,
      "source": 7,
      "target": 8,
      "label": ""
    },
    {
      "id": 8,
      "source": 8,
      "target": 9,
      "label": ""
    },
    {
      "id": 9,
      "source": 6,
      "target": 10,
      "label": "False"
    },
    {
      "id": 10,
      "source": 10,
      "target": 9,
      "label": ""
    }
  ]
}
