{
  "directed": true,
  "multigraph": true,
  "label": "CFG of 2161.java",
  "type": "Control Flow Graph (CFG)",
  "file": "2161.java",
  "package": "",

  "nodes": [
    {
      "id": 0,
      "line": 5,
      "label": "void main(String[] args)"
    },
    {
      "id": 1,
      "line": 6,
      "label": "String username = args[0]"
    },
    {
      "id": 2,
      "line": 7,
      "label": "String password = args[1]"
    },
    {
      "id": 3,
      "line": 9,
      "label": "try"
    },
    {
      "id": 4,
      "line": 0,
      "label": "end-try"
    },
    {
      "id": 5,
      "line": 10,
      "label": "Connection conn = DriverManager.getConnection('jdbc:mysql://localhost:3306/mydatabase', 'root', 'password')"
    },
    {
      "id": 6,
      "line": 11,
      "label": "Statement stmt = conn.createStatement()"
    },
    {
      "id": 7,
      "line": 13,
      "label": "String query = 'SELECT * FROM users WHERE username='' + username + '' AND password='' + password + '''"
    },
    {
      "id": 8,
      "line": 14,
      "label": "ResultSet rs = stmt.executeQuery(query)"
    },
    {
      "id": 9,
      "line": 16,
      "label": "while (rs.next())"
    },
    {
      "id": 10,
      "line": 0,
      "label": "endwhile"
    },
    {
      "id": 11,
      "line": 17,
      "label": "System.out.println('Welcome, ' + rs.getString('username'))"
    },
    {
      "id": 12,
      "line": 20,
      "label": "conn.close()"
    },
    {
      "id": 13,
      "line": 0,
      "label": "end-catch"
    },
    {
      "id": 14,
      "line": 21,
      "label": "catch (SQLException e)"
    },
    {
      "id": 15,
      "line": 22,
      "label": "e.printStackTrace()"
    }
  ],

  "edges": [
    {
      "id": 0,
      "source": 0,
      "target": 1,
      "label": ""
    },
    {
      "id": 1,
      "source": 1,
      "target": 2,
      "label": ""
    },
    {
      "id": 2,
      "source": 2,
      "target": 3,
      "label": ""
    },
    {
      "id": 3,
      "source": 3,
      "target": 5,
      "label": ""
    },
    {
      "id": 4,
      "source": 5,
      "target": 6,
      "label": ""
    },
    {
      "id": 5,
      "source": 6,
      "target": 7,
      "label": ""
    },
    {
      "id": 6,
      "source": 7,
      "target": 8,
      "label": ""
    },
    {
      "id": 7,
      "source": 8,
      "target": 9,
      "label": ""
    },
    {
      "id": 8,
      "source": 9,
      "target": 10,
      "label": "False"
    },
    {
      "id": 9,
      "source": 9,
      "target": 11,
      "label": "True"
    },
    {
      "id": 10,
      "source": 11,
      "target": 9,
      "label": ""
    },
    {
      "id": 11,
      "source": 10,
      "target": 12,
      "label": ""
    },
    {
      "id": 12,
      "source": 12,
      "target": 4,
      "label": ""
    },
    {
      "id": 13,
      "source": 4,
      "target": 14,
      "label": "Throws"
    },
    {
      "id": 14,
      "source": 14,
      "target": 15,
      "label": ""
    },
    {
      "id": 15,
      "source": 15,
      "target": 13,
      "label": ""
    },
    {
      "id": 16,
      "source": 13,
      "target": 4,
      "label": ""
    }
  ]
}
