{
  "directed": true,
  "multigraph": true,
  "label": "CFG of 22195.java",
  "type": "Control Flow Graph (CFG)",
  "file": "22195.java",
  "package": "",

  "nodes": [
    {
      "id": 0,
      "line": 6,
      "label": "void doPost(HttpServletRequest request, HttpServletResponse response)"
    },
    {
      "id": 1,
      "line": 7,
      "label": "String userInput = request.getParameter('input')"
    },
    {
      "id": 2,
      "line": 9,
      "label": "String output = '<p>User input: ' + userInput + '</p>'"
    },
    {
      "id": 3,
      "line": 11,
      "label": "response.getWriter().println(output)"
    }
  ],

  "edges": [
    {
      "id": 0,
      "source": 0,
      "target": 1,
      "label": ""
    },
    {
      "id": 1,
      "source": 1,
      "target": 2,
      "label": ""
    },
    {
      "id": 2,
      "source": 2,
      "target": 3,
      "label": ""
    }
  ]
}
