{
  "directed": true,
  "multigraph": true,
  "label": "CFG of 22850.java",
  "type": "Control Flow Graph (CFG)",
  "file": "22850.java",
  "package": "",

  "nodes": [
    {
      "id": 0,
      "line": 5,
      "label": "void doGet(HttpServletRequest request, HttpServletResponse response)"
    },
    {
      "id": 1,
      "line": 6,
      "label": "String userInput = request.getParameter('input')"
    },
    {
      "id": 2,
      "line": 7,
      "label": "String responseText = 'Hello, ' + userInput + '!'"
    },
    {
      "id": 3,
      "line": 9,
      "label": "response.getWriter().write('<html><body><p>' + responseText + '</p></body></html>')"
    }
  ],

  "edges": [
    {
      "id": 0,
      "source": 0,
      "target": 1,
      "label": ""
    },
    {
      "id": 1,
      "source": 1,
      "target": 2,
      "label": ""
    },
    {
      "id": 2,
      "source": 2,
      "target": 3,
      "label": ""
    }
  ]
}
