{
  "directed": true,
  "multigraph": true,
  "label": "CFG of 23033.java",
  "type": "Control Flow Graph (CFG)",
  "file": "23033.java",
  "package": "",

  "nodes": [
    {
      "id": 0,
      "line": 6,
      "label": "void doPost(HttpServletRequest request, HttpServletResponse response)"
    },
    {
      "id": 1,
      "line": 7,
      "label": "String userInput = request.getParameter('input')"
    },
    {
      "id": 2,
      "line": 10,
      "label": "PrintWriter out = response.getWriter()"
    },
    {
      "id": 3,
      "line": 11,
      "label": "out.println('<html><body>')"
    },
    {
      "id": 4,
      "line": 12,
      "label": "out.println('<h1>User Input: ' + userInput + '</h1>')"
    },
    {
      "id": 5,
      "line": 13,
      "label": "out.println('</body></html>')"
    }
  ],

  "edges": [
    {
      "id": 0,
      "source": 0,
      "target": 1,
      "label": ""
    },
    {
      "id": 1,
      "source": 1,
      "target": 2,
      "label": ""
    },
    {
      "id": 2,
      "source": 2,
      "target": 3,
      "label": ""
    },
    {
      "id": 3,
      "source": 3,
      "target": 4,
      "label": ""
    },
    {
      "id": 4,
      "source": 4,
      "target": 5,
      "label": ""
    }
  ]
}
