{
  "directed": true,
  "multigraph": true,
  "label": "CFG of 23255.java",
  "type": "Control Flow Graph (CFG)",
  "file": "23255.java",
  "package": "",

  "nodes": [
    {
      "id": 0,
      "line": 5,
      "label": "void doGet(HttpServletRequest request, HttpServletResponse response)"
    },
    {
      "id": 1,
      "line": 6,
      "label": "String userInput = request.getParameter('input')"
    },
    {
      "id": 2,
      "line": 8,
      "label": "String output = '<h1>Welcome, ' + userInput + '!</h1>'"
    },
    {
      "id": 3,
      "line": 10,
      "label": "response.setContentType('text/html')"
    },
    {
      "id": 4,
      "line": 11,
      "label": "response.getWriter().println(output)"
    }
  ],

  "edges": [
    {
      "id": 0,
      "source": 0,
      "target": 1,
      "label": ""
    },
    {
      "id": 1,
      "source": 1,
      "target": 2,
      "label": ""
    },
    {
      "id": 2,
      "source": 2,
      "target": 3,
      "label": ""
    },
    {
      "id": 3,
      "source": 3,
      "target": 4,
      "label": ""
    }
  ]
}
