{
  "directed": true,
  "multigraph": true,
  "label": "CFG of 2394.java",
  "type": "Control Flow Graph (CFG)",
  "file": "2394.java",
  "package": "",

  "nodes": [
    {
      "id": 0,
      "line": 9,
      "label": "void doGet(HttpServletRequest request, HttpServletResponse response)"
    },
    {
      "id": 1,
      "line": 10,
      "label": "String userInput = request.getParameter('input')"
    },
    {
      "id": 2,
      "line": 12,
      "label": "response.setContentType('text/html')"
    },
    {
      "id": 3,
      "line": 13,
      "label": "PrintWriter out = response.getWriter()"
    },
    {
      "id": 4,
      "line": 16,
      "label": "out.println('<html><body>')"
    },
    {
      "id": 5,
      "line": 17,
      "label": "out.println('<h1>Hello, ' + userInput + '</h1>')"
    },
    {
      "id": 6,
      "line": 18,
      "label": "out.println('</body></html>')"
    }
  ],

  "edges": [
    {
      "id": 0,
      "source": 0,
      "target": 1,
      "label": ""
    },
    {
      "id": 1,
      "source": 1,
      "target": 2,
      "label": ""
    },
    {
      "id": 2,
      "source": 2,
      "target": 3,
      "label": ""
    },
    {
      "id": 3,
      "source": 3,
      "target": 4,
      "label": ""
    },
    {
      "id": 4,
      "source": 4,
      "target": 5,
      "label": ""
    },
    {
      "id": 5,
      "source": 5,
      "target": 6,
      "label": ""
    }
  ]
}
