{
  "directed": true,
  "multigraph": true,
  "label": "CFG of 25055.java",
  "type": "Control Flow Graph (CFG)",
  "file": "25055.java",
  "package": "",

  "nodes": [
    {
      "id": 0,
      "line": 8,
      "label": "void main(String[] args)"
    },
    {
      "id": 1,
      "line": 9,
      "label": "Scanner scanner = new Scanner(System.in)"
    },
    {
      "id": 2,
      "line": 11,
      "label": "System.out.print('Enter file name to read: ')"
    },
    {
      "id": 3,
      "line": 12,
      "label": "String fileName = scanner.nextLine()"
    },
    {
      "id": 4,
      "line": 14,
      "label": "File file = new File(fileName)"
    },
    {
      "id": 5,
      "line": 16,
      "label": "if (file.exists())"
    },
    {
      "id": 6,
      "line": 17,
      "label": "try"
    },
    {
      "id": 7,
      "line": 0,
      "label": "end-try"
    },
    {
      "id": 8,
      "line": 18,
      "label": "byte[] fileContent = Files.readAllBytes(file.toPath())"
    },
    {
      "id": 9,
      "line": 19,
      "label": "String content = new String(fileContent)"
    },
    {
      "id": 10,
      "line": 20,
      "label": "System.out.println('File content: ' + content)"
    },
    {
      "id": 11,
      "line": 0,
      "label": "end-catch"
    },
    {
      "id": 12,
      "line": 21,
      "label": "catch (IOException e)"
    },
    {
      "id": 13,
      "line": 22,
      "label": "System.out.println('Error reading file: ' + e.getMessage())"
    },
    {
      "id": 14,
      "line": 0,
      "label": "endif"
    },
    {
      "id": 15,
      "line": 25,
      "label": "System.out.println('File not found.')"
    },
    {
      "id": 16,
      "line": 28,
      "label": "scanner.close()"
    }
  ],

  "edges": [
    {
      "id": 0,
      "source": 0,
      "target": 1,
      "label": ""
    },
    {
      "id": 1,
      "source": 1,
      "target": 2,
      "label": ""
    },
    {
      "id": 2,
      "source": 2,
      "target": 3,
      "label": ""
    },
    {
      "id": 3,
      "source": 3,
      "target": 4,
      "label": ""
    },
    {
      "id": 4,
      "source": 4,
      "target": 5,
      "label": ""
    },
    {
      "id": 5,
      "source": 5,
      "target": 6,
      "label": "True"
    },
    {
      "id": 6,
      "source": 6,
      "target": 8,
      "label": ""
    },
    {
      "id": 7,
      "source": 8,
      "target": 9,
      "label": ""
    },
    {
      "id": 8,
      "source": 9,
      "target": 10,
      "label": ""
    },
    {
      "id": 9,
      "source": 10,
      "target": 7,
      "label": ""
    },
    {
      "id": 10,
      "source": 7,
      "target": 12,
      "label": "Throws"
    },
    {
      "id": 11,
      "source": 12,
      "target": 13,
      "label": ""
    },
    {
      "id": 12,
      "source": 13,
      "target": 11,
      "label": ""
    },
    {
      "id": 13,
      "source": 11,
      "target": 7,
      "label": ""
    },
    {
      "id": 14,
      "source": 7,
      "target": 14,
      "label": ""
    },
    {
      "id": 15,
      "source": 5,
      "target": 15,
      "label": "False"
    },
    {
      "id": 16,
      "source": 15,
      "target": 14,
      "label": ""
    },
    {
      "id": 17,
      "source": 14,
      "target": 16,
      "label": ""
    }
  ]
}
