{
  "directed": true,
  "multigraph": true,
  "label": "CFG of 25233.java",
  "type": "Control Flow Graph (CFG)",
  "file": "25233.java",
  "package": "",

  "nodes": [
    {
      "id": 0,
      "line": 8,
      "label": "void main(String[] args)"
    },
    {
      "id": 1,
      "line": 9,
      "label": "Scanner scanner = new Scanner(System.in)"
    },
    {
      "id": 2,
      "line": 10,
      "label": "System.out.print('Enter file name: ')"
    },
    {
      "id": 3,
      "line": 11,
      "label": "String fileName = scanner.next()"
    },
    {
      "id": 4,
      "line": 13,
      "label": "File file = new File('C:\\\\temp\\\\' + fileName)"
    },
    {
      "id": 5,
      "line": 15,
      "label": "try"
    },
    {
      "id": 6,
      "line": 0,
      "label": "end-try"
    },
    {
      "id": 7,
      "line": 16,
      "label": "byte[] fileContent = Files.readAllBytes(file.toPath())"
    },
    {
      "id": 8,
      "line": 17,
      "label": "System.out.println(new String(fileContent))"
    },
    {
      "id": 9,
      "line": 0,
      "label": "end-catch"
    },
    {
      "id": 10,
      "line": 18,
      "label": "catch (IOException e)"
    },
    {
      "id": 11,
      "line": 19,
      "label": "System.out.println('Error reading file: ' + e.getMessage())"
    }
  ],

  "edges": [
    {
      "id": 0,
      "source": 0,
      "target": 1,
      "label": ""
    },
    {
      "id": 1,
      "source": 1,
      "target": 2,
      "label": ""
    },
    {
      "id": 2,
      "source": 2,
      "target": 3,
      "label": ""
    },
    {
      "id": 3,
      "source": 3,
      "target": 4,
      "label": ""
    },
    {
      "id": 4,
      "source": 4,
      "target": 5,
      "label": ""
    },
    {
      "id": 5,
      "source": 5,
      "target": 7,
      "label": ""
    },
    {
      "id": 6,
      "source": 7,
      "target": 8,
      "label": ""
    },
    {
      "id": 7,
      "source": 8,
      "target": 6,
      "label": ""
    },
    {
      "id": 8,
      "source": 6,
      "target": 10,
      "label": "Throws"
    },
    {
      "id": 9,
      "source": 10,
      "target": 11,
      "label": ""
    },
    {
      "id": 10,
      "source": 11,
      "target": 9,
      "label": ""
    },
    {
      "id": 11,
      "source": 9,
      "target": 6,
      "label": ""
    }
  ]
}
