{
  "directed": true,
  "multigraph": true,
  "label": "CFG of 25408.java",
  "type": "Control Flow Graph (CFG)",
  "file": "25408.java",
  "package": "",

  "nodes": [
    {
      "id": 0,
      "line": 8,
      "label": "void main(String[] args)"
    },
    {
      "id": 1,
      "line": 9,
      "label": "String userInput = args[0]"
    },
    {
      "id": 2,
      "line": 10,
      "label": "String filePath = '/path/to/files/' + userInput"
    },
    {
      "id": 3,
      "line": 12,
      "label": "try"
    },
    {
      "id": 4,
      "line": 0,
      "label": "end-try"
    },
    {
      "id": 5,
      "line": 13,
      "label": "File file = new File(filePath)"
    },
    {
      "id": 6,
      "line": 14,
      "label": "BufferedReader br = new BufferedReader(new FileReader(file))"
    },
    {
      "id": 7,
      "line": 16,
      "label": "String line"
    },
    {
      "id": 8,
      "line": 17,
      "label": "while ((line = br.readLine()) != null)"
    },
    {
      "id": 9,
      "line": 0,
      "label": "endwhile"
    },
    {
      "id": 10,
      "line": 18,
      "label": "System.out.println(line)"
    },
    {
      "id": 11,
      "line": 21,
      "label": "br.close()"
    },
    {
      "id": 12,
      "line": 0,
      "label": "end-catch"
    },
    {
      "id": 13,
      "line": 22,
      "label": "catch (IOException e)"
    },
    {
      "id": 14,
      "line": 23,
      "label": "System.err.println('Error reading file: ' + e.getMessage())"
    }
  ],

  "edges": [
    {
      "id": 0,
      "source": 0,
      "target": 1,
      "label": ""
    },
    {
      "id": 1,
      "source": 1,
      "target": 2,
      "label": ""
    },
    {
      "id": 2,
      "source": 2,
      "target": 3,
      "label": ""
    },
    {
      "id": 3,
      "source": 3,
      "target": 5,
      "label": ""
    },
    {
      "id": 4,
      "source": 5,
      "target": 6,
      "label": ""
    },
    {
      "id": 5,
      "source": 6,
      "target": 7,
      "label": ""
    },
    {
      "id": 6,
      "source": 7,
      "target": 8,
      "label": ""
    },
    {
      "id": 7,
      "source": 8,
      "target": 9,
      "label": "False"
    },
    {
      "id": 8,
      "source": 8,
      "target": 10,
      "label": "True"
    },
    {
      "id": 9,
      "source": 10,
      "target": 8,
      "label": ""
    },
    {
      "id": 10,
      "source": 9,
      "target": 11,
      "label": ""
    },
    {
      "id": 11,
      "source": 11,
      "target": 4,
      "label": ""
    },
    {
      "id": 12,
      "source": 4,
      "target": 13,
      "label": "Throws"
    },
    {
      "id": 13,
      "source": 13,
      "target": 14,
      "label": ""
    },
    {
      "id": 14,
      "source": 14,
      "target": 12,
      "label": ""
    },
    {
      "id": 15,
      "source": 12,
      "target": 4,
      "label": ""
    }
  ]
}
