{
  "directed": true,
  "multigraph": true,
  "label": "CFG of 25898.java",
  "type": "Control Flow Graph (CFG)",
  "file": "25898.java",
  "package": "",

  "nodes": [
    {
      "id": 0,
      "line": 4,
      "label": "void main(String[] args)"
    },
    {
      "id": 1,
      "line": 5,
      "label": "Scanner scanner = new Scanner(System.in)"
    },
    {
      "id": 2,
      "line": 7,
      "label": "System.out.print('Enter your name: ')"
    },
    {
      "id": 3,
      "line": 8,
      "label": "String name = scanner.nextLine()"
    },
    {
      "id": 4,
      "line": 10,
      "label": "char[] buffer = new char[10]"
    },
    {
      "id": 5,
      "line": 11,
      "label": "int i"
    },
    {
      "id": 6,
      "line": 13,
      "label": "i = 0"
    },
    {
      "id": 7,
      "line": 13,
      "label": "for (i < name.length())"
    },
    {
      "id": 8,
      "line": 13,
      "label": "i++"
    },
    {
      "id": 9,
      "line": 0,
      "label": "endfor"
    },
    {
      "id": 10,
      "line": 14,
      "label": "buffer[i] = name.charAt(i)"
    }
  ],

  "edges": [
    {
      "id": 0,
      "source": 0,
      "target": 1,
      "label": ""
    },
    {
      "id": 1,
      "source": 1,
      "target": 2,
      "label": ""
    },
    {
      "id": 2,
      "source": 2,
      "target": 3,
      "label": ""
    },
    {
      "id": 3,
      "source": 3,
      "target": 4,
      "label": ""
    },
    {
      "id": 4,
      "source": 4,
      "target": 5,
      "label": ""
    },
    {
      "id": 5,
      "source": 5,
      "target": 6,
      "label": ""
    },
    {
      "id": 6,
      "source": 6,
      "target": 7,
      "label": ""
    },
    {
      "id": 7,
      "source": 7,
      "target": 9,
      "label": "False"
    },
    {
      "id": 8,
      "source": 7,
      "target": 10,
      "label": "True"
    },
    {
      "id": 9,
      "source": 10,
      "target": 8,
      "label": ""
    },
    {
      "id": 10,
      "source": 8,
      "target": 7,
      "label": ""
    }
  ]
}
