{
  "directed": true,
  "multigraph": true,
  "label": "CFG of 25899.java",
  "type": "Control Flow Graph (CFG)",
  "file": "25899.java",
  "package": "",

  "nodes": [
    {
      "id": 0,
      "line": 4,
      "label": "void main(String[] args)"
    },
    {
      "id": 1,
      "line": 5,
      "label": "Scanner scanner = new Scanner(System.in)"
    },
    {
      "id": 2,
      "line": 6,
      "label": "System.out.print('Enter a string: ')"
    },
    {
      "id": 3,
      "line": 7,
      "label": "String userInput = scanner.nextLine()"
    },
    {
      "id": 4,
      "line": 10,
      "label": "byte[] buffer = new byte[10]"
    },
    {
      "id": 5,
      "line": 11,
      "label": "System.arraycopy(userInput.getBytes(), 0, buffer, 0, userInput.length())"
    },
    {
      "id": 6,
      "line": 13,
      "label": "System.out.println('Buffer contents: ' + new String(buffer))"
    }
  ],

  "edges": [
    {
      "id": 0,
      "source": 0,
      "target": 1,
      "label": ""
    },
    {
      "id": 1,
      "source": 1,
      "target": 2,
      "label": ""
    },
    {
      "id": 2,
      "source": 2,
      "target": 3,
      "label": ""
    },
    {
      "id": 3,
      "source": 3,
      "target": 4,
      "label": ""
    },
    {
      "id": 4,
      "source": 4,
      "target": 5,
      "label": ""
    },
    {
      "id": 5,
      "source": 5,
      "target": 6,
      "label": ""
    }
  ]
}
