{
  "directed": true,
  "multigraph": true,
  "label": "CFG of 27335.java",
  "type": "Control Flow Graph (CFG)",
  "file": "27335.java",
  "package": "",

  "nodes": [
    {
      "id": 0,
      "line": 7,
      "label": "void vulnerableMethod(HttpServletRequest request, HttpServletResponse response)"
    },
    {
      "id": 1,
      "line": 8,
      "label": "String userInput = request.getParameter('input')"
    },
    {
      "id": 2,
      "line": 11,
      "label": "String output = '<p>User input: ' + userInput + '</p>'"
    },
    {
      "id": 3,
      "line": 13,
      "label": "response.getWriter().write(output)"
    }
  ],

  "edges": [
    {
      "id": 0,
      "source": 0,
      "target": 1,
      "label": ""
    },
    {
      "id": 1,
      "source": 1,
      "target": 2,
      "label": ""
    },
    {
      "id": 2,
      "source": 2,
      "target": 3,
      "label": ""
    }
  ]
}
