{
  "directed": true,
  "multigraph": true,
  "label": "CFG of 27661.java",
  "type": "Control Flow Graph (CFG)",
  "file": "27661.java",
  "package": "",

  "nodes": [
    {
      "id": 0,
      "line": 8,
      "label": "void doPost(HttpServletRequest request, HttpServletResponse response)"
    },
    {
      "id": 1,
      "line": 10,
      "label": "String userInput = request.getParameter('input')"
    },
    {
      "id": 2,
      "line": 11,
      "label": "response.getWriter().println('Hello, ' + userInput)"
    }
  ],

  "edges": [
    {
      "id": 0,
      "source": 0,
      "target": 1,
      "label": ""
    },
    {
      "id": 1,
      "source": 1,
      "target": 2,
      "label": ""
    }
  ]
}
