{
  "directed": true,
  "multigraph": true,
  "label": "CFG of 27769.java",
  "type": "Control Flow Graph (CFG)",
  "file": "27769.java",
  "package": "",

  "nodes": [
    {
      "id": 0,
      "line": 4,
      "label": "void main(String[] args)"
    },
    {
      "id": 1,
      "line": 6,
      "label": "String userInput = '<script>alert('XSS Attack!')</script>'"
    },
    {
      "id": 2,
      "line": 9,
      "label": "System.out.println('Welcome, ' + userInput)"
    }
  ],

  "edges": [
    {
      "id": 0,
      "source": 0,
      "target": 1,
      "label": ""
    },
    {
      "id": 1,
      "source": 1,
      "target": 2,
      "label": ""
    }
  ]
}
