{
  "directed": true,
  "multigraph": true,
  "label": "CFG of 28310.java",
  "type": "Control Flow Graph (CFG)",
  "file": "28310.java",
  "package": "",

  "nodes": [
    {
      "id": 0,
      "line": 6,
      "label": "void main(String[] args)"
    },
    {
      "id": 1,
      "line": 7,
      "label": "Scanner scanner = new Scanner(System.in)"
    },
    {
      "id": 2,
      "line": 9,
      "label": "System.out.print('Enter your name: ')"
    },
    {
      "id": 3,
      "line": 10,
      "label": "String name = scanner.nextLine()"
    },
    {
      "id": 4,
      "line": 12,
      "label": "System.out.println('Hello, ' + name + '!')"
    }
  ],

  "edges": [
    {
      "id": 0,
      "source": 0,
      "target": 1,
      "label": ""
    },
    {
      "id": 1,
      "source": 1,
      "target": 2,
      "label": ""
    },
    {
      "id": 2,
      "source": 2,
      "target": 3,
      "label": ""
    },
    {
      "id": 3,
      "source": 3,
      "target": 4,
      "label": ""
    }
  ]
}
