{
  "directed": true,
  "multigraph": true,
  "label": "CFG of 29042.java",
  "type": "Control Flow Graph (CFG)",
  "file": "29042.java",
  "package": "",

  "nodes": [
    {
      "id": 0,
      "line": 7,
      "label": "void main(String[] args)"
    },
    {
      "id": 1,
      "line": 8,
      "label": "try"
    },
    {
      "id": 2,
      "line": 0,
      "label": "end-try"
    },
    {
      "id": 3,
      "line": 10,
      "label": "BufferedReader reader = new BufferedReader(new InputStreamReader(System.in))"
    },
    {
      "id": 4,
      "line": 11,
      "label": "System.out.print('Enter the IP address to ping: ')"
    },
    {
      "id": 5,
      "line": 12,
      "label": "String ipAddress = reader.readLine()"
    },
    {
      "id": 6,
      "line": 15,
      "label": "String command = 'ping ' + ipAddress"
    },
    {
      "id": 7,
      "line": 16,
      "label": "Process process = Runtime.getRuntime().exec(command)"
    },
    {
      "id": 8,
      "line": 19,
      "label": "BufferedReader inputStream = new BufferedReader(new InputStreamReader(process.getInputStream()))"
    },
    {
      "id": 9,
      "line": 20,
      "label": "String line"
    },
    {
      "id": 10,
      "line": 21,
      "label": "while ((line = inputStream.readLine()) != null)"
    },
    {
      "id": 11,
      "line": 0,
      "label": "endwhile"
    },
    {
      "id": 12,
      "line": 22,
      "label": "System.out.println(line)"
    },
    {
      "id": 13,
      "line": 0,
      "label": "end-catch"
    },
    {
      "id": 14,
      "line": 25,
      "label": "catch (IOException e)"
    },
    {
      "id": 15,
      "line": 26,
      "label": "e.printStackTrace()"
    }
  ],

  "edges": [
    {
      "id": 0,
      "source": 0,
      "target": 1,
      "label": ""
    },
    {
      "id": 1,
      "source": 1,
      "target": 3,
      "label": ""
    },
    {
      "id": 2,
      "source": 3,
      "target": 4,
      "label": ""
    },
    {
      "id": 3,
      "source": 4,
      "target": 5,
      "label": ""
    },
    {
      "id": 4,
      "source": 5,
      "target": 6,
      "label": ""
    },
    {
      "id": 5,
      "source": 6,
      "target": 7,
      "label": ""
    },
    {
      "id": 6,
      "source": 7,
      "target": 8,
      "label": ""
    },
    {
      "id": 7,
      "source": 8,
      "target": 9,
      "label": ""
    },
    {
      "id": 8,
      "source": 9,
      "target": 10,
      "label": ""
    },
    {
      "id": 9,
      "source": 10,
      "target": 11,
      "label": "False"
    },
    {
      "id": 10,
      "source": 10,
      "target": 12,
      "label": "True"
    },
    {
      "id": 11,
      "source": 12,
      "target": 10,
      "label": ""
    },
    {
      "id": 12,
      "source": 11,
      "target": 2,
      "label": ""
    },
    {
      "id": 13,
      "source": 2,
      "target": 14,
      "label": "Throws"
    },
    {
      "id": 14,
      "source": 14,
      "target": 15,
      "label": ""
    },
    {
      "id": 15,
      "source": 15,
      "target": 13,
      "label": ""
    },
    {
      "id": 16,
      "source": 13,
      "target": 2,
      "label": ""
    }
  ]
}
