{
  "directed": true,
  "multigraph": true,
  "label": "CFG of 29584.java",
  "type": "Control Flow Graph (CFG)",
  "file": "29584.java",
  "package": "",

  "nodes": [
    {
      "id": 0,
      "line": 8,
      "label": "void main(String[] args)"
    },
    {
      "id": 1,
      "line": 9,
      "label": "Scanner scanner = new Scanner(System.in)"
    },
    {
      "id": 2,
      "line": 11,
      "label": "System.out.println('Enter the file name: ')"
    },
    {
      "id": 3,
      "line": 12,
      "label": "String fileName = scanner.nextLine()"
    },
    {
      "id": 4,
      "line": 14,
      "label": "File file = new File('/path/to/sensitive/files/' + fileName)"
    },
    {
      "id": 5,
      "line": 16,
      "label": "if (file.exists())"
    },
    {
      "id": 6,
      "line": 17,
      "label": "FileReader fileReader = new FileReader(file)"
    },
    {
      "id": 7,
      "line": 18,
      "label": "int data"
    },
    {
      "id": 8,
      "line": 20,
      "label": "while ((data = fileReader.read()) != -1)"
    },
    {
      "id": 9,
      "line": 0,
      "label": "endwhile"
    },
    {
      "id": 10,
      "line": 21,
      "label": "System.out.print((char) data)"
    },
    {
      "id": 11,
      "line": 24,
      "label": "fileReader.close()"
    },
    {
      "id": 12,
      "line": 0,
      "label": "endif"
    },
    {
      "id": 13,
      "line": 26,
      "label": "System.out.println('File not found.')"
    }
  ],

  "edges": [
    {
      "id": 0,
      "source": 0,
      "target": 1,
      "label": ""
    },
    {
      "id": 1,
      "source": 1,
      "target": 2,
      "label": ""
    },
    {
      "id": 2,
      "source": 2,
      "target": 3,
      "label": ""
    },
    {
      "id": 3,
      "source": 3,
      "target": 4,
      "label": ""
    },
    {
      "id": 4,
      "source": 4,
      "target": 5,
      "label": ""
    },
    {
      "id": 5,
      "source": 5,
      "target": 6,
      "label": "True"
    },
    {
      "id": 6,
      "source": 6,
      "target": 7,
      "label": ""
    },
    {
      "id": 7,
      "source": 7,
      "target": 8,
      "label": ""
    },
    {
      "id": 8,
      "source": 8,
      "target": 9,
      "label": "False"
    },
    {
      "id": 9,
      "source": 8,
      "target": 10,
      "label": "True"
    },
    {
      "id": 10,
      "source": 10,
      "target": 8,
      "label": ""
    },
    {
      "id": 11,
      "source": 9,
      "target": 11,
      "label": ""
    },
    {
      "id": 12,
      "source": 11,
      "target": 12,
      "label": ""
    },
    {
      "id": 13,
      "source": 5,
      "target": 13,
      "label": "False"
    },
    {
      "id": 14,
      "source": 13,
      "target": 12,
      "label": ""
    }
  ]
}
