{
  "directed": true,
  "multigraph": true,
  "label": "CFG of 29771.java",
  "type": "Control Flow Graph (CFG)",
  "file": "29771.java",
  "package": "",

  "nodes": [
    {
      "id": 0,
      "line": 8,
      "label": "void main(String[] args)"
    },
    {
      "id": 1,
      "line": 9,
      "label": "Scanner scanner = new Scanner(System.in)"
    },
    {
      "id": 2,
      "line": 11,
      "label": "System.out.print('Enter a file name: ')"
    },
    {
      "id": 3,
      "line": 12,
      "label": "String fileName = scanner.nextLine()"
    },
    {
      "id": 4,
      "line": 14,
      "label": "File file = new File(fileName)"
    },
    {
      "id": 5,
      "line": 16,
      "label": "if (file.exists())"
    },
    {
      "id": 6,
      "line": 17,
      "label": "byte[] fileData = Files.readAllBytes(file.toPath())"
    },
    {
      "id": 7,
      "line": 18,
      "label": "String content = new String(fileData)"
    },
    {
      "id": 8,
      "line": 19,
      "label": "System.out.println('File content: ' + content)"
    },
    {
      "id": 9,
      "line": 0,
      "label": "endif"
    },
    {
      "id": 10,
      "line": 21,
      "label": "System.out.println('File not found.')"
    },
    {
      "id": 11,
      "line": 24,
      "label": "scanner.close()"
    }
  ],

  "edges": [
    {
      "id": 0,
      "source": 0,
      "target": 1,
      "label": ""
    },
    {
      "id": 1,
      "source": 1,
      "target": 2,
      "label": ""
    },
    {
      "id": 2,
      "source": 2,
      "target": 3,
      "label": ""
    },
    {
      "id": 3,
      "source": 3,
      "target": 4,
      "label": ""
    },
    {
      "id": 4,
      "source": 4,
      "target": 5,
      "label": ""
    },
    {
      "id": 5,
      "source": 5,
      "target": 6,
      "label": "True"
    },
    {
      "id": 6,
      "source": 6,
      "target": 7,
      "label": ""
    },
    {
      "id": 7,
      "source": 7,
      "target": 8,
      "label": ""
    },
    {
      "id": 8,
      "source": 8,
      "target": 9,
      "label": ""
    },
    {
      "id": 9,
      "source": 5,
      "target": 10,
      "label": "False"
    },
    {
      "id": 10,
      "source": 10,
      "target": 9,
      "label": ""
    },
    {
      "id": 11,
      "source": 9,
      "target": 11,
      "label": ""
    }
  ]
}
