{
  "directed": true,
  "multigraph": true,
  "label": "CFG of 3054.java",
  "type": "Control Flow Graph (CFG)",
  "file": "3054.java",
  "package": "",

  "nodes": [
    {
      "id": 0,
      "line": 5,
      "label": "void main(String[] args)"
    },
    {
      "id": 1,
      "line": 7,
      "label": "String userInput = '<script>alert('XSS Vulnerability!')</script>'"
    },
    {
      "id": 2,
      "line": 10,
      "label": "System.out.println('<h1>Welcome, ' + userInput + '</h1>')"
    }
  ],

  "edges": [
    {
      "id": 0,
      "source": 0,
      "target": 1,
      "label": ""
    },
    {
      "id": 1,
      "source": 1,
      "target": 2,
      "label": ""
    }
  ]
}
