{
  "directed": true,
  "multigraph": true,
  "label": "CFG of 31802.java",
  "type": "Control Flow Graph (CFG)",
  "file": "31802.java",
  "package": "",

  "nodes": [
    {
      "id": 0,
      "line": 5,
      "label": "void main(String[] args)"
    },
    {
      "id": 1,
      "line": 6,
      "label": "String userInput = ''; DROP TABLE users; --'"
    },
    {
      "id": 2,
      "line": 8,
      "label": "try"
    },
    {
      "id": 3,
      "line": 0,
      "label": "end-try"
    },
    {
      "id": 4,
      "line": 9,
      "label": "Connection conn = DriverManager.getConnection('jdbc:mysql://localhost:3306/mydatabase', 'username', 'password')"
    },
    {
      "id": 5,
      "line": 10,
      "label": "Statement stmt = conn.createStatement()"
    },
    {
      "id": 6,
      "line": 12,
      "label": "String query = 'SELECT * FROM users WHERE username='' + userInput + '''"
    },
    {
      "id": 7,
      "line": 13,
      "label": "ResultSet rs = stmt.executeQuery(query)"
    },
    {
      "id": 8,
      "line": 15,
      "label": "while (rs.next())"
    },
    {
      "id": 9,
      "line": 0,
      "label": "endwhile"
    },
    {
      "id": 10,
      "line": 16,
      "label": "System.out.println('Username: ' + rs.getString('username'))"
    },
    {
      "id": 11,
      "line": 17,
      "label": "System.out.println('Email: ' + rs.getString('email'))"
    },
    {
      "id": 12,
      "line": 20,
      "label": "conn.close()"
    },
    {
      "id": 13,
      "line": 0,
      "label": "end-catch"
    },
    {
      "id": 14,
      "line": 21,
      "label": "catch (SQLException e)"
    },
    {
      "id": 15,
      "line": 22,
      "label": "e.printStackTrace()"
    }
  ],

  "edges": [
    {
      "id": 0,
      "source": 0,
      "target": 1,
      "label": ""
    },
    {
      "id": 1,
      "source": 1,
      "target": 2,
      "label": ""
    },
    {
      "id": 2,
      "source": 2,
      "target": 4,
      "label": ""
    },
    {
      "id": 3,
      "source": 4,
      "target": 5,
      "label": ""
    },
    {
      "id": 4,
      "source": 5,
      "target": 6,
      "label": ""
    },
    {
      "id": 5,
      "source": 6,
      "target": 7,
      "label": ""
    },
    {
      "id": 6,
      "source": 7,
      "target": 8,
      "label": ""
    },
    {
      "id": 7,
      "source": 8,
      "target": 9,
      "label": "False"
    },
    {
      "id": 8,
      "source": 8,
      "target": 10,
      "label": "True"
    },
    {
      "id": 9,
      "source": 10,
      "target": 11,
      "label": ""
    },
    {
      "id": 10,
      "source": 11,
      "target": 8,
      "label": ""
    },
    {
      "id": 11,
      "source": 9,
      "target": 12,
      "label": ""
    },
    {
      "id": 12,
      "source": 12,
      "target": 3,
      "label": ""
    },
    {
      "id": 13,
      "source": 3,
      "target": 14,
      "label": "Throws"
    },
    {
      "id": 14,
      "source": 14,
      "target": 15,
      "label": ""
    },
    {
      "id": 15,
      "source": 15,
      "target": 13,
      "label": ""
    },
    {
      "id": 16,
      "source": 13,
      "target": 3,
      "label": ""
    }
  ]
}
