{
  "directed": true,
  "multigraph": true,
  "label": "CFG of 31803.java",
  "type": "Control Flow Graph (CFG)",
  "file": "31803.java",
  "package": "",

  "nodes": [
    {
      "id": 0,
      "line": 8,
      "label": "void main(String[] args)"
    },
    {
      "id": 1,
      "line": 9,
      "label": "String userInput = args[0]"
    },
    {
      "id": 2,
      "line": 11,
      "label": "try"
    },
    {
      "id": 3,
      "line": 0,
      "label": "end-try"
    },
    {
      "id": 4,
      "line": 12,
      "label": "Connection connection = DriverManager.getConnection('jdbc:mysql://localhost:3306/mydatabase', 'username', 'password')"
    },
    {
      "id": 5,
      "line": 13,
      "label": "Statement statement = connection.createStatement()"
    },
    {
      "id": 6,
      "line": 15,
      "label": "String query = 'SELECT * FROM users WHERE username='' + userInput + '''"
    },
    {
      "id": 7,
      "line": 16,
      "label": "ResultSet resultSet = statement.executeQuery(query)"
    },
    {
      "id": 8,
      "line": 18,
      "label": "while (resultSet.next())"
    },
    {
      "id": 9,
      "line": 0,
      "label": "endwhile"
    },
    {
      "id": 10,
      "line": 19,
      "label": "System.out.println('User found: ' + resultSet.getString('username'))"
    },
    {
      "id": 11,
      "line": 22,
      "label": "resultSet.close()"
    },
    {
      "id": 12,
      "line": 23,
      "label": "statement.close()"
    },
    {
      "id": 13,
      "line": 24,
      "label": "connection.close()"
    },
    {
      "id": 14,
      "line": 0,
      "label": "end-catch"
    },
    {
      "id": 15,
      "line": 25,
      "label": "catch (SQLException e)"
    },
    {
      "id": 16,
      "line": 26,
      "label": "e.printStackTrace()"
    }
  ],

  "edges": [
    {
      "id": 0,
      "source": 0,
      "target": 1,
      "label": ""
    },
    {
      "id": 1,
      "source": 1,
      "target": 2,
      "label": ""
    },
    {
      "id": 2,
      "source": 2,
      "target": 4,
      "label": ""
    },
    {
      "id": 3,
      "source": 4,
      "target": 5,
      "label": ""
    },
    {
      "id": 4,
      "source": 5,
      "target": 6,
      "label": ""
    },
    {
      "id": 5,
      "source": 6,
      "target": 7,
      "label": ""
    },
    {
      "id": 6,
      "source": 7,
      "target": 8,
      "label": ""
    },
    {
      "id": 7,
      "source": 8,
      "target": 9,
      "label": "False"
    },
    {
      "id": 8,
      "source": 8,
      "target": 10,
      "label": "True"
    },
    {
      "id": 9,
      "source": 10,
      "target": 8,
      "label": ""
    },
    {
      "id": 10,
      "source": 9,
      "target": 11,
      "label": ""
    },
    {
      "id": 11,
      "source": 11,
      "target": 12,
      "label": ""
    },
    {
      "id": 12,
      "source": 12,
      "target": 13,
      "label": ""
    },
    {
      "id": 13,
      "source": 13,
      "target": 3,
      "label": ""
    },
    {
      "id": 14,
      "source": 3,
      "target": 15,
      "label": "Throws"
    },
    {
      "id": 15,
      "source": 15,
      "target": 16,
      "label": ""
    },
    {
      "id": 16,
      "source": 16,
      "target": 14,
      "label": ""
    },
    {
      "id": 17,
      "source": 14,
      "target": 3,
      "label": ""
    }
  ]
}
