{
  "directed": true,
  "multigraph": true,
  "label": "CFG of 32208.java",
  "type": "Control Flow Graph (CFG)",
  "file": "32208.java",
  "package": "",

  "nodes": [
    {
      "id": 0,
      "line": 10,
      "label": "void doPost(HttpServletRequest request, HttpServletResponse response)"
    },
    {
      "id": 1,
      "line": 13,
      "label": "String userInput = request.getParameter('input')"
    },
    {
      "id": 2,
      "line": 16,
      "label": "PrintWriter out = response.getWriter()"
    },
    {
      "id": 3,
      "line": 17,
      "label": "out.println('<html><body>User input: ' + userInput + '</body></html>')"
    }
  ],

  "edges": [
    {
      "id": 0,
      "source": 0,
      "target": 1,
      "label": ""
    },
    {
      "id": 1,
      "source": 1,
      "target": 2,
      "label": ""
    },
    {
      "id": 2,
      "source": 2,
      "target": 3,
      "label": ""
    }
  ]
}
