{
  "directed": true,
  "multigraph": true,
  "label": "CFG of 32432.java",
  "type": "Control Flow Graph (CFG)",
  "file": "32432.java",
  "package": "",

  "nodes": [
    {
      "id": 0,
      "line": 4,
      "label": "void main(String[] args)"
    },
    {
      "id": 1,
      "line": 5,
      "label": "BufferedReader br = new BufferedReader(new InputStreamReader(System.in))"
    },
    {
      "id": 2,
      "line": 7,
      "label": "System.out.print('Enter your name: ')"
    },
    {
      "id": 3,
      "line": 8,
      "label": "String userInput = br.readLine()"
    },
    {
      "id": 4,
      "line": 10,
      "label": "System.out.println('Hello, ' + userInput + '!')"
    }
  ],

  "edges": [
    {
      "id": 0,
      "source": 0,
      "target": 1,
      "label": ""
    },
    {
      "id": 1,
      "source": 1,
      "target": 2,
      "label": ""
    },
    {
      "id": 2,
      "source": 2,
      "target": 3,
      "label": ""
    },
    {
      "id": 3,
      "source": 3,
      "target": 4,
      "label": ""
    }
  ]
}
