{
  "directed": true,
  "multigraph": true,
  "label": "CFG of 32830.java",
  "type": "Control Flow Graph (CFG)",
  "file": "32830.java",
  "package": "",

  "nodes": [
    {
      "id": 0,
      "line": 8,
      "label": "void doGet(HttpServletRequest request, HttpServletResponse response)"
    },
    {
      "id": 1,
      "line": 9,
      "label": "String userInput = request.getParameter('input')"
    },
    {
      "id": 2,
      "line": 10,
      "label": "String output = 'Hello, ' + userInput + '!'"
    },
    {
      "id": 3,
      "line": 12,
      "label": "response.getWriter().println('<html>')"
    },
    {
      "id": 4,
      "line": 13,
      "label": "response.getWriter().println('<head><title>XSS Vulnerable Page</title></head>')"
    },
    {
      "id": 5,
      "line": 14,
      "label": "response.getWriter().println('<body>')"
    },
    {
      "id": 6,
      "line": 15,
      "label": "response.getWriter().println('<h1>' + output + '</h1>')"
    },
    {
      "id": 7,
      "line": 16,
      "label": "response.getWriter().println('</body>')"
    },
    {
      "id": 8,
      "line": 17,
      "label": "response.getWriter().println('</html>')"
    }
  ],

  "edges": [
    {
      "id": 0,
      "source": 0,
      "target": 1,
      "label": ""
    },
    {
      "id": 1,
      "source": 1,
      "target": 2,
      "label": ""
    },
    {
      "id": 2,
      "source": 2,
      "target": 3,
      "label": ""
    },
    {
      "id": 3,
      "source": 3,
      "target": 4,
      "label": ""
    },
    {
      "id": 4,
      "source": 4,
      "target": 5,
      "label": ""
    },
    {
      "id": 5,
      "source": 5,
      "target": 6,
      "label": ""
    },
    {
      "id": 6,
      "source": 6,
      "target": 7,
      "label": ""
    },
    {
      "id": 7,
      "source": 7,
      "target": 8,
      "label": ""
    }
  ]
}
