{
  "directed": true,
  "multigraph": true,
  "label": "CFG of 32831.java",
  "type": "Control Flow Graph (CFG)",
  "file": "32831.java",
  "package": "",

  "nodes": [
    {
      "id": 0,
      "line": 9,
      "label": "void doGet(HttpServletRequest request, HttpServletResponse response)"
    },
    {
      "id": 1,
      "line": 10,
      "label": "String userInput = request.getParameter('input')"
    },
    {
      "id": 2,
      "line": 13,
      "label": "String output = '<p>User input: ' + userInput + '</p>'"
    },
    {
      "id": 3,
      "line": 15,
      "label": "response.setContentType('text/html')"
    },
    {
      "id": 4,
      "line": 16,
      "label": "PrintWriter out = response.getWriter()"
    },
    {
      "id": 5,
      "line": 17,
      "label": "out.println(output)"
    }
  ],

  "edges": [
    {
      "id": 0,
      "source": 0,
      "target": 1,
      "label": ""
    },
    {
      "id": 1,
      "source": 1,
      "target": 2,
      "label": ""
    },
    {
      "id": 2,
      "source": 2,
      "target": 3,
      "label": ""
    },
    {
      "id": 3,
      "source": 3,
      "target": 4,
      "label": ""
    },
    {
      "id": 4,
      "source": 4,
      "target": 5,
      "label": ""
    }
  ]
}
