{
  "directed": true,
  "multigraph": true,
  "label": "CFG of 32938.java",
  "type": "Control Flow Graph (CFG)",
  "file": "32938.java",
  "package": "",

  "nodes": [
    {
      "id": 0,
      "line": 5,
      "label": "void main(String[] args)"
    },
    {
      "id": 1,
      "line": 6,
      "label": "String userInput = '<script>alert('XSS Vulnerability')</script>'"
    },
    {
      "id": 2,
      "line": 9,
      "label": "System.out.println('<p>User Input: ' + userInput + '</p>')"
    }
  ],

  "edges": [
    {
      "id": 0,
      "source": 0,
      "target": 1,
      "label": ""
    },
    {
      "id": 1,
      "source": 1,
      "target": 2,
      "label": ""
    }
  ]
}
