{
  "directed": true,
  "multigraph": true,
  "label": "CFG of 33053.java",
  "type": "Control Flow Graph (CFG)",
  "file": "33053.java",
  "package": "",

  "nodes": [
    {
      "id": 0,
      "line": 9,
      "label": "void doGet(HttpServletRequest request, HttpServletResponse response)"
    },
    {
      "id": 1,
      "line": 12,
      "label": "String userInput = request.getParameter('input')"
    },
    {
      "id": 2,
      "line": 15,
      "label": "response.getWriter().println('<p>User Input: ' + userInput + '</p>')"
    }
  ],

  "edges": [
    {
      "id": 0,
      "source": 0,
      "target": 1,
      "label": ""
    },
    {
      "id": 1,
      "source": 1,
      "target": 2,
      "label": ""
    }
  ]
}
