{
  "directed": true,
  "multigraph": true,
  "label": "CFG of 33506.java",
  "type": "Control Flow Graph (CFG)",
  "file": "33506.java",
  "package": "",

  "nodes": [
    {
      "id": 0,
      "line": 5,
      "label": "void main(String[] args)"
    },
    {
      "id": 1,
      "line": 7,
      "label": "String userInput = args[0]"
    },
    {
      "id": 2,
      "line": 10,
      "label": "String command = 'ping ' + userInput"
    },
    {
      "id": 3,
      "line": 13,
      "label": "Process process = Runtime.getRuntime().exec(command)"
    },
    {
      "id": 4,
      "line": 16,
      "label": "java.util.Scanner scanner = new java.util.Scanner(process.getInputStream())"
    },
    {
      "id": 5,
      "line": 17,
      "label": "while (scanner.hasNextLine())"
    },
    {
      "id": 6,
      "line": 0,
      "label": "endwhile"
    },
    {
      "id": 7,
      "line": 18,
      "label": "System.out.println(scanner.nextLine())"
    }
  ],

  "edges": [
    {
      "id": 0,
      "source": 0,
      "target": 1,
      "label": ""
    },
    {
      "id": 1,
      "source": 1,
      "target": 2,
      "label": ""
    },
    {
      "id": 2,
      "source": 2,
      "target": 3,
      "label": ""
    },
    {
      "id": 3,
      "source": 3,
      "target": 4,
      "label": ""
    },
    {
      "id": 4,
      "source": 4,
      "target": 5,
      "label": ""
    },
    {
      "id": 5,
      "source": 5,
      "target": 6,
      "label": "False"
    },
    {
      "id": 6,
      "source": 5,
      "target": 7,
      "label": "True"
    },
    {
      "id": 7,
      "source": 7,
      "target": 5,
      "label": ""
    }
  ]
}
