{
  "directed": true,
  "multigraph": true,
  "label": "CFG of 34009.java",
  "type": "Control Flow Graph (CFG)",
  "file": "34009.java",
  "package": "",

  "nodes": [
    {
      "id": 0,
      "line": 6,
      "label": "void main(String[] args)"
    },
    {
      "id": 1,
      "line": 7,
      "label": "BufferedReader br = new BufferedReader(new InputStreamReader(System.in))"
    },
    {
      "id": 2,
      "line": 9,
      "label": "System.out.print('Enter a directory name: ')"
    },
    {
      "id": 3,
      "line": 10,
      "label": "String directoryName = br.readLine()"
    },
    {
      "id": 4,
      "line": 13,
      "label": "String command = 'ls -l ' + directoryName"
    },
    {
      "id": 5,
      "line": 15,
      "label": "Process process = Runtime.getRuntime().exec(command)"
    },
    {
      "id": 6,
      "line": 17,
      "label": "BufferedReader reader = new BufferedReader(new InputStreamReader(process.getInputStream()))"
    },
    {
      "id": 7,
      "line": 18,
      "label": "String line"
    },
    {
      "id": 8,
      "line": 19,
      "label": "while ((line = reader.readLine()) != null)"
    },
    {
      "id": 9,
      "line": 0,
      "label": "endwhile"
    },
    {
      "id": 10,
      "line": 20,
      "label": "System.out.println(line)"
    }
  ],

  "edges": [
    {
      "id": 0,
      "source": 0,
      "target": 1,
      "label": ""
    },
    {
      "id": 1,
      "source": 1,
      "target": 2,
      "label": ""
    },
    {
      "id": 2,
      "source": 2,
      "target": 3,
      "label": ""
    },
    {
      "id": 3,
      "source": 3,
      "target": 4,
      "label": ""
    },
    {
      "id": 4,
      "source": 4,
      "target": 5,
      "label": ""
    },
    {
      "id": 5,
      "source": 5,
      "target": 6,
      "label": ""
    },
    {
      "id": 6,
      "source": 6,
      "target": 7,
      "label": ""
    },
    {
      "id": 7,
      "source": 7,
      "target": 8,
      "label": ""
    },
    {
      "id": 8,
      "source": 8,
      "target": 9,
      "label": "False"
    },
    {
      "id": 9,
      "source": 8,
      "target": 10,
      "label": "True"
    },
    {
      "id": 10,
      "source": 10,
      "target": 8,
      "label": ""
    }
  ]
}
