{
  "directed": true,
  "multigraph": true,
  "label": "CFG of 34455.java",
  "type": "Control Flow Graph (CFG)",
  "file": "34455.java",
  "package": "",

  "nodes": [
    {
      "id": 0,
      "line": 6,
      "label": "void main(String[] args)"
    },
    {
      "id": 1,
      "line": 7,
      "label": "Scanner scanner = new Scanner(System.in)"
    },
    {
      "id": 2,
      "line": 8,
      "label": "System.out.print('Enter file name: ')"
    },
    {
      "id": 3,
      "line": 9,
      "label": "String fileName = scanner.nextLine()"
    },
    {
      "id": 4,
      "line": 12,
      "label": "String basePath = '/home/user/documents/'"
    },
    {
      "id": 5,
      "line": 13,
      "label": "String fullPath = basePath + fileName"
    },
    {
      "id": 6,
      "line": 15,
      "label": "File file = new File(fullPath)"
    },
    {
      "id": 7,
      "line": 17,
      "label": "try"
    },
    {
      "id": 8,
      "line": 0,
      "label": "end-try"
    },
    {
      "id": 9,
      "line": 18,
      "label": "if (file.exists())"
    },
    {
      "id": 10,
      "line": 19,
      "label": "System.out.println('File exists at path: ' + file.getAbsolutePath())"
    },
    {
      "id": 11,
      "line": 0,
      "label": "endif"
    },
    {
      "id": 12,
      "line": 21,
      "label": "System.out.println('File does not exist.')"
    },
    {
      "id": 13,
      "line": 0,
      "label": "end-catch"
    },
    {
      "id": 14,
      "line": 23,
      "label": "catch (Exception e)"
    },
    {
      "id": 15,
      "line": 24,
      "label": "System.out.println('Error accessing file: ' + e.getMessage())"
    }
  ],

  "edges": [
    {
      "id": 0,
      "source": 0,
      "target": 1,
      "label": ""
    },
    {
      "id": 1,
      "source": 1,
      "target": 2,
      "label": ""
    },
    {
      "id": 2,
      "source": 2,
      "target": 3,
      "label": ""
    },
    {
      "id": 3,
      "source": 3,
      "target": 4,
      "label": ""
    },
    {
      "id": 4,
      "source": 4,
      "target": 5,
      "label": ""
    },
    {
      "id": 5,
      "source": 5,
      "target": 6,
      "label": ""
    },
    {
      "id": 6,
      "source": 6,
      "target": 7,
      "label": ""
    },
    {
      "id": 7,
      "source": 7,
      "target": 9,
      "label": ""
    },
    {
      "id": 8,
      "source": 9,
      "target": 10,
      "label": "True"
    },
    {
      "id": 9,
      "source": 10,
      "target": 11,
      "label": ""
    },
    {
      "id": 10,
      "source": 9,
      "target": 12,
      "label": "False"
    },
    {
      "id": 11,
      "source": 12,
      "target": 11,
      "label": ""
    },
    {
      "id": 12,
      "source": 11,
      "target": 8,
      "label": ""
    },
    {
      "id": 13,
      "source": 8,
      "target": 14,
      "label": "Throws"
    },
    {
      "id": 14,
      "source": 14,
      "target": 15,
      "label": ""
    },
    {
      "id": 15,
      "source": 15,
      "target": 13,
      "label": ""
    },
    {
      "id": 16,
      "source": 13,
      "target": 8,
      "label": ""
    }
  ]
}
