{
  "directed": true,
  "multigraph": true,
  "label": "CFG of 34454.java",
  "type": "Control Flow Graph (CFG)",
  "file": "34454.java",
  "package": "",

  "nodes": [
    {
      "id": 0,
      "line": 7,
      "label": "void main(String[] args)"
    },
    {
      "id": 1,
      "line": 8,
      "label": "Scanner scanner = new Scanner(System.in)"
    },
    {
      "id": 2,
      "line": 9,
      "label": "System.out.print('Enter file name: ')"
    },
    {
      "id": 3,
      "line": 10,
      "label": "String fileName = scanner.next()"
    },
    {
      "id": 4,
      "line": 12,
      "label": "File file = new File('/path/to/files/' + fileName)"
    },
    {
      "id": 5,
      "line": 13,
      "label": "if (file.exists())"
    },
    {
      "id": 6,
      "line": 14,
      "label": "byte[] fileContents = Files.readAllBytes(file.toPath())"
    },
    {
      "id": 7,
      "line": 15,
      "label": "System.out.println(new String(fileContents))"
    },
    {
      "id": 8,
      "line": 0,
      "label": "endif"
    },
    {
      "id": 9,
      "line": 17,
      "label": "System.out.println('File not found.')"
    }
  ],

  "edges": [
    {
      "id": 0,
      "source": 0,
      "target": 1,
      "label": ""
    },
    {
      "id": 1,
      "source": 1,
      "target": 2,
      "label": ""
    },
    {
      "id": 2,
      "source": 2,
      "target": 3,
      "label": ""
    },
    {
      "id": 3,
      "source": 3,
      "target": 4,
      "label": ""
    },
    {
      "id": 4,
      "source": 4,
      "target": 5,
      "label": ""
    },
    {
      "id": 5,
      "source": 5,
      "target": 6,
      "label": "True"
    },
    {
      "id": 6,
      "source": 6,
      "target": 7,
      "label": ""
    },
    {
      "id": 7,
      "source": 7,
      "target": 8,
      "label": ""
    },
    {
      "id": 8,
      "source": 5,
      "target": 9,
      "label": "False"
    },
    {
      "id": 9,
      "source": 9,
      "target": 8,
      "label": ""
    }
  ]
}
