{
  "directed": true,
  "multigraph": true,
  "label": "CFG of 35469.java",
  "type": "Control Flow Graph (CFG)",
  "file": "35469.java",
  "package": "",

  "nodes": [
    {
      "id": 0,
      "line": 5,
      "label": "void main(String[] args)"
    },
    {
      "id": 1,
      "line": 6,
      "label": "Scanner scanner = new Scanner(System.in)"
    },
    {
      "id": 2,
      "line": 8,
      "label": "System.out.print('Enter your name: ')"
    },
    {
      "id": 3,
      "line": 9,
      "label": "String input = scanner.next()"
    },
    {
      "id": 4,
      "line": 12,
      "label": "byte[] buffer = new byte[10]"
    },
    {
      "id": 5,
      "line": 13,
      "label": "System.arraycopy(input.getBytes(), 0, buffer, 0, input.length())"
    },
    {
      "id": 6,
      "line": 15,
      "label": "System.out.println('Hello, ' + new String(buffer))"
    }
  ],

  "edges": [
    {
      "id": 0,
      "source": 0,
      "target": 1,
      "label": ""
    },
    {
      "id": 1,
      "source": 1,
      "target": 2,
      "label": ""
    },
    {
      "id": 2,
      "source": 2,
      "target": 3,
      "label": ""
    },
    {
      "id": 3,
      "source": 3,
      "target": 4,
      "label": ""
    },
    {
      "id": 4,
      "source": 4,
      "target": 5,
      "label": ""
    },
    {
      "id": 5,
      "source": 5,
      "target": 6,
      "label": ""
    }
  ]
}
