{
  "directed": true,
  "multigraph": true,
  "label": "CFG of 35468.java",
  "type": "Control Flow Graph (CFG)",
  "file": "35468.java",
  "package": "",

  "nodes": [
    {
      "id": 0,
      "line": 4,
      "label": "void main(String[] args)"
    },
    {
      "id": 1,
      "line": 5,
      "label": "Scanner scanner = new Scanner(System.in)"
    },
    {
      "id": 2,
      "line": 7,
      "label": "System.out.print('Enter a string: ')"
    },
    {
      "id": 3,
      "line": 8,
      "label": "String userInput = scanner.next()"
    },
    {
      "id": 4,
      "line": 10,
      "label": "char[] buffer = new char[10]"
    },
    {
      "id": 5,
      "line": 13,
      "label": "userInput.getChars(0, userInput.length(), buffer, 0)"
    },
    {
      "id": 6,
      "line": 15,
      "label": "System.out.println('Buffer contents: ' + new String(buffer))"
    }
  ],

  "edges": [
    {
      "id": 0,
      "source": 0,
      "target": 1,
      "label": ""
    },
    {
      "id": 1,
      "source": 1,
      "target": 2,
      "label": ""
    },
    {
      "id": 2,
      "source": 2,
      "target": 3,
      "label": ""
    },
    {
      "id": 3,
      "source": 3,
      "target": 4,
      "label": ""
    },
    {
      "id": 4,
      "source": 4,
      "target": 5,
      "label": ""
    },
    {
      "id": 5,
      "source": 5,
      "target": 6,
      "label": ""
    }
  ]
}
