{
  "directed": true,
  "multigraph": true,
  "label": "CFG of 36260.java",
  "type": "Control Flow Graph (CFG)",
  "file": "36260.java",
  "package": "",

  "nodes": [
    {
      "id": 0,
      "line": 8,
      "label": "String getCurrentDateTime()"
    },
    {
      "id": 1,
      "line": 9,
      "label": "return LocalDateTime.now().format(formatter);"
    },
    {
      "id": 2,
      "line": 12,
      "label": "LocalDateTime parseDateTime(String dateTime)"
    },
    {
      "id": 3,
      "line": 13,
      "label": "try"
    },
    {
      "id": 4,
      "line": 0,
      "label": "end-try"
    },
    {
      "id": 5,
      "line": 14,
      "label": "return LocalDateTime.parse(dateTime, formatter);"
    },
    {
      "id": 6,
      "line": 0,
      "label": "end-catch"
    },
    {
      "id": 7,
      "line": 15,
      "label": "catch (DateTimeParseException e)"
    },
    {
      "id": 8,
      "line": 16,
      "label": "throw new IllegalArgumentException('Invalid date time format. Expected: yyyy-MM-dd HH:mm:ss', e)"
    },
    {
      "id": 9,
      "line": 20,
      "label": "void main(String[] args)"
    },
    {
      "id": 10,
      "line": 21,
      "label": "System.out.println(getCurrentDateTime())"
    },
    {
      "id": 11,
      "line": 22,
      "label": "try"
    },
    {
      "id": 12,
      "line": 0,
      "label": "end-try"
    },
    {
      "id": 13,
      "line": 23,
      "label": "System.out.println(parseDateTime('2022-01-01 12:00:00'))"
    },
    {
      "id": 14,
      "line": 0,
      "label": "end-catch"
    },
    {
      "id": 15,
      "line": 24,
      "label": "catch (IllegalArgumentException e)"
    },
    {
      "id": 16,
      "line": 25,
      "label": "System.out.println(e.getMessage())"
    }
  ],

  "edges": [
    {
      "id": 0,
      "source": 0,
      "target": 1,
      "label": ""
    },
    {
      "id": 1,
      "source": 2,
      "target": 3,
      "label": ""
    },
    {
      "id": 2,
      "source": 3,
      "target": 5,
      "label": ""
    },
    {
      "id": 3,
      "source": 4,
      "target": 7,
      "label": "Throws"
    },
    {
      "id": 4,
      "source": 7,
      "target": 8,
      "label": ""
    },
    {
      "id": 5,
      "source": 8,
      "target": 4,
      "label": "Throws"
    },
    {
      "id": 6,
      "source": 6,
      "target": 4,
      "label": ""
    },
    {
      "id": 7,
      "source": 9,
      "target": 10,
      "label": ""
    },
    {
      "id": 8,
      "source": 10,
      "target": 11,
      "label": ""
    },
    {
      "id": 9,
      "source": 11,
      "target": 13,
      "label": ""
    },
    {
      "id": 10,
      "source": 13,
      "target": 12,
      "label": ""
    },
    {
      "id": 11,
      "source": 12,
      "target": 15,
      "label": "Throws"
    },
    {
      "id": 12,
      "source": 15,
      "target": 16,
      "label": ""
    },
    {
      "id": 13,
      "source": 16,
      "target": 14,
      "label": ""
    },
    {
      "id": 14,
      "source": 14,
      "target": 12,
      "label": ""
    }
  ]
}
