{
  "directed": true,
  "multigraph": true,
  "label": "CFG of 36261.java",
  "type": "Control Flow Graph (CFG)",
  "file": "36261.java",
  "package": "",

  "nodes": [
    {
      "id": 0,
      "line": 8,
      "label": "void main(String[] args)"
    },
    {
      "id": 1,
      "line": 9,
      "label": "Scanner scanner = new Scanner(System.in)"
    },
    {
      "id": 2,
      "line": 10,
      "label": "while (true)"
    },
    {
      "id": 3,
      "line": 0,
      "label": "endwhile"
    },
    {
      "id": 4,
      "line": 11,
      "label": "try"
    },
    {
      "id": 5,
      "line": 0,
      "label": "end-try"
    },
    {
      "id": 6,
      "line": 12,
      "label": "System.out.print('Enter date (yyyy-MM-dd HH:mm:ss) or 'exit' to quit: ')"
    },
    {
      "id": 7,
      "line": 13,
      "label": "String input = scanner.nextLine()"
    },
    {
      "id": 8,
      "line": 14,
      "label": "if (input.equalsIgnoreCase('exit'))"
    },
    {
      "id": 9,
      "line": 15,
      "label": "break;"
    },
    {
      "id": 10,
      "line": 0,
      "label": "endif"
    },
    {
      "id": 11,
      "line": 17,
      "label": "DateTimeFormatter formatter = DateTimeFormatter.ofPattern('yyyy-MM-dd HH:mm:ss')"
    },
    {
      "id": 12,
      "line": 18,
      "label": "LocalDateTime dateTime = LocalDateTime.parse(input, formatter)"
    },
    {
      "id": 13,
      "line": 19,
      "label": "System.out.println('Parsed date: ' + dateTime)"
    },
    {
      "id": 14,
      "line": 0,
      "label": "end-catch"
    },
    {
      "id": 15,
      "line": 20,
      "label": "catch (DateTimeParseException e)"
    },
    {
      "id": 16,
      "line": 21,
      "label": "System.out.println('Invalid date format. Please use yyyy-MM-dd HH:mm:ss.')"
    },
    {
      "id": 17,
      "line": 22,
      "label": "catch (InputMismatchException e)"
    },
    {
      "id": 18,
      "line": 23,
      "label": "System.out.println('Invalid input. Please enter a valid date or 'exit'.')"
    },
    {
      "id": 19,
      "line": 26,
      "label": "scanner.close()"
    }
  ],

  "edges": [
    {
      "id": 0,
      "source": 0,
      "target": 1,
      "label": ""
    },
    {
      "id": 1,
      "source": 1,
      "target": 2,
      "label": ""
    },
    {
      "id": 2,
      "source": 2,
      "target": 3,
      "label": "False"
    },
    {
      "id": 3,
      "source": 2,
      "target": 4,
      "label": "True"
    },
    {
      "id": 4,
      "source": 4,
      "target": 6,
      "label": ""
    },
    {
      "id": 5,
      "source": 6,
      "target": 7,
      "label": ""
    },
    {
      "id": 6,
      "source": 7,
      "target": 8,
      "label": ""
    },
    {
      "id": 7,
      "source": 8,
      "target": 9,
      "label": "True"
    },
    {
      "id": 8,
      "source": 9,
      "target": 3,
      "label": ""
    },
    {
      "id": 9,
      "source": 8,
      "target": 10,
      "label": "False"
    },
    {
      "id": 10,
      "source": 10,
      "target": 11,
      "label": ""
    },
    {
      "id": 11,
      "source": 11,
      "target": 12,
      "label": ""
    },
    {
      "id": 12,
      "source": 12,
      "target": 13,
      "label": ""
    },
    {
      "id": 13,
      "source": 13,
      "target": 5,
      "label": ""
    },
    {
      "id": 14,
      "source": 5,
      "target": 15,
      "label": "Throws"
    },
    {
      "id": 15,
      "source": 15,
      "target": 16,
      "label": ""
    },
    {
      "id": 16,
      "source": 16,
      "target": 14,
      "label": ""
    },
    {
      "id": 17,
      "source": 5,
      "target": 17,
      "label": "Throws"
    },
    {
      "id": 18,
      "source": 17,
      "target": 18,
      "label": ""
    },
    {
      "id": 19,
      "source": 18,
      "target": 14,
      "label": ""
    },
    {
      "id": 20,
      "source": 14,
      "target": 5,
      "label": ""
    },
    {
      "id": 21,
      "source": 5,
      "target": 2,
      "label": ""
    },
    {
      "id": 22,
      "source": 3,
      "target": 19,
      "label": ""
    }
  ]
}
