{
  "directed": true,
  "multigraph": true,
  "label": "CFG of 36368.java",
  "type": "Control Flow Graph (CFG)",
  "file": "36368.java",
  "package": "",

  "nodes": [
    {
      "id": 0,
      "line": 10,
      "label": "String computeSHA256(String filePath)"
    },
    {
      "id": 1,
      "line": 11,
      "label": "if (filePath == null || filePath.isBlank())"
    },
    {
      "id": 2,
      "line": 12,
      "label": "throw new IllegalArgumentException('File path must not be null or blank')"
    },
    {
      "id": 3,
      "line": 0,
      "label": "endif"
    },
    {
      "id": 4,
      "line": 14,
      "label": "return computeSHA256(Path.of(filePath));"
    },
    {
      "id": 5,
      "line": 17,
      "label": "String computeSHA256(Path path)"
    },
    {
      "id": 6,
      "line": 18,
      "label": "if (path == null)"
    },
    {
      "id": 7,
      "line": 19,
      "label": "throw new IllegalArgumentException('Path must not be null')"
    },
    {
      "id": 8,
      "line": 0,
      "label": "endif"
    },
    {
      "id": 9,
      "line": 21,
      "label": "if (!Files.exists(path))"
    },
    {
      "id": 10,
      "line": 22,
      "label": "throw new NoSuchFileException('File does not exist: ' + path)"
    },
    {
      "id": 11,
      "line": 0,
      "label": "endif"
    },
    {
      "id": 12,
      "line": 24,
      "label": "if (!Files.isRegularFile(path))"
    },
    {
      "id": 13,
      "line": 25,
      "label": "throw new IllegalArgumentException('Not a regular file: ' + path)"
    },
    {
      "id": 14,
      "line": 0,
      "label": "endif"
    },
    {
      "id": 15,
      "line": 27,
      "label": "MessageDigest digest = MessageDigest.getInstance('SHA-256')"
    },
    {
      "id": 16,
      "line": 28,
      "label": "byte[] fileBytes = Files.readAllBytes(path)"
    },
    {
      "id": 17,
      "line": 29,
      "label": "byte[] hashBytes = digest.digest(fileBytes)"
    },
    {
      "id": 18,
      "line": 30,
      "label": "return bytesToHex(hashBytes);"
    },
    {
      "id": 19,
      "line": 33,
      "label": "String bytesToHex(byte[] bytes)"
    },
    {
      "id": 20,
      "line": 34,
      "label": "StringBuilder hexString = new StringBuilder(2 * bytes.length)"
    },
    {
      "id": 21,
      "line": 35,
      "label": "for (byte b : bytes)"
    },
    {
      "id": 22,
      "line": 0,
      "label": "endfor"
    },
    {
      "id": 23,
      "line": 36,
      "label": "String hex = Integer.toHexString(0xff & b)"
    },
    {
      "id": 24,
      "line": 37,
      "label": "if (hex.length() == 1)"
    },
    {
      "id": 25,
      "line": 38,
      "label": "hexString.append('0')"
    },
    {
      "id": 26,
      "line": 0,
      "label": "endif"
    },
    {
      "id": 27,
      "line": 39,
      "label": "hexString.append(hex)"
    },
    {
      "id": 28,
      "line": 41,
      "label": "return hexString.toString();"
    },
    {
      "id": 29,
      "line": 44,
      "label": "void main(String[] args)"
    },
    {
      "id": 30,
      "line": 45,
      "label": "if (args.length != 1)"
    },
    {
      "id": 31,
      "line": 46,
      "label": "System.err.println('Usage: java FileHasher <file-path>')"
    },
    {
      "id": 32,
      "line": 47,
      "label": "System.exit(1)"
    },
    {
      "id": 33,
      "line": 0,
      "label": "endif"
    },
    {
      "id": 34,
      "line": 49,
      "label": "try"
    },
    {
      "id": 35,
      "line": 0,
      "label": "end-try"
    },
    {
      "id": 36,
      "line": 50,
      "label": "String hash = computeSHA256(args[0])"
    },
    {
      "id": 37,
      "line": 51,
      "label": "System.out.println('SHA-256: ' + hash)"
    },
    {
      "id": 38,
      "line": 0,
      "label": "end-catch"
    },
    {
      "id": 39,
      "line": 52,
      "label": "catch (IllegalArgumentException|NoSuchFileException e)"
    },
    {
      "id": 40,
      "line": 53,
      "label": "System.err.println('Input error: ' + e.getMessage())"
    },
    {
      "id": 41,
      "line": 54,
      "label": "System.exit(2)"
    },
    {
      "id": 42,
      "line": 55,
      "label": "catch (NoSuchAlgorithmException e)"
    },
    {
      "id": 43,
      "line": 56,
      "label": "System.err.println('Algorithm not available: ' + e.getMessage())"
    },
    {
      "id": 44,
      "line": 57,
      "label": "System.exit(3)"
    },
    {
      "id": 45,
      "line": 58,
      "label": "catch (IOException e)"
    },
    {
      "id": 46,
      "line": 59,
      "label": "System.err.println('I/O error: ' + e.getMessage())"
    },
    {
      "id": 47,
      "line": 60,
      "label": "System.exit(4)"
    }
  ],

  "edges": [
    {
      "id": 0,
      "source": 0,
      "target": 1,
      "label": ""
    },
    {
      "id": 1,
      "source": 1,
      "target": 2,
      "label": "True"
    },
    {
      "id": 2,
      "source": 1,
      "target": 3,
      "label": "False"
    },
    {
      "id": 3,
      "source": 3,
      "target": 4,
      "label": ""
    },
    {
      "id": 4,
      "source": 5,
      "target": 6,
      "label": ""
    },
    {
      "id": 5,
      "source": 6,
      "target": 7,
      "label": "True"
    },
    {
      "id": 6,
      "source": 6,
      "target": 8,
      "label": "False"
    },
    {
      "id": 7,
      "source": 8,
      "target": 9,
      "label": ""
    },
    {
      "id": 8,
      "source": 9,
      "target": 10,
      "label": "True"
    },
    {
      "id": 9,
      "source": 9,
      "target": 11,
      "label": "False"
    },
    {
      "id": 10,
      "source": 11,
      "target": 12,
      "label": ""
    },
    {
      "id": 11,
      "source": 12,
      "target": 13,
      "label": "True"
    },
    {
      "id": 12,
      "source": 12,
      "target": 14,
      "label": "False"
    },
    {
      "id": 13,
      "source": 14,
      "target": 15,
      "label": ""
    },
    {
      "id": 14,
      "source": 15,
      "target": 16,
      "label": ""
    },
    {
      "id": 15,
      "source": 16,
      "target": 17,
      "label": ""
    },
    {
      "id": 16,
      "source": 17,
      "target": 18,
      "label": ""
    },
    {
      "id": 17,
      "source": 19,
      "target": 20,
      "label": ""
    },
    {
      "id": 18,
      "source": 20,
      "target": 21,
      "label": ""
    },
    {
      "id": 19,
      "source": 21,
      "target": 22,
      "label": "False"
    },
    {
      "id": 20,
      "source": 21,
      "target": 23,
      "label": "True"
    },
    {
      "id": 21,
      "source": 23,
      "target": 24,
      "label": ""
    },
    {
      "id": 22,
      "source": 24,
      "target": 25,
      "label": "True"
    },
    {
      "id": 23,
      "source": 25,
      "target": 26,
      "label": ""
    },
    {
      "id": 24,
      "source": 24,
      "target": 26,
      "label": "False"
    },
    {
      "id": 25,
      "source": 26,
      "target": 27,
      "label": ""
    },
    {
      "id": 26,
      "source": 27,
      "target": 21,
      "label": ""
    },
    {
      "id": 27,
      "source": 22,
      "target": 28,
      "label": ""
    },
    {
      "id": 28,
      "source": 29,
      "target": 30,
      "label": ""
    },
    {
      "id": 29,
      "source": 30,
      "target": 31,
      "label": "True"
    },
    {
      "id": 30,
      "source": 31,
      "target": 32,
      "label": ""
    },
    {
      "id": 31,
      "source": 32,
      "target": 33,
      "label": ""
    },
    {
      "id": 32,
      "source": 30,
      "target": 33,
      "label": "False"
    },
    {
      "id": 33,
      "source": 33,
      "target": 34,
      "label": ""
    },
    {
      "id": 34,
      "source": 34,
      "target": 36,
      "label": ""
    },
    {
      "id": 35,
      "source": 36,
      "target": 37,
      "label": ""
    },
    {
      "id": 36,
      "source": 37,
      "target": 35,
      "label": ""
    },
    {
      "id": 37,
      "source": 35,
      "target": 39,
      "label": "Throws"
    },
    {
      "id": 38,
      "source": 39,
      "target": 40,
      "label": ""
    },
    {
      "id": 39,
      "source": 40,
      "target": 41,
      "label": ""
    },
    {
      "id": 40,
      "source": 41,
      "target": 38,
      "label": ""
    },
    {
      "id": 41,
      "source": 35,
      "target": 42,
      "label": "Throws"
    },
    {
      "id": 42,
      "source": 42,
      "target": 43,
      "label": ""
    },
    {
      "id": 43,
      "source": 43,
      "target": 44,
      "label": ""
    },
    {
      "id": 44,
      "source": 44,
      "target": 38,
      "label": ""
    },
    {
      "id": 45,
      "source": 35,
      "target": 45,
      "label": "Throws"
    },
    {
      "id": 46,
      "source": 45,
      "target": 46,
      "label": ""
    },
    {
      "id": 47,
      "source": 46,
      "target": 47,
      "label": ""
    },
    {
      "id": 48,
      "source": 47,
      "target": 38,
      "label": ""
    },
    {
      "id": 49,
      "source": 38,
      "target": 35,
      "label": ""
    }
  ]
}
