{
  "directed": true,
  "multigraph": true,
  "label": "CFG of 36553.java",
  "type": "Control Flow Graph (CFG)",
  "file": "36553.java",
  "package": "util",

  "nodes": [
    {
      "id": 0,
      "line": 13,
      "label": "TimestampUtil ()"
    },
    {
      "id": 1,
      "line": 15,
      "label": "String nowIso()"
    },
    {
      "id": 2,
      "line": 16,
      "label": "return ISO_FORMATTER.format(Instant.now());"
    },
    {
      "id": 3,
      "line": 19,
      "label": "Instant parseIso(String iso)"
    },
    {
      "id": 4,
      "line": 20,
      "label": "if (iso == null || iso.trim().isEmpty())"
    },
    {
      "id": 5,
      "line": 21,
      "label": "throw new IllegalArgumentException('ISO timestamp must not be null or blank')"
    },
    {
      "id": 6,
      "line": 0,
      "label": "endif"
    },
    {
      "id": 7,
      "line": 23,
      "label": "try"
    },
    {
      "id": 8,
      "line": 0,
      "label": "end-try"
    },
    {
      "id": 9,
      "line": 24,
      "label": "return Instant.from(ISO_FORMATTER.parse(iso.trim()));"
    },
    {
      "id": 10,
      "line": 0,
      "label": "end-catch"
    },
    {
      "id": 11,
      "line": 25,
      "label": "catch (Exception e)"
    },
    {
      "id": 12,
      "line": 26,
      "label": "throw new IllegalArgumentException('Invalid ISO timestamp: ' + iso, e)"
    }
  ],

  "edges": [
    {
      "id": 0,
      "source": 1,
      "target": 2,
      "label": ""
    },
    {
      "id": 1,
      "source": 3,
      "target": 4,
      "label": ""
    },
    {
      "id": 2,
      "source": 4,
      "target": 5,
      "label": "True"
    },
    {
      "id": 3,
      "source": 4,
      "target": 6,
      "label": "False"
    },
    {
      "id": 4,
      "source": 6,
      "target": 7,
      "label": ""
    },
    {
      "id": 5,
      "source": 7,
      "target": 9,
      "label": ""
    },
    {
      "id": 6,
      "source": 8,
      "target": 11,
      "label": "Throws"
    },
    {
      "id": 7,
      "source": 11,
      "target": 12,
      "label": ""
    },
    {
      "id": 8,
      "source": 12,
      "target": 8,
      "label": "Throws"
    },
    {
      "id": 9,
      "source": 10,
      "target": 8,
      "label": ""
    }
  ]
}
