{
  "directed": true,
  "multigraph": true,
  "label": "CFG of 36552.java",
  "type": "Control Flow Graph (CFG)",
  "file": "36552.java",
  "package": "",

  "nodes": [
    {
      "id": 0,
      "line": 14,
      "label": "TinyHttpClient ()"
    },
    {
      "id": 1,
      "line": 15,
      "label": "this.client = HttpClient.newBuilder() .connectTimeout(DEFAULT_TIMEOUT) .build()"
    },
    {
      "id": 2,
      "line": 20,
      "label": "String get(String url)"
    },
    {
      "id": 3,
      "line": 21,
      "label": "Objects.requireNonNull(url, 'url must not be null')"
    },
    {
      "id": 4,
      "line": 22,
      "label": "HttpRequest request = HttpRequest.newBuilder()  .uri(URI.create(url))  .timeout(DEFAULT_TIMEOUT)  .GET()  .build()"
    },
    {
      "id": 5,
      "line": 27,
      "label": "HttpResponse<String> response = client.send(request, HttpResponse.BodyHandlers.ofString())"
    },
    {
      "id": 6,
      "line": 28,
      "label": "if (response.statusCode() < 200 || response.statusCode() >= 300)"
    },
    {
      "id": 7,
      "line": 29,
      "label": "throw new IOException('HTTP ' + response.statusCode())"
    },
    {
      "id": 8,
      "line": 0,
      "label": "endif"
    },
    {
      "id": 9,
      "line": 31,
      "label": "return response.body();"
    },
    {
      "id": 10,
      "line": 34,
      "label": "void main(String[] args)"
    },
    {
      "id": 11,
      "line": 35,
      "label": "if (args.length != 1)"
    },
    {
      "id": 12,
      "line": 36,
      "label": "System.err.println('Usage: java TinyHttpClient <URL>')"
    },
    {
      "id": 13,
      "line": 37,
      "label": "System.exit(1)"
    },
    {
      "id": 14,
      "line": 0,
      "label": "endif"
    },
    {
      "id": 15,
      "line": 39,
      "label": "try"
    },
    {
      "id": 16,
      "line": 0,
      "label": "end-try"
    },
    {
      "id": 17,
      "line": 40,
      "label": "TinyHttpClient http = new TinyHttpClient()"
    },
    {
      "id": 18,
      "line": 41,
      "label": "System.out.println(http.get(args[0]))"
    },
    {
      "id": 19,
      "line": 0,
      "label": "end-catch"
    },
    {
      "id": 20,
      "line": 42,
      "label": "catch (Exception e)"
    },
    {
      "id": 21,
      "line": 43,
      "label": "e.printStackTrace()"
    },
    {
      "id": 22,
      "line": 44,
      "label": "System.exit(2)"
    }
  ],

  "edges": [
    {
      "id": 0,
      "source": 0,
      "target": 1,
      "label": ""
    },
    {
      "id": 1,
      "source": 2,
      "target": 3,
      "label": ""
    },
    {
      "id": 2,
      "source": 3,
      "target": 4,
      "label": ""
    },
    {
      "id": 3,
      "source": 4,
      "target": 5,
      "label": ""
    },
    {
      "id": 4,
      "source": 5,
      "target": 6,
      "label": ""
    },
    {
      "id": 5,
      "source": 6,
      "target": 7,
      "label": "True"
    },
    {
      "id": 6,
      "source": 6,
      "target": 8,
      "label": "False"
    },
    {
      "id": 7,
      "source": 8,
      "target": 9,
      "label": ""
    },
    {
      "id": 8,
      "source": 10,
      "target": 11,
      "label": ""
    },
    {
      "id": 9,
      "source": 11,
      "target": 12,
      "label": "True"
    },
    {
      "id": 10,
      "source": 12,
      "target": 13,
      "label": ""
    },
    {
      "id": 11,
      "source": 13,
      "target": 14,
      "label": ""
    },
    {
      "id": 12,
      "source": 11,
      "target": 14,
      "label": "False"
    },
    {
      "id": 13,
      "source": 14,
      "target": 15,
      "label": ""
    },
    {
      "id": 14,
      "source": 15,
      "target": 17,
      "label": ""
    },
    {
      "id": 15,
      "source": 17,
      "target": 18,
      "label": ""
    },
    {
      "id": 16,
      "source": 18,
      "target": 16,
      "label": ""
    },
    {
      "id": 17,
      "source": 16,
      "target": 20,
      "label": "Throws"
    },
    {
      "id": 18,
      "source": 20,
      "target": 21,
      "label": ""
    },
    {
      "id": 19,
      "source": 21,
      "target": 22,
      "label": ""
    },
    {
      "id": 20,
      "source": 22,
      "target": 19,
      "label": ""
    },
    {
      "id": 21,
      "source": 19,
      "target": 16,
      "label": ""
    }
  ]
}
