{
  "directed": true,
  "multigraph": true,
  "label": "CFG of 36734.java",
  "type": "Control Flow Graph (CFG)",
  "file": "36734.java",
  "package": "",

  "nodes": [
    {
      "id": 0,
      "line": 8,
      "label": "void main(String[] args)"
    },
    {
      "id": 1,
      "line": 9,
      "label": "if (args == null || args.length != 1)"
    },
    {
      "id": 2,
      "line": 10,
      "label": "System.err.println('Usage: java FileStats <file-path>')"
    },
    {
      "id": 3,
      "line": 11,
      "label": "System.exit(1)"
    },
    {
      "id": 4,
      "line": 0,
      "label": "endif"
    },
    {
      "id": 5,
      "line": 14,
      "label": "java.nio.file.Path path = java.nio.file.Paths.get(args[0])"
    },
    {
      "id": 6,
      "line": 15,
      "label": "if (!java.nio.file.Files.exists(path))"
    },
    {
      "id": 7,
      "line": 16,
      "label": "System.err.println('Error: File does not exist: ' + path)"
    },
    {
      "id": 8,
      "line": 17,
      "label": "System.exit(2)"
    },
    {
      "id": 9,
      "line": 0,
      "label": "endif"
    },
    {
      "id": 10,
      "line": 19,
      "label": "if (!java.nio.file.Files.isRegularFile(path))"
    },
    {
      "id": 11,
      "line": 20,
      "label": "System.err.println('Error: Path is not a regular file: ' + path)"
    },
    {
      "id": 12,
      "line": 21,
      "label": "System.exit(3)"
    },
    {
      "id": 13,
      "line": 0,
      "label": "endif"
    },
    {
      "id": 14,
      "line": 23,
      "label": "if (!java.nio.file.Files.isReadable(path))"
    },
    {
      "id": 15,
      "line": 24,
      "label": "System.err.println('Error: File is not readable: ' + path)"
    },
    {
      "id": 16,
      "line": 25,
      "label": "System.exit(4)"
    },
    {
      "id": 17,
      "line": 0,
      "label": "endif"
    },
    {
      "id": 18,
      "line": 28,
      "label": "try"
    },
    {
      "id": 19,
      "line": 0,
      "label": "end-try"
    },
    {
      "id": 20,
      "line": 29,
      "label": "Stats stats = computeStats(path)"
    },
    {
      "id": 21,
      "line": 30,
      "label": "System.out.println('Lines: ' + stats.lines)"
    },
    {
      "id": 22,
      "line": 31,
      "label": "System.out.println('Words: ' + stats.words)"
    },
    {
      "id": 23,
      "line": 32,
      "label": "System.out.println('Characters: ' + stats.characters)"
    },
    {
      "id": 24,
      "line": 0,
      "label": "end-catch"
    },
    {
      "id": 25,
      "line": 33,
      "label": "catch (java.io.IOException e)"
    },
    {
      "id": 26,
      "line": 34,
      "label": "System.err.println('I/O error while processing file: ' + e.getMessage())"
    },
    {
      "id": 27,
      "line": 35,
      "label": "System.exit(5)"
    },
    {
      "id": 28,
      "line": 39,
      "label": "Stats computeStats(java.nio.file.Path path)"
    },
    {
      "id": 29,
      "line": 40,
      "label": "Stats stats = new Stats()"
    },
    {
      "id": 30,
      "line": 41,
      "label": "try"
    },
    {
      "id": 31,
      "line": 41,
      "label": "java.io.BufferedReader reader = java.nio.file.Files.newBufferedReader(path)"
    },
    {
      "id": 32,
      "line": 0,
      "label": "end-try"
    },
    {
      "id": 33,
      "line": 42,
      "label": "String line"
    },
    {
      "id": 34,
      "line": 43,
      "label": "while ((line = reader.readLine()) != null)"
    },
    {
      "id": 35,
      "line": 0,
      "label": "endwhile"
    },
    {
      "id": 36,
      "line": 44,
      "label": "stats.lines++"
    },
    {
      "id": 37,
      "line": 45,
      "label": "stats.characters += line.length() + System.lineSeparator().length()"
    },
    {
      "id": 38,
      "line": 46,
      "label": "stats.words += countWordsInLine(line)"
    },
    {
      "id": 39,
      "line": 49,
      "label": "return stats;"
    },
    {
      "id": 40,
      "line": 52,
      "label": "long countWordsInLine(String line)"
    },
    {
      "id": 41,
      "line": 53,
      "label": "if (line == null || line.isBlank())"
    },
    {
      "id": 42,
      "line": 54,
      "label": "return 0;"
    },
    {
      "id": 43,
      "line": 0,
      "label": "endif"
    },
    {
      "id": 44,
      "line": 56,
      "label": "String[] tokens = line.trim().split('\\\\s+')"
    },
    {
      "id": 45,
      "line": 57,
      "label": "return tokens.length;"
    }
  ],

  "edges": [
    {
      "id": 0,
      "source": 0,
      "target": 1,
      "label": ""
    },
    {
      "id": 1,
      "source": 1,
      "target": 2,
      "label": "True"
    },
    {
      "id": 2,
      "source": 2,
      "target": 3,
      "label": ""
    },
    {
      "id": 3,
      "source": 3,
      "target": 4,
      "label": ""
    },
    {
      "id": 4,
      "source": 1,
      "target": 4,
      "label": "False"
    },
    {
      "id": 5,
      "source": 4,
      "target": 5,
      "label": ""
    },
    {
      "id": 6,
      "source": 5,
      "target": 6,
      "label": ""
    },
    {
      "id": 7,
      "source": 6,
      "target": 7,
      "label": "True"
    },
    {
      "id": 8,
      "source": 7,
      "target": 8,
      "label": ""
    },
    {
      "id": 9,
      "source": 8,
      "target": 9,
      "label": ""
    },
    {
      "id": 10,
      "source": 6,
      "target": 9,
      "label": "False"
    },
    {
      "id": 11,
      "source": 9,
      "target": 10,
      "label": ""
    },
    {
      "id": 12,
      "source": 10,
      "target": 11,
      "label": "True"
    },
    {
      "id": 13,
      "source": 11,
      "target": 12,
      "label": ""
    },
    {
      "id": 14,
      "source": 12,
      "target": 13,
      "label": ""
    },
    {
      "id": 15,
      "source": 10,
      "target": 13,
      "label": "False"
    },
    {
      "id": 16,
      "source": 13,
      "target": 14,
      "label": ""
    },
    {
      "id": 17,
      "source": 14,
      "target": 15,
      "label": "True"
    },
    {
      "id": 18,
      "source": 15,
      "target": 16,
      "label": ""
    },
    {
      "id": 19,
      "source": 16,
      "target": 17,
      "label": ""
    },
    {
      "id": 20,
      "source": 14,
      "target": 17,
      "label": "False"
    },
    {
      "id": 21,
      "source": 17,
      "target": 18,
      "label": ""
    },
    {
      "id": 22,
      "source": 18,
      "target": 20,
      "label": ""
    },
    {
      "id": 23,
      "source": 20,
      "target": 21,
      "label": ""
    },
    {
      "id": 24,
      "source": 21,
      "target": 22,
      "label": ""
    },
    {
      "id": 25,
      "source": 22,
      "target": 23,
      "label": ""
    },
    {
      "id": 26,
      "source": 23,
      "target": 19,
      "label": ""
    },
    {
      "id": 27,
      "source": 19,
      "target": 25,
      "label": "Throws"
    },
    {
      "id": 28,
      "source": 25,
      "target": 26,
      "label": ""
    },
    {
      "id": 29,
      "source": 26,
      "target": 27,
      "label": ""
    },
    {
      "id": 30,
      "source": 27,
      "target": 24,
      "label": ""
    },
    {
      "id": 31,
      "source": 24,
      "target": 19,
      "label": ""
    },
    {
      "id": 32,
      "source": 28,
      "target": 29,
      "label": ""
    },
    {
      "id": 33,
      "source": 29,
      "target": 30,
      "label": ""
    },
    {
      "id": 34,
      "source": 30,
      "target": 31,
      "label": ""
    },
    {
      "id": 35,
      "source": 31,
      "target": 33,
      "label": ""
    },
    {
      "id": 36,
      "source": 33,
      "target": 34,
      "label": ""
    },
    {
      "id": 37,
      "source": 34,
      "target": 35,
      "label": "False"
    },
    {
      "id": 38,
      "source": 34,
      "target": 36,
      "label": "True"
    },
    {
      "id": 39,
      "source": 36,
      "target": 37,
      "label": ""
    },
    {
      "id": 40,
      "source": 37,
      "target": 38,
      "label": ""
    },
    {
      "id": 41,
      "source": 38,
      "target": 34,
      "label": ""
    },
    {
      "id": 42,
      "source": 35,
      "target": 32,
      "label": ""
    },
    {
      "id": 43,
      "source": 32,
      "target": 39,
      "label": ""
    },
    {
      "id": 44,
      "source": 40,
      "target": 41,
      "label": ""
    },
    {
      "id": 45,
      "source": 41,
      "target": 42,
      "label": "True"
    },
    {
      "id": 46,
      "source": 41,
      "target": 43,
      "label": "False"
    },
    {
      "id": 47,
      "source": 43,
      "target": 44,
      "label": ""
    },
    {
      "id": 48,
      "source": 44,
      "target": 45,
      "label": ""
    }
  ]
}
