{
  "directed": true,
  "multigraph": true,
  "label": "CFG of 36735.java",
  "type": "Control Flow Graph (CFG)",
  "file": "36735.java",
  "package": "",

  "nodes": [
    {
      "id": 0,
      "line": 11,
      "label": "void main(String[] args)"
    },
    {
      "id": 1,
      "line": 12,
      "label": "if (args == null || args.length != 1)"
    },
    {
      "id": 2,
      "line": 13,
      "label": "System.err.println('Usage: java FileChecksum <file_path>')"
    },
    {
      "id": 3,
      "line": 14,
      "label": "System.exit(1)"
    },
    {
      "id": 4,
      "line": 0,
      "label": "endif"
    },
    {
      "id": 5,
      "line": 17,
      "label": "File file = new File(args[0])"
    },
    {
      "id": 6,
      "line": 18,
      "label": "if (!file.isFile() || !file.canRead())"
    },
    {
      "id": 7,
      "line": 19,
      "label": "System.err.println('Error: File does not exist or cannot be read.')"
    },
    {
      "id": 8,
      "line": 20,
      "label": "System.exit(2)"
    },
    {
      "id": 9,
      "line": 0,
      "label": "endif"
    },
    {
      "id": 10,
      "line": 23,
      "label": "try"
    },
    {
      "id": 11,
      "line": 0,
      "label": "end-try"
    },
    {
      "id": 12,
      "line": 24,
      "label": "String checksum = calculateSHA256(file)"
    },
    {
      "id": 13,
      "line": 25,
      "label": "System.out.println('SHA-256: ' + checksum)"
    },
    {
      "id": 14,
      "line": 0,
      "label": "end-catch"
    },
    {
      "id": 15,
      "line": 26,
      "label": "catch (IOException e)"
    },
    {
      "id": 16,
      "line": 27,
      "label": "System.err.println('I/O error: ' + e.getMessage())"
    },
    {
      "id": 17,
      "line": 28,
      "label": "System.exit(3)"
    },
    {
      "id": 18,
      "line": 29,
      "label": "catch (NoSuchAlgorithmException e)"
    },
    {
      "id": 19,
      "line": 30,
      "label": "System.err.println('Algorithm error: ' + e.getMessage())"
    },
    {
      "id": 20,
      "line": 31,
      "label": "System.exit(4)"
    },
    {
      "id": 21,
      "line": 35,
      "label": "String calculateSHA256(File file)"
    },
    {
      "id": 22,
      "line": 36,
      "label": "MessageDigest digest = MessageDigest.getInstance('SHA-256')"
    },
    {
      "id": 23,
      "line": 37,
      "label": "try"
    },
    {
      "id": 24,
      "line": 37,
      "label": "FileInputStream fis = new FileInputStream(file)"
    },
    {
      "id": 25,
      "line": 38,
      "label": "DigestInputStream dis = new DigestInputStream(fis, digest)"
    },
    {
      "id": 26,
      "line": 0,
      "label": "end-try"
    },
    {
      "id": 27,
      "line": 39,
      "label": "byte[] buffer = new byte[BUFFER_SIZE]"
    },
    {
      "id": 28,
      "line": 40,
      "label": "while (dis.read(buffer) != -1)"
    },
    {
      "id": 29,
      "line": 0,
      "label": "endwhile"
    },
    {
      "id": 30,
      "line": 44,
      "label": "byte[] hash = digest.digest()"
    },
    {
      "id": 31,
      "line": 45,
      "label": "return bytesToHex(hash);"
    },
    {
      "id": 32,
      "line": 48,
      "label": "String bytesToHex(byte[] bytes)"
    },
    {
      "id": 33,
      "line": 49,
      "label": "StringBuilder sb = new StringBuilder(bytes.length * 2)"
    },
    {
      "id": 34,
      "line": 50,
      "label": "for (byte b : bytes)"
    },
    {
      "id": 35,
      "line": 0,
      "label": "endfor"
    },
    {
      "id": 36,
      "line": 51,
      "label": "sb.append(Character.forDigit((b >> 4) & 0xF, 16))"
    },
    {
      "id": 37,
      "line": 52,
      "label": "sb.append(Character.forDigit(b & 0xF, 16))"
    },
    {
      "id": 38,
      "line": 54,
      "label": "return sb.toString();"
    }
  ],

  "edges": [
    {
      "id": 0,
      "source": 0,
      "target": 1,
      "label": ""
    },
    {
      "id": 1,
      "source": 1,
      "target": 2,
      "label": "True"
    },
    {
      "id": 2,
      "source": 2,
      "target": 3,
      "label": ""
    },
    {
      "id": 3,
      "source": 3,
      "target": 4,
      "label": ""
    },
    {
      "id": 4,
      "source": 1,
      "target": 4,
      "label": "False"
    },
    {
      "id": 5,
      "source": 4,
      "target": 5,
      "label": ""
    },
    {
      "id": 6,
      "source": 5,
      "target": 6,
      "label": ""
    },
    {
      "id": 7,
      "source": 6,
      "target": 7,
      "label": "True"
    },
    {
      "id": 8,
      "source": 7,
      "target": 8,
      "label": ""
    },
    {
      "id": 9,
      "source": 8,
      "target": 9,
      "label": ""
    },
    {
      "id": 10,
      "source": 6,
      "target": 9,
      "label": "False"
    },
    {
      "id": 11,
      "source": 9,
      "target": 10,
      "label": ""
    },
    {
      "id": 12,
      "source": 10,
      "target": 12,
      "label": ""
    },
    {
      "id": 13,
      "source": 12,
      "target": 13,
      "label": ""
    },
    {
      "id": 14,
      "source": 13,
      "target": 11,
      "label": ""
    },
    {
      "id": 15,
      "source": 11,
      "target": 15,
      "label": "Throws"
    },
    {
      "id": 16,
      "source": 15,
      "target": 16,
      "label": ""
    },
    {
      "id": 17,
      "source": 16,
      "target": 17,
      "label": ""
    },
    {
      "id": 18,
      "source": 17,
      "target": 14,
      "label": ""
    },
    {
      "id": 19,
      "source": 11,
      "target": 18,
      "label": "Throws"
    },
    {
      "id": 20,
      "source": 18,
      "target": 19,
      "label": ""
    },
    {
      "id": 21,
      "source": 19,
      "target": 20,
      "label": ""
    },
    {
      "id": 22,
      "source": 20,
      "target": 14,
      "label": ""
    },
    {
      "id": 23,
      "source": 14,
      "target": 11,
      "label": ""
    },
    {
      "id": 24,
      "source": 21,
      "target": 22,
      "label": ""
    },
    {
      "id": 25,
      "source": 22,
      "target": 23,
      "label": ""
    },
    {
      "id": 26,
      "source": 23,
      "target": 24,
      "label": ""
    },
    {
      "id": 27,
      "source": 24,
      "target": 25,
      "label": ""
    },
    {
      "id": 28,
      "source": 25,
      "target": 27,
      "label": ""
    },
    {
      "id": 29,
      "source": 27,
      "target": 28,
      "label": ""
    },
    {
      "id": 30,
      "source": 28,
      "target": 29,
      "label": "False"
    },
    {
      "id": 31,
      "source": 28,
      "target": 28,
      "label": "True"
    },
    {
      "id": 32,
      "source": 29,
      "target": 26,
      "label": ""
    },
    {
      "id": 33,
      "source": 26,
      "target": 30,
      "label": ""
    },
    {
      "id": 34,
      "source": 30,
      "target": 31,
      "label": ""
    },
    {
      "id": 35,
      "source": 32,
      "target": 33,
      "label": ""
    },
    {
      "id": 36,
      "source": 33,
      "target": 34,
      "label": ""
    },
    {
      "id": 37,
      "source": 34,
      "target": 35,
      "label": "False"
    },
    {
      "id": 38,
      "source": 34,
      "target": 36,
      "label": "True"
    },
    {
      "id": 39,
      "source": 36,
      "target": 37,
      "label": ""
    },
    {
      "id": 40,
      "source": 37,
      "target": 34,
      "label": ""
    },
    {
      "id": 41,
      "source": 35,
      "target": 38,
      "label": ""
    }
  ]
}
