{
  "directed": true,
  "multigraph": true,
  "label": "CFG of 36858.java",
  "type": "Control Flow Graph (CFG)",
  "file": "36858.java",
  "package": "",

  "nodes": [
    {
      "id": 0,
      "line": 7,
      "label": "Range (int start, int end)"
    },
    {
      "id": 1,
      "line": 8,
      "label": "if (start > end)"
    },
    {
      "id": 2,
      "line": 9,
      "label": "throw new IllegalArgumentException('Start must be <= end')"
    },
    {
      "id": 3,
      "line": 0,
      "label": "endif"
    },
    {
      "id": 4,
      "line": 11,
      "label": "this.start = start"
    },
    {
      "id": 5,
      "line": 12,
      "label": "this.end = end"
    },
    {
      "id": 6,
      "line": 15,
      "label": "int getStart()"
    },
    {
      "id": 7,
      "line": 16,
      "label": "return start;"
    },
    {
      "id": 8,
      "line": 19,
      "label": "int getEnd()"
    },
    {
      "id": 9,
      "line": 20,
      "label": "return end;"
    },
    {
      "id": 10,
      "line": 23,
      "label": "boolean contains(int value)"
    },
    {
      "id": 11,
      "line": 24,
      "label": "return value >= start && value <= end;"
    },
    {
      "id": 12,
      "line": 27,
      "label": "boolean contains(Range other)"
    },
    {
      "id": 13,
      "line": 28,
      "label": "return start <= other.start && end >= other.end;"
    },
    {
      "id": 14,
      "line": 31,
      "label": "boolean overlaps(Range other)"
    },
    {
      "id": 15,
      "line": 32,
      "label": "return start <= other.end && end >= other.start;"
    },
    {
      "id": 16,
      "line": 35,
      "label": "Range intersection(Range other)"
    },
    {
      "id": 17,
      "line": 36,
      "label": "if (!overlaps(other))"
    },
    {
      "id": 18,
      "line": 37,
      "label": "return null;"
    },
    {
      "id": 19,
      "line": 0,
      "label": "endif"
    },
    {
      "id": 20,
      "line": 39,
      "label": "int newStart = Math.max(start, other.start)"
    },
    {
      "id": 21,
      "line": 40,
      "label": "int newEnd = Math.min(end, other.end)"
    },
    {
      "id": 22,
      "line": 41,
      "label": "return new Range(newStart, newEnd);"
    },
    {
      "id": 23,
      "line": 44,
      "label": "int size()"
    },
    {
      "id": 24,
      "line": 45,
      "label": "return end - start + 1;"
    },
    {
      "id": 25,
      "line": 49,
      "label": "int compareTo(Range o)"
    },
    {
      "id": 26,
      "line": 50,
      "label": "int cmp = Integer.compare(start, o.start)"
    },
    {
      "id": 27,
      "line": 51,
      "label": "return cmp != 0 ? cmp : Integer.compare(end, o.end);"
    },
    {
      "id": 28,
      "line": 55,
      "label": "boolean equals(Object o)"
    },
    {
      "id": 29,
      "line": 56,
      "label": "if (this == o)"
    },
    {
      "id": 30,
      "line": 56,
      "label": "return true;"
    },
    {
      "id": 31,
      "line": 0,
      "label": "endif"
    },
    {
      "id": 32,
      "line": 57,
      "label": "if (!(o instanceof Range))"
    },
    {
      "id": 33,
      "line": 57,
      "label": "return false;"
    },
    {
      "id": 34,
      "line": 0,
      "label": "endif"
    },
    {
      "id": 35,
      "line": 58,
      "label": "Range range = (Range) o"
    },
    {
      "id": 36,
      "line": 59,
      "label": "return start == range.start && end == range.end;"
    },
    {
      "id": 37,
      "line": 63,
      "label": "int hashCode()"
    },
    {
      "id": 38,
      "line": 64,
      "label": "return Objects.hash(start, end);"
    },
    {
      "id": 39,
      "line": 68,
      "label": "String toString()"
    },
    {
      "id": 40,
      "line": 69,
      "label": "return '[' + start + ', ' + end + ']';"
    }
  ],

  "edges": [
    {
      "id": 0,
      "source": 0,
      "target": 1,
      "label": ""
    },
    {
      "id": 1,
      "source": 1,
      "target": 2,
      "label": "True"
    },
    {
      "id": 2,
      "source": 1,
      "target": 3,
      "label": "False"
    },
    {
      "id": 3,
      "source": 3,
      "target": 4,
      "label": ""
    },
    {
      "id": 4,
      "source": 4,
      "target": 5,
      "label": ""
    },
    {
      "id": 5,
      "source": 6,
      "target": 7,
      "label": ""
    },
    {
      "id": 6,
      "source": 8,
      "target": 9,
      "label": ""
    },
    {
      "id": 7,
      "source": 10,
      "target": 11,
      "label": ""
    },
    {
      "id": 8,
      "source": 12,
      "target": 13,
      "label": ""
    },
    {
      "id": 9,
      "source": 14,
      "target": 15,
      "label": ""
    },
    {
      "id": 10,
      "source": 16,
      "target": 17,
      "label": ""
    },
    {
      "id": 11,
      "source": 17,
      "target": 18,
      "label": "True"
    },
    {
      "id": 12,
      "source": 17,
      "target": 19,
      "label": "False"
    },
    {
      "id": 13,
      "source": 19,
      "target": 20,
      "label": ""
    },
    {
      "id": 14,
      "source": 20,
      "target": 21,
      "label": ""
    },
    {
      "id": 15,
      "source": 21,
      "target": 22,
      "label": ""
    },
    {
      "id": 16,
      "source": 23,
      "target": 24,
      "label": ""
    },
    {
      "id": 17,
      "source": 25,
      "target": 26,
      "label": ""
    },
    {
      "id": 18,
      "source": 26,
      "target": 27,
      "label": ""
    },
    {
      "id": 19,
      "source": 28,
      "target": 29,
      "label": ""
    },
    {
      "id": 20,
      "source": 29,
      "target": 30,
      "label": "True"
    },
    {
      "id": 21,
      "source": 29,
      "target": 31,
      "label": "False"
    },
    {
      "id": 22,
      "source": 31,
      "target": 32,
      "label": ""
    },
    {
      "id": 23,
      "source": 32,
      "target": 33,
      "label": "True"
    },
    {
      "id": 24,
      "source": 32,
      "target": 34,
      "label": "False"
    },
    {
      "id": 25,
      "source": 34,
      "target": 35,
      "label": ""
    },
    {
      "id": 26,
      "source": 35,
      "target": 36,
      "label": ""
    },
    {
      "id": 27,
      "source": 37,
      "target": 38,
      "label": ""
    },
    {
      "id": 28,
      "source": 39,
      "target": 40,
      "label": ""
    }
  ]
}
