{
  "directed": true,
  "multigraph": true,
  "label": "CFG of 36859.java",
  "type": "Control Flow Graph (CFG)",
  "file": "36859.java",
  "package": "",

  "nodes": [
    {
      "id": 0,
      "line": 12,
      "label": "TinyUuid (long mostSigBits, long leastSigBits)"
    },
    {
      "id": 1,
      "line": 13,
      "label": "this.mostSigBits = mostSigBits"
    },
    {
      "id": 2,
      "line": 14,
      "label": "this.leastSigBits = leastSigBits"
    },
    {
      "id": 3,
      "line": 17,
      "label": "TinyUuid randomUuid()"
    },
    {
      "id": 4,
      "line": 18,
      "label": "java.util.UUID jdk = java.util.UUID.randomUUID()"
    },
    {
      "id": 5,
      "line": 19,
      "label": "return new TinyUuid(jdk.getMostSignificantBits(), jdk.getLeastSignificantBits());"
    },
    {
      "id": 6,
      "line": 22,
      "label": "TinyUuid fromString(String name)"
    },
    {
      "id": 7,
      "line": 23,
      "label": "Objects.requireNonNull(name, 'name')"
    },
    {
      "id": 8,
      "line": 24,
      "label": "if (name.length() != 36 || name.charAt(8) != '-' || name.charAt(13) != '-' || name.charAt(18) != '-' || name.charAt(23) != '-')"
    },
    {
      "id": 9,
      "line": 25,
      "label": "throw new IllegalArgumentException('Invalid UUID string: ' + name)"
    },
    {
      "id": 10,
      "line": 0,
      "label": "endif"
    },
    {
      "id": 11,
      "line": 27,
      "label": "long msb = 0"
    },
    {
      "id": 12,
      "line": 28,
      "label": "long lsb = 0"
    },
    {
      "id": 13,
      "line": 29,
      "label": "int i = 0"
    },
    {
      "id": 14,
      "line": 29,
      "label": "for (i < 36)"
    },
    {
      "id": 15,
      "line": 29,
      "label": "i++"
    },
    {
      "id": 16,
      "line": 0,
      "label": "endfor"
    },
    {
      "id": 17,
      "line": 30,
      "label": "char c = name.charAt(i)"
    },
    {
      "id": 18,
      "line": 31,
      "label": "if (c == '-')"
    },
    {
      "id": 19,
      "line": 31,
      "label": "continue;"
    },
    {
      "id": 20,
      "line": 0,
      "label": "endif"
    },
    {
      "id": 21,
      "line": 32,
      "label": "int nibble = Character.digit(c, 16)"
    },
    {
      "id": 22,
      "line": 33,
      "label": "if (nibble < 0)"
    },
    {
      "id": 23,
      "line": 33,
      "label": "throw new IllegalArgumentException('Invalid UUID string: ' + name)"
    },
    {
      "id": 24,
      "line": 0,
      "label": "endif"
    },
    {
      "id": 25,
      "line": 34,
      "label": "if (i < 18)"
    },
    {
      "id": 26,
      "line": 35,
      "label": "msb = (msb << 4) | nibble"
    },
    {
      "id": 27,
      "line": 0,
      "label": "endif"
    },
    {
      "id": 28,
      "line": 37,
      "label": "lsb = (lsb << 4) | nibble"
    },
    {
      "id": 29,
      "line": 40,
      "label": "return new TinyUuid(msb, lsb);"
    },
    {
      "id": 30,
      "line": 43,
      "label": "String toString()"
    },
    {
      "id": 31,
      "line": 44,
      "label": "return digits(mostSigBits >> 32, 8) + '-' +  digits(mostSigBits >> 16, 4) + '-' +  digits(mostSigBits, 4) + '-' +  digits(leastSigBits >> 48, 4) + '-' +  digits(leastSigBits, 12);"
    },
    {
      "id": 32,
      "line": 51,
      "label": "String digits(long val, int digits)"
    },
    {
      "id": 33,
      "line": 52,
      "label": "long hi = 1L << (digits * 4)"
    },
    {
      "id": 34,
      "line": 53,
      "label": "return Long.toHexString(hi | (val & (hi - 1))).substring(1);"
    },
    {
      "id": 35,
      "line": 56,
      "label": "boolean equals(Object o)"
    },
    {
      "id": 36,
      "line": 57,
      "label": "if (this == o)"
    },
    {
      "id": 37,
      "line": 57,
      "label": "return true;"
    },
    {
      "id": 38,
      "line": 0,
      "label": "endif"
    },
    {
      "id": 39,
      "line": 58,
      "label": "if (!(o instanceof TinyUuid))"
    },
    {
      "id": 40,
      "line": 58,
      "label": "return false;"
    },
    {
      "id": 41,
      "line": 0,
      "label": "endif"
    },
    {
      "id": 42,
      "line": 59,
      "label": "TinyUuid that = (TinyUuid) o"
    },
    {
      "id": 43,
      "line": 60,
      "label": "return mostSigBits == that.mostSigBits && leastSigBits == that.leastSigBits;"
    },
    {
      "id": 44,
      "line": 63,
      "label": "int hashCode()"
    },
    {
      "id": 45,
      "line": 64,
      "label": "return (int) ((mostSigBits >> 32) ^ (mostSigBits >> 16) ^ mostSigBits ^ (leastSigBits >> 32) ^ (leastSigBits >> 16) ^ leastSigBits);"
    }
  ],

  "edges": [
    {
      "id": 0,
      "source": 0,
      "target": 1,
      "label": ""
    },
    {
      "id": 1,
      "source": 1,
      "target": 2,
      "label": ""
    },
    {
      "id": 2,
      "source": 3,
      "target": 4,
      "label": ""
    },
    {
      "id": 3,
      "source": 4,
      "target": 5,
      "label": ""
    },
    {
      "id": 4,
      "source": 6,
      "target": 7,
      "label": ""
    },
    {
      "id": 5,
      "source": 7,
      "target": 8,
      "label": ""
    },
    {
      "id": 6,
      "source": 8,
      "target": 9,
      "label": "True"
    },
    {
      "id": 7,
      "source": 8,
      "target": 10,
      "label": "False"
    },
    {
      "id": 8,
      "source": 10,
      "target": 11,
      "label": ""
    },
    {
      "id": 9,
      "source": 11,
      "target": 12,
      "label": ""
    },
    {
      "id": 10,
      "source": 12,
      "target": 13,
      "label": ""
    },
    {
      "id": 11,
      "source": 13,
      "target": 14,
      "label": ""
    },
    {
      "id": 12,
      "source": 14,
      "target": 16,
      "label": "False"
    },
    {
      "id": 13,
      "source": 14,
      "target": 17,
      "label": "True"
    },
    {
      "id": 14,
      "source": 17,
      "target": 18,
      "label": ""
    },
    {
      "id": 15,
      "source": 18,
      "target": 19,
      "label": "True"
    },
    {
      "id": 16,
      "source": 19,
      "target": 15,
      "label": ""
    },
    {
      "id": 17,
      "source": 18,
      "target": 20,
      "label": "False"
    },
    {
      "id": 18,
      "source": 20,
      "target": 21,
      "label": ""
    },
    {
      "id": 19,
      "source": 21,
      "target": 22,
      "label": ""
    },
    {
      "id": 20,
      "source": 22,
      "target": 23,
      "label": "True"
    },
    {
      "id": 21,
      "source": 22,
      "target": 24,
      "label": "False"
    },
    {
      "id": 22,
      "source": 24,
      "target": 25,
      "label": ""
    },
    {
      "id": 23,
      "source": 25,
      "target": 26,
      "label": "True"
    },
    {
      "id": 24,
      "source": 26,
      "target": 27,
      "label": ""
    },
    {
      "id": 25,
      "source": 25,
      "target": 28,
      "label": "False"
    },
    {
      "id": 26,
      "source": 28,
      "target": 27,
      "label": ""
    },
    {
      "id": 27,
      "source": 27,
      "target": 15,
      "label": ""
    },
    {
      "id": 28,
      "source": 15,
      "target": 14,
      "label": ""
    },
    {
      "id": 29,
      "source": 16,
      "target": 29,
      "label": ""
    },
    {
      "id": 30,
      "source": 30,
      "target": 31,
      "label": ""
    },
    {
      "id": 31,
      "source": 32,
      "target": 33,
      "label": ""
    },
    {
      "id": 32,
      "source": 33,
      "target": 34,
      "label": ""
    },
    {
      "id": 33,
      "source": 35,
      "target": 36,
      "label": ""
    },
    {
      "id": 34,
      "source": 36,
      "target": 37,
      "label": "True"
    },
    {
      "id": 35,
      "source": 36,
      "target": 38,
      "label": "False"
    },
    {
      "id": 36,
      "source": 38,
      "target": 39,
      "label": ""
    },
    {
      "id": 37,
      "source": 39,
      "target": 40,
      "label": "True"
    },
    {
      "id": 38,
      "source": 39,
      "target": 41,
      "label": "False"
    },
    {
      "id": 39,
      "source": 41,
      "target": 42,
      "label": ""
    },
    {
      "id": 40,
      "source": 42,
      "target": 43,
      "label": ""
    },
    {
      "id": 41,
      "source": 44,
      "target": 45,
      "label": ""
    }
  ]
}
