{
  "directed": true,
  "multigraph": true,
  "label": "CFG of 36950.java",
  "type": "Control Flow Graph (CFG)",
  "file": "36950.java",
  "package": "",

  "nodes": [
    {
      "id": 0,
      "line": 12,
      "label": "Response (int status, String body, Map<String, List<String>> headers)"
    },
    {
      "id": 1,
      "line": 13,
      "label": "this.status = status"
    },
    {
      "id": 2,
      "line": 14,
      "label": "this.body = body"
    },
    {
      "id": 3,
      "line": 15,
      "label": "this.headers = headers"
    },
    {
      "id": 4,
      "line": 19,
      "label": "Response get(String url, Map<String, String> headers, int timeoutMs)"
    },
    {
      "id": 5,
      "line": 21,
      "label": "Objects.requireNonNull(url, 'url')"
    },
    {
      "id": 6,
      "line": 22,
      "label": "if (timeoutMs < 0)"
    },
    {
      "id": 7,
      "line": 22,
      "label": "throw new IllegalArgumentException('timeout must be >= 0')"
    },
    {
      "id": 8,
      "line": 0,
      "label": "endif"
    },
    {
      "id": 9,
      "line": 24,
      "label": "try"
    },
    {
      "id": 10,
      "line": 0,
      "label": "end-try"
    },
    {
      "id": 11,
      "line": 25,
      "label": "HttpURLConnection con = (HttpURLConnection) new URL(url).openConnection()"
    },
    {
      "id": 12,
      "line": 26,
      "label": "con.setRequestMethod('GET')"
    },
    {
      "id": 13,
      "line": 27,
      "label": "con.setConnectTimeout(timeoutMs)"
    },
    {
      "id": 14,
      "line": 28,
      "label": "con.setReadTimeout(timeoutMs)"
    },
    {
      "id": 15,
      "line": 29,
      "label": "if (headers != null)"
    },
    {
      "id": 16,
      "line": 30,
      "label": "headers.forEach(con::setRequestProperty)"
    },
    {
      "id": 17,
      "line": 0,
      "label": "endif"
    },
    {
      "id": 18,
      "line": 33,
      "label": "int status = con.getResponseCode()"
    },
    {
      "id": 19,
      "line": 34,
      "label": "String body = new String(con.getInputStream().readAllBytes(), StandardCharsets.UTF_8)"
    },
    {
      "id": 20,
      "line": 35,
      "label": "return new Response(status, body, con.getHeaderFields());"
    },
    {
      "id": 21,
      "line": 0,
      "label": "end-catch"
    },
    {
      "id": 22,
      "line": 37,
      "label": "catch (Exception e)"
    },
    {
      "id": 23,
      "line": 38,
      "label": "throw new RuntimeException(e)"
    },
    {
      "id": 24,
      "line": 42,
      "label": "void main(String[] args)"
    },
    {
      "id": 25,
      "line": 43,
      "label": "Response r = get('https://httpbin.org/json', null, 3000)"
    },
    {
      "id": 26,
      "line": 44,
      "label": "System.out.println('Status: ' + r.status)"
    },
    {
      "id": 27,
      "line": 45,
      "label": "System.out.println('Body: ' + r.body)"
    }
  ],

  "edges": [
    {
      "id": 0,
      "source": 0,
      "target": 1,
      "label": ""
    },
    {
      "id": 1,
      "source": 1,
      "target": 2,
      "label": ""
    },
    {
      "id": 2,
      "source": 2,
      "target": 3,
      "label": ""
    },
    {
      "id": 3,
      "source": 4,
      "target": 5,
      "label": ""
    },
    {
      "id": 4,
      "source": 5,
      "target": 6,
      "label": ""
    },
    {
      "id": 5,
      "source": 6,
      "target": 7,
      "label": "True"
    },
    {
      "id": 6,
      "source": 6,
      "target": 8,
      "label": "False"
    },
    {
      "id": 7,
      "source": 8,
      "target": 9,
      "label": ""
    },
    {
      "id": 8,
      "source": 9,
      "target": 11,
      "label": ""
    },
    {
      "id": 9,
      "source": 11,
      "target": 12,
      "label": ""
    },
    {
      "id": 10,
      "source": 12,
      "target": 13,
      "label": ""
    },
    {
      "id": 11,
      "source": 13,
      "target": 14,
      "label": ""
    },
    {
      "id": 12,
      "source": 14,
      "target": 15,
      "label": ""
    },
    {
      "id": 13,
      "source": 15,
      "target": 16,
      "label": "True"
    },
    {
      "id": 14,
      "source": 16,
      "target": 17,
      "label": ""
    },
    {
      "id": 15,
      "source": 15,
      "target": 17,
      "label": "False"
    },
    {
      "id": 16,
      "source": 17,
      "target": 18,
      "label": ""
    },
    {
      "id": 17,
      "source": 18,
      "target": 19,
      "label": ""
    },
    {
      "id": 18,
      "source": 19,
      "target": 20,
      "label": ""
    },
    {
      "id": 19,
      "source": 10,
      "target": 22,
      "label": "Throws"
    },
    {
      "id": 20,
      "source": 22,
      "target": 23,
      "label": ""
    },
    {
      "id": 21,
      "source": 23,
      "target": 10,
      "label": "Throws"
    },
    {
      "id": 22,
      "source": 21,
      "target": 10,
      "label": ""
    },
    {
      "id": 23,
      "source": 24,
      "target": 25,
      "label": ""
    },
    {
      "id": 24,
      "source": 25,
      "target": 26,
      "label": ""
    },
    {
      "id": 25,
      "source": 26,
      "target": 27,
      "label": ""
    }
  ]
}
