{
  "directed": true,
  "multigraph": true,
  "label": "CFG of 36951.java",
  "type": "Control Flow Graph (CFG)",
  "file": "36951.java",
  "package": "util",

  "nodes": [
    {
      "id": 0,
      "line": 13,
      "label": "EmailValidator ()"
    },
    {
      "id": 1,
      "line": 14,
      "label": "throw new AssertionError('Cannot instantiate EmailValidator')"
    },
    {
      "id": 2,
      "line": 17,
      "label": "boolean isValid(String email)"
    },
    {
      "id": 3,
      "line": 18,
      "label": "return email != null && EMAIL_PATTERN.matcher(email).matches();"
    },
    {
      "id": 4,
      "line": 21,
      "label": "String normalize(String email)"
    },
    {
      "id": 5,
      "line": 22,
      "label": "Objects.requireNonNull(email, 'email must not be null')"
    },
    {
      "id": 6,
      "line": 23,
      "label": "return email.trim().toLowerCase();"
    }
  ],

  "edges": [
    {
      "id": 0,
      "source": 0,
      "target": 1,
      "label": ""
    },
    {
      "id": 1,
      "source": 2,
      "target": 3,
      "label": ""
    },
    {
      "id": 2,
      "source": 4,
      "target": 5,
      "label": ""
    },
    {
      "id": 3,
      "source": 5,
      "target": 6,
      "label": ""
    }
  ]
}
