{
  "directed": true,
  "multigraph": true,
  "label": "CFG of 37132.java",
  "type": "Control Flow Graph (CFG)",
  "file": "37132.java",
  "package": "",

  "nodes": [
    {
      "id": 0,
      "line": 10,
      "label": "TinyBase64 ()"
    },
    {
      "id": 1,
      "line": 11,
      "label": "throw new AssertionError('No instances')"
    },
    {
      "id": 2,
      "line": 14,
      "label": "String encode(byte[] data)"
    },
    {
      "id": 3,
      "line": 15,
      "label": "Objects.requireNonNull(data, 'data')"
    },
    {
      "id": 4,
      "line": 16,
      "label": "int len = data.length"
    },
    {
      "id": 5,
      "line": 17,
      "label": "if (len == 0)"
    },
    {
      "id": 6,
      "line": 17,
      "label": "return '';"
    },
    {
      "id": 7,
      "line": 0,
      "label": "endif"
    },
    {
      "id": 8,
      "line": 19,
      "label": "StringBuilder sb = new StringBuilder(((len + 2) / 3) * 4)"
    },
    {
      "id": 9,
      "line": 21,
      "label": "int i = 0"
    },
    {
      "id": 10,
      "line": 21,
      "label": "for (i < len)"
    },
    {
      "id": 11,
      "line": 21,
      "label": " ; "
    },
    {
      "id": 12,
      "line": 0,
      "label": "endfor"
    },
    {
      "id": 13,
      "line": 22,
      "label": "int b0 = data[i++] & 0xFF"
    },
    {
      "id": 14,
      "line": 23,
      "label": "int b1 = (i < len) ? (data[i++] & 0xFF) : 0"
    },
    {
      "id": 15,
      "line": 24,
      "label": "int b2 = (i < len) ? (data[i++] & 0xFF) : 0"
    },
    {
      "id": 16,
      "line": 26,
      "label": "sb.append(BASE64_CHARS.charAt((b0 >>> 2) & 0x3F))"
    },
    {
      "id": 17,
      "line": 27,
      "label": "sb.append(BASE64_CHARS.charAt(((b0 << 4) | (b1 >>> 4)) & 0x3F))"
    },
    {
      "id": 18,
      "line": 28,
      "label": "sb.append(((i - 2) < len) ? BASE64_CHARS.charAt(((b1 << 2) | (b2 >>> 6)) & 0x3F) : PAD)"
    },
    {
      "id": 19,
      "line": 29,
      "label": "sb.append(((i - 1) < len) ? BASE64_CHARS.charAt(b2 & 0x3F) : PAD)"
    },
    {
      "id": 20,
      "line": 31,
      "label": "return sb.toString();"
    },
    {
      "id": 21,
      "line": 34,
      "label": "byte[] decode(String base64)"
    },
    {
      "id": 22,
      "line": 35,
      "label": "Objects.requireNonNull(base64, 'base64')"
    },
    {
      "id": 23,
      "line": 36,
      "label": "String src = base64.replaceAll('\\\\s+', '')"
    },
    {
      "id": 24,
      "line": 37,
      "label": "int len = src.length()"
    },
    {
      "id": 25,
      "line": 38,
      "label": "if (len == 0)"
    },
    {
      "id": 26,
      "line": 38,
      "label": "return new byte[0];"
    },
    {
      "id": 27,
      "line": 0,
      "label": "endif"
    },
    {
      "id": 28,
      "line": 39,
      "label": "if (len % 4 != 0)"
    },
    {
      "id": 29,
      "line": 39,
      "label": "throw new IllegalArgumentException('Invalid Base64 length')"
    },
    {
      "id": 30,
      "line": 0,
      "label": "endif"
    },
    {
      "id": 31,
      "line": 41,
      "label": "int pad = 0"
    },
    {
      "id": 32,
      "line": 42,
      "label": "if (len > 0 && src.charAt(len - 1) == PAD)"
    },
    {
      "id": 33,
      "line": 43,
      "label": "pad++"
    },
    {
      "id": 34,
      "line": 44,
      "label": "if (len > 1 && src.charAt(len - 2) == PAD)"
    },
    {
      "id": 35,
      "line": 44,
      "label": "pad++"
    },
    {
      "id": 36,
      "line": 0,
      "label": "endif"
    },
    {
      "id": 37,
      "line": 0,
      "label": "endif"
    },
    {
      "id": 38,
      "line": 46,
      "label": "int outLen = (len * 3) / 4 - pad"
    },
    {
      "id": 39,
      "line": 47,
      "label": "byte[] out = new byte[outLen]"
    },
    {
      "id": 40,
      "line": 49,
      "label": "int b0, b1, b2, b3"
    },
    {
      "id": 41,
      "line": 50,
      "label": "int pos = 0"
    },
    {
      "id": 42,
      "line": 51,
      "label": "int i = 0"
    },
    {
      "id": 43,
      "line": 51,
      "label": "for (i < len)"
    },
    {
      "id": 44,
      "line": 51,
      "label": " ; "
    },
    {
      "id": 45,
      "line": 0,
      "label": "endfor"
    },
    {
      "id": 46,
      "line": 52,
      "label": "b0 = index(src.charAt(i++))"
    },
    {
      "id": 47,
      "line": 53,
      "label": "b1 = index(src.charAt(i++))"
    },
    {
      "id": 48,
      "line": 54,
      "label": "b2 = index(src.charAt(i++))"
    },
    {
      "id": 49,
      "line": 55,
      "label": "b3 = index(src.charAt(i++))"
    },
    {
      "id": 50,
      "line": 57,
      "label": "out[pos++] = (byte) ((b0 << 2) | (b1 >>> 4))"
    },
    {
      "id": 51,
      "line": 58,
      "label": "if (pos < outLen)"
    },
    {
      "id": 52,
      "line": 58,
      "label": "out[pos++] = (byte) ((b1 << 4) | (b2 >>> 2))"
    },
    {
      "id": 53,
      "line": 0,
      "label": "endif"
    },
    {
      "id": 54,
      "line": 59,
      "label": "if (pos < outLen)"
    },
    {
      "id": 55,
      "line": 59,
      "label": "out[pos++] = (byte) ((b2 << 6) | b3)"
    },
    {
      "id": 56,
      "line": 0,
      "label": "endif"
    },
    {
      "id": 57,
      "line": 61,
      "label": "return out;"
    },
    {
      "id": 58,
      "line": 64,
      "label": "int index(char ch)"
    },
    {
      "id": 59,
      "line": 65,
      "label": "if (ch >= 'A' && ch <= 'Z')"
    },
    {
      "id": 60,
      "line": 65,
      "label": "return ch - 'A';"
    },
    {
      "id": 61,
      "line": 0,
      "label": "endif"
    },
    {
      "id": 62,
      "line": 66,
      "label": "if (ch >= 'a' && ch <= 'z')"
    },
    {
      "id": 63,
      "line": 66,
      "label": "return ch - 'a' + 26;"
    },
    {
      "id": 64,
      "line": 0,
      "label": "endif"
    },
    {
      "id": 65,
      "line": 67,
      "label": "if (ch >= '0' && ch <= '9')"
    },
    {
      "id": 66,
      "line": 67,
      "label": "return ch - '0' + 52;"
    },
    {
      "id": 67,
      "line": 0,
      "label": "endif"
    },
    {
      "id": 68,
      "line": 68,
      "label": "if (ch == '+')"
    },
    {
      "id": 69,
      "line": 68,
      "label": "return 62;"
    },
    {
      "id": 70,
      "line": 0,
      "label": "endif"
    },
    {
      "id": 71,
      "line": 69,
      "label": "if (ch == '/')"
    },
    {
      "id": 72,
      "line": 69,
      "label": "return 63;"
    },
    {
      "id": 73,
      "line": 0,
      "label": "endif"
    },
    {
      "id": 74,
      "line": 70,
      "label": "throw new IllegalArgumentException('Invalid Base64 character: ' + ch)"
    },
    {
      "id": 75,
      "line": 73,
      "label": "void main(String[] args)"
    },
    {
      "id": 76,
      "line": 74,
      "label": "byte[] data = args.length > 0 ? String.join(' ', args).getBytes() : 'hello'.getBytes()"
    },
    {
      "id": 77,
      "line": 75,
      "label": "String enc = encode(data)"
    },
    {
      "id": 78,
      "line": 76,
      "label": "byte[] dec = decode(enc)"
    },
    {
      "id": 79,
      "line": 77,
      "label": "System.out.println('Encoded: ' + enc)"
    },
    {
      "id": 80,
      "line": 78,
      "label": "System.out.println('Decoded: ' + new String(dec))"
    }
  ],

  "edges": [
    {
      "id": 0,
      "source": 0,
      "target": 1,
      "label": ""
    },
    {
      "id": 1,
      "source": 2,
      "target": 3,
      "label": ""
    },
    {
      "id": 2,
      "source": 3,
      "target": 4,
      "label": ""
    },
    {
      "id": 3,
      "source": 4,
      "target": 5,
      "label": ""
    },
    {
      "id": 4,
      "source": 5,
      "target": 6,
      "label": "True"
    },
    {
      "id": 5,
      "source": 5,
      "target": 7,
      "label": "False"
    },
    {
      "id": 6,
      "source": 7,
      "target": 8,
      "label": ""
    },
    {
      "id": 7,
      "source": 8,
      "target": 9,
      "label": ""
    },
    {
      "id": 8,
      "source": 9,
      "target": 10,
      "label": ""
    },
    {
      "id": 9,
      "source": 10,
      "target": 12,
      "label": "False"
    },
    {
      "id": 10,
      "source": 10,
      "target": 13,
      "label": "True"
    },
    {
      "id": 11,
      "source": 13,
      "target": 14,
      "label": ""
    },
    {
      "id": 12,
      "source": 14,
      "target": 15,
      "label": ""
    },
    {
      "id": 13,
      "source": 15,
      "target": 16,
      "label": ""
    },
    {
      "id": 14,
      "source": 16,
      "target": 17,
      "label": ""
    },
    {
      "id": 15,
      "source": 17,
      "target": 18,
      "label": ""
    },
    {
      "id": 16,
      "source": 18,
      "target": 19,
      "label": ""
    },
    {
      "id": 17,
      "source": 19,
      "target": 11,
      "label": ""
    },
    {
      "id": 18,
      "source": 11,
      "target": 10,
      "label": ""
    },
    {
      "id": 19,
      "source": 12,
      "target": 20,
      "label": ""
    },
    {
      "id": 20,
      "source": 21,
      "target": 22,
      "label": ""
    },
    {
      "id": 21,
      "source": 22,
      "target": 23,
      "label": ""
    },
    {
      "id": 22,
      "source": 23,
      "target": 24,
      "label": ""
    },
    {
      "id": 23,
      "source": 24,
      "target": 25,
      "label": ""
    },
    {
      "id": 24,
      "source": 25,
      "target": 26,
      "label": "True"
    },
    {
      "id": 25,
      "source": 25,
      "target": 27,
      "label": "False"
    },
    {
      "id": 26,
      "source": 27,
      "target": 28,
      "label": ""
    },
    {
      "id": 27,
      "source": 28,
      "target": 29,
      "label": "True"
    },
    {
      "id": 28,
      "source": 28,
      "target": 30,
      "label": "False"
    },
    {
      "id": 29,
      "source": 30,
      "target": 31,
      "label": ""
    },
    {
      "id": 30,
      "source": 31,
      "target": 32,
      "label": ""
    },
    {
      "id": 31,
      "source": 32,
      "target": 33,
      "label": "True"
    },
    {
      "id": 32,
      "source": 33,
      "target": 34,
      "label": ""
    },
    {
      "id": 33,
      "source": 34,
      "target": 35,
      "label": "True"
    },
    {
      "id": 34,
      "source": 35,
      "target": 36,
      "label": ""
    },
    {
      "id": 35,
      "source": 34,
      "target": 36,
      "label": "False"
    },
    {
      "id": 36,
      "source": 36,
      "target": 37,
      "label": ""
    },
    {
      "id": 37,
      "source": 32,
      "target": 37,
      "label": "False"
    },
    {
      "id": 38,
      "source": 37,
      "target": 38,
      "label": ""
    },
    {
      "id": 39,
      "source": 38,
      "target": 39,
      "label": ""
    },
    {
      "id": 40,
      "source": 39,
      "target": 40,
      "label": ""
    },
    {
      "id": 41,
      "source": 40,
      "target": 41,
      "label": ""
    },
    {
      "id": 42,
      "source": 41,
      "target": 42,
      "label": ""
    },
    {
      "id": 43,
      "source": 42,
      "target": 43,
      "label": ""
    },
    {
      "id": 44,
      "source": 43,
      "target": 45,
      "label": "False"
    },
    {
      "id": 45,
      "source": 43,
      "target": 46,
      "label": "True"
    },
    {
      "id": 46,
      "source": 46,
      "target": 47,
      "label": ""
    },
    {
      "id": 47,
      "source": 47,
      "target": 48,
      "label": ""
    },
    {
      "id": 48,
      "source": 48,
      "target": 49,
      "label": ""
    },
    {
      "id": 49,
      "source": 49,
      "target": 50,
      "label": ""
    },
    {
      "id": 50,
      "source": 50,
      "target": 51,
      "label": ""
    },
    {
      "id": 51,
      "source": 51,
      "target": 52,
      "label": "True"
    },
    {
      "id": 52,
      "source": 52,
      "target": 53,
      "label": ""
    },
    {
      "id": 53,
      "source": 51,
      "target": 53,
      "label": "False"
    },
    {
      "id": 54,
      "source": 53,
      "target": 54,
      "label": ""
    },
    {
      "id": 55,
      "source": 54,
      "target": 55,
      "label": "True"
    },
    {
      "id": 56,
      "source": 55,
      "target": 56,
      "label": ""
    },
    {
      "id": 57,
      "source": 54,
      "target": 56,
      "label": "False"
    },
    {
      "id": 58,
      "source": 56,
      "target": 44,
      "label": ""
    },
    {
      "id": 59,
      "source": 44,
      "target": 43,
      "label": ""
    },
    {
      "id": 60,
      "source": 45,
      "target": 57,
      "label": ""
    },
    {
      "id": 61,
      "source": 58,
      "target": 59,
      "label": ""
    },
    {
      "id": 62,
      "source": 59,
      "target": 60,
      "label": "True"
    },
    {
      "id": 63,
      "source": 59,
      "target": 61,
      "label": "False"
    },
    {
      "id": 64,
      "source": 61,
      "target": 62,
      "label": ""
    },
    {
      "id": 65,
      "source": 62,
      "target": 63,
      "label": "True"
    },
    {
      "id": 66,
      "source": 62,
      "target": 64,
      "label": "False"
    },
    {
      "id": 67,
      "source": 64,
      "target": 65,
      "label": ""
    },
    {
      "id": 68,
      "source": 65,
      "target": 66,
      "label": "True"
    },
    {
      "id": 69,
      "source": 65,
      "target": 67,
      "label": "False"
    },
    {
      "id": 70,
      "source": 67,
      "target": 68,
      "label": ""
    },
    {
      "id": 71,
      "source": 68,
      "target": 69,
      "label": "True"
    },
    {
      "id": 72,
      "source": 68,
      "target": 70,
      "label": "False"
    },
    {
      "id": 73,
      "source": 70,
      "target": 71,
      "label": ""
    },
    {
      "id": 74,
      "source": 71,
      "target": 72,
      "label": "True"
    },
    {
      "id": 75,
      "source": 71,
      "target": 73,
      "label": "False"
    },
    {
      "id": 76,
      "source": 73,
      "target": 74,
      "label": ""
    },
    {
      "id": 77,
      "source": 75,
      "target": 76,
      "label": ""
    },
    {
      "id": 78,
      "source": 76,
      "target": 77,
      "label": ""
    },
    {
      "id": 79,
      "source": 77,
      "target": 78,
      "label": ""
    },
    {
      "id": 80,
      "source": 78,
      "target": 79,
      "label": ""
    },
    {
      "id": 81,
      "source": 79,
      "target": 80,
      "label": ""
    }
  ]
}
