{
  "directed": true,
  "multigraph": true,
  "label": "CFG of 37133.java",
  "type": "Control Flow Graph (CFG)",
  "file": "37133.java",
  "package": "util",

  "nodes": [
    {
      "id": 0,
      "line": 10,
      "label": "TokenGenerator ()"
    },
    {
      "id": 1,
      "line": 11,
      "label": "throw new AssertionError('No TokenGenerator instances for you!')"
    },
    {
      "id": 2,
      "line": 14,
      "label": "String next()"
    },
    {
      "id": 3,
      "line": 15,
      "label": "return next(DEFAULT_BYTES);"
    },
    {
      "id": 4,
      "line": 18,
      "label": "String next(int bytes)"
    },
    {
      "id": 5,
      "line": 19,
      "label": "if (bytes <= 0)"
    },
    {
      "id": 6,
      "line": 20,
      "label": "throw new IllegalArgumentException('bytes must be positive')"
    },
    {
      "id": 7,
      "line": 0,
      "label": "endif"
    },
    {
      "id": 8,
      "line": 22,
      "label": "byte[] buf = new byte[bytes]"
    },
    {
      "id": 9,
      "line": 23,
      "label": "RNG.nextBytes(buf)"
    },
    {
      "id": 10,
      "line": 24,
      "label": "return Base64.getUrlEncoder().withoutPadding().encodeToString(buf);"
    }
  ],

  "edges": [
    {
      "id": 0,
      "source": 0,
      "target": 1,
      "label": ""
    },
    {
      "id": 1,
      "source": 2,
      "target": 3,
      "label": ""
    },
    {
      "id": 2,
      "source": 4,
      "target": 5,
      "label": ""
    },
    {
      "id": 3,
      "source": 5,
      "target": 6,
      "label": "True"
    },
    {
      "id": 4,
      "source": 5,
      "target": 7,
      "label": "False"
    },
    {
      "id": 5,
      "source": 7,
      "target": 8,
      "label": ""
    },
    {
      "id": 6,
      "source": 8,
      "target": 9,
      "label": ""
    },
    {
      "id": 7,
      "source": 9,
      "target": 10,
      "label": ""
    }
  ]
}
