{
  "directed": true,
  "multigraph": true,
  "label": "CFG of 37354.java",
  "type": "Control Flow Graph (CFG)",
  "file": "37354.java",
  "package": "",

  "nodes": [
    {
      "id": 0,
      "line": 9,
      "label": "String convertToRoman(int number)"
    },
    {
      "id": 1,
      "line": 10,
      "label": "if (number < 1 || number > 3999)"
    },
    {
      "id": 2,
      "line": 11,
      "label": "throw new IllegalArgumentException('Input should be between 1 and 3999')"
    },
    {
      "id": 3,
      "line": 0,
      "label": "endif"
    },
    {
      "id": 4,
      "line": 14,
      "label": "StringBuilder roman = new StringBuilder()"
    },
    {
      "id": 5,
      "line": 15,
      "label": "int i = 0"
    },
    {
      "id": 6,
      "line": 15,
      "label": "for (i < VALUES.length)"
    },
    {
      "id": 7,
      "line": 15,
      "label": "i++"
    },
    {
      "id": 8,
      "line": 0,
      "label": "endfor"
    },
    {
      "id": 9,
      "line": 16,
      "label": "while (number >= VALUES[i])"
    },
    {
      "id": 10,
      "line": 0,
      "label": "endwhile"
    },
    {
      "id": 11,
      "line": 17,
      "label": "roman.append(ROMAN_LITERALS[i])"
    },
    {
      "id": 12,
      "line": 18,
      "label": "number -= VALUES[i]"
    },
    {
      "id": 13,
      "line": 21,
      "label": "return roman.toString();"
    },
    {
      "id": 14,
      "line": 24,
      "label": "int convertToInteger(String roman)"
    },
    {
      "id": 15,
      "line": 25,
      "label": "int result = 0"
    },
    {
      "id": 16,
      "line": 26,
      "label": "int i = 0"
    },
    {
      "id": 17,
      "line": 27,
      "label": "while (i < roman.length())"
    },
    {
      "id": 18,
      "line": 0,
      "label": "endwhile"
    },
    {
      "id": 19,
      "line": 28,
      "label": "boolean found = false"
    },
    {
      "id": 20,
      "line": 29,
      "label": "int j = 0"
    },
    {
      "id": 21,
      "line": 29,
      "label": "for (j < ROMAN_LITERALS.length)"
    },
    {
      "id": 22,
      "line": 29,
      "label": "j++"
    },
    {
      "id": 23,
      "line": 0,
      "label": "endfor"
    },
    {
      "id": 24,
      "line": 30,
      "label": "if (roman.startsWith(ROMAN_LITERALS[j], i))"
    },
    {
      "id": 25,
      "line": 31,
      "label": "result += VALUES[j]"
    },
    {
      "id": 26,
      "line": 32,
      "label": "i += ROMAN_LITERALS[j].length()"
    },
    {
      "id": 27,
      "line": 33,
      "label": "found = true"
    },
    {
      "id": 28,
      "line": 34,
      "label": "break;"
    },
    {
      "id": 29,
      "line": 0,
      "label": "endif"
    },
    {
      "id": 30,
      "line": 37,
      "label": "if (!found)"
    },
    {
      "id": 31,
      "line": 38,
      "label": "throw new IllegalArgumentException('Invalid Roman numeral')"
    },
    {
      "id": 32,
      "line": 0,
      "label": "endif"
    },
    {
      "id": 33,
      "line": 41,
      "label": "return result;"
    },
    {
      "id": 34,
      "line": 44,
      "label": "void main(String[] args)"
    },
    {
      "id": 35,
      "line": 45,
      "label": "Scanner scanner = new Scanner(System.in)"
    },
    {
      "id": 36,
      "line": 46,
      "label": "try"
    },
    {
      "id": 37,
      "line": 0,
      "label": "end-try"
    },
    {
      "id": 38,
      "line": 47,
      "label": "System.out.println('Enter a number or roman numeral (or 'exit' to quit):')"
    },
    {
      "id": 39,
      "line": 48,
      "label": "while (true)"
    },
    {
      "id": 40,
      "line": 0,
      "label": "endwhile"
    },
    {
      "id": 41,
      "line": 49,
      "label": "String input = scanner.nextLine().trim().toUpperCase()"
    },
    {
      "id": 42,
      "line": 50,
      "label": "if (input.equals('EXIT'))"
    },
    {
      "id": 43,
      "line": 51,
      "label": "break;"
    },
    {
      "id": 44,
      "line": 0,
      "label": "endif"
    },
    {
      "id": 45,
      "line": 53,
      "label": "try"
    },
    {
      "id": 46,
      "line": 0,
      "label": "end-try"
    },
    {
      "id": 47,
      "line": 54,
      "label": "int number = Integer.parseInt(input)"
    },
    {
      "id": 48,
      "line": 55,
      "label": "System.out.println('Roman: ' + convertToRoman(number))"
    },
    {
      "id": 49,
      "line": 0,
      "label": "end-catch"
    },
    {
      "id": 50,
      "line": 56,
      "label": "catch (NumberFormatException e)"
    },
    {
      "id": 51,
      "line": 57,
      "label": "try"
    },
    {
      "id": 52,
      "line": 0,
      "label": "end-try"
    },
    {
      "id": 53,
      "line": 58,
      "label": "System.out.println('Integer: ' + convertToInteger(input))"
    },
    {
      "id": 54,
      "line": 0,
      "label": "end-catch"
    },
    {
      "id": 55,
      "line": 59,
      "label": "catch (IllegalArgumentException ex)"
    },
    {
      "id": 56,
      "line": 60,
      "label": "System.out.println('Invalid input')"
    },
    {
      "id": 57,
      "line": 62,
      "label": "catch (IllegalArgumentException e)"
    },
    {
      "id": 58,
      "line": 63,
      "label": "System.out.println(e.getMessage())"
    },
    {
      "id": 59,
      "line": 65,
      "label": "System.out.println('Enter a number or roman numeral (or 'exit' to quit):')"
    },
    {
      "id": 60,
      "line": 69,
      "label": "finally"
    },
    {
      "id": 61,
      "line": 70,
      "label": "scanner.close()"
    },
    {
      "id": 62,
      "line": 0,
      "label": "end-finally"
    },
    {
      "id": 63,
      "line": 0,
      "label": "end-catch"
    },
    {
      "id": 64,
      "line": 67,
      "label": "catch (Exception e)"
    },
    {
      "id": 65,
      "line": 68,
      "label": "System.out.println('An error occurred: ' + e.getMessage())"
    }
  ],

  "edges": [
    {
      "id": 0,
      "source": 0,
      "target": 1,
      "label": ""
    },
    {
      "id": 1,
      "source": 1,
      "target": 2,
      "label": "True"
    },
    {
      "id": 2,
      "source": 1,
      "target": 3,
      "label": "False"
    },
    {
      "id": 3,
      "source": 3,
      "target": 4,
      "label": ""
    },
    {
      "id": 4,
      "source": 4,
      "target": 5,
      "label": ""
    },
    {
      "id": 5,
      "source": 5,
      "target": 6,
      "label": ""
    },
    {
      "id": 6,
      "source": 6,
      "target": 8,
      "label": "False"
    },
    {
      "id": 7,
      "source": 6,
      "target": 9,
      "label": "True"
    },
    {
      "id": 8,
      "source": 9,
      "target": 10,
      "label": "False"
    },
    {
      "id": 9,
      "source": 9,
      "target": 11,
      "label": "True"
    },
    {
      "id": 10,
      "source": 11,
      "target": 12,
      "label": ""
    },
    {
      "id": 11,
      "source": 12,
      "target": 9,
      "label": ""
    },
    {
      "id": 12,
      "source": 10,
      "target": 7,
      "label": ""
    },
    {
      "id": 13,
      "source": 7,
      "target": 6,
      "label": ""
    },
    {
      "id": 14,
      "source": 8,
      "target": 13,
      "label": ""
    },
    {
      "id": 15,
      "source": 14,
      "target": 15,
      "label": ""
    },
    {
      "id": 16,
      "source": 15,
      "target": 16,
      "label": ""
    },
    {
      "id": 17,
      "source": 16,
      "target": 17,
      "label": ""
    },
    {
      "id": 18,
      "source": 17,
      "target": 18,
      "label": "False"
    },
    {
      "id": 19,
      "source": 17,
      "target": 19,
      "label": "True"
    },
    {
      "id": 20,
      "source": 19,
      "target": 20,
      "label": ""
    },
    {
      "id": 21,
      "source": 20,
      "target": 21,
      "label": ""
    },
    {
      "id": 22,
      "source": 21,
      "target": 23,
      "label": "False"
    },
    {
      "id": 23,
      "source": 21,
      "target": 24,
      "label": "True"
    },
    {
      "id": 24,
      "source": 24,
      "target": 25,
      "label": "True"
    },
    {
      "id": 25,
      "source": 25,
      "target": 26,
      "label": ""
    },
    {
      "id": 26,
      "source": 26,
      "target": 27,
      "label": ""
    },
    {
      "id": 27,
      "source": 27,
      "target": 28,
      "label": ""
    },
    {
      "id": 28,
      "source": 28,
      "target": 23,
      "label": ""
    },
    {
      "id": 29,
      "source": 24,
      "target": 29,
      "label": "False"
    },
    {
      "id": 30,
      "source": 29,
      "target": 22,
      "label": ""
    },
    {
      "id": 31,
      "source": 22,
      "target": 21,
      "label": ""
    },
    {
      "id": 32,
      "source": 23,
      "target": 30,
      "label": ""
    },
    {
      "id": 33,
      "source": 30,
      "target": 31,
      "label": "True"
    },
    {
      "id": 34,
      "source": 30,
      "target": 32,
      "label": "False"
    },
    {
      "id": 35,
      "source": 32,
      "target": 17,
      "label": ""
    },
    {
      "id": 36,
      "source": 18,
      "target": 33,
      "label": ""
    },
    {
      "id": 37,
      "source": 34,
      "target": 35,
      "label": ""
    },
    {
      "id": 38,
      "source": 35,
      "target": 36,
      "label": ""
    },
    {
      "id": 39,
      "source": 36,
      "target": 38,
      "label": ""
    },
    {
      "id": 40,
      "source": 38,
      "target": 39,
      "label": ""
    },
    {
      "id": 41,
      "source": 39,
      "target": 40,
      "label": "False"
    },
    {
      "id": 42,
      "source": 39,
      "target": 41,
      "label": "True"
    },
    {
      "id": 43,
      "source": 41,
      "target": 42,
      "label": ""
    },
    {
      "id": 44,
      "source": 42,
      "target": 43,
      "label": "True"
    },
    {
      "id": 45,
      "source": 43,
      "target": 40,
      "label": ""
    },
    {
      "id": 46,
      "source": 42,
      "target": 44,
      "label": "False"
    },
    {
      "id": 47,
      "source": 44,
      "target": 45,
      "label": ""
    },
    {
      "id": 48,
      "source": 45,
      "target": 47,
      "label": ""
    },
    {
      "id": 49,
      "source": 47,
      "target": 48,
      "label": ""
    },
    {
      "id": 50,
      "source": 48,
      "target": 46,
      "label": ""
    },
    {
      "id": 51,
      "source": 46,
      "target": 50,
      "label": "Throws"
    },
    {
      "id": 52,
      "source": 50,
      "target": 51,
      "label": ""
    },
    {
      "id": 53,
      "source": 51,
      "target": 53,
      "label": ""
    },
    {
      "id": 54,
      "source": 53,
      "target": 52,
      "label": ""
    },
    {
      "id": 55,
      "source": 52,
      "target": 55,
      "label": "Throws"
    },
    {
      "id": 56,
      "source": 55,
      "target": 56,
      "label": ""
    },
    {
      "id": 57,
      "source": 56,
      "target": 54,
      "label": ""
    },
    {
      "id": 58,
      "source": 54,
      "target": 52,
      "label": ""
    },
    {
      "id": 59,
      "source": 52,
      "target": 49,
      "label": ""
    },
    {
      "id": 60,
      "source": 46,
      "target": 57,
      "label": "Throws"
    },
    {
      "id": 61,
      "source": 57,
      "target": 58,
      "label": ""
    },
    {
      "id": 62,
      "source": 58,
      "target": 49,
      "label": ""
    },
    {
      "id": 63,
      "source": 49,
      "target": 46,
      "label": ""
    },
    {
      "id": 64,
      "source": 46,
      "target": 59,
      "label": ""
    },
    {
      "id": 65,
      "source": 59,
      "target": 39,
      "label": ""
    },
    {
      "id": 66,
      "source": 40,
      "target": 37,
      "label": ""
    },
    {
      "id": 67,
      "source": 37,
      "target": 60,
      "label": ""
    },
    {
      "id": 68,
      "source": 60,
      "target": 61,
      "label": ""
    },
    {
      "id": 69,
      "source": 61,
      "target": 62,
      "label": ""
    },
    {
      "id": 70,
      "source": 37,
      "target": 64,
      "label": "Throws"
    },
    {
      "id": 71,
      "source": 64,
      "target": 65,
      "label": ""
    },
    {
      "id": 72,
      "source": 65,
      "target": 63,
      "label": ""
    },
    {
      "id": 73,
      "source": 63,
      "target": 60,
      "label": ""
    }
  ]
}
