{
  "directed": true,
  "multigraph": true,
  "label": "CFG of 37467.java",
  "type": "Control Flow Graph (CFG)",
  "file": "37467.java",
  "package": "",

  "nodes": [
    {
      "id": 0,
      "line": 5,
      "label": "void main(String[] args)"
    },
    {
      "id": 1,
      "line": 6,
      "label": "Scanner scanner = new Scanner(System.in)"
    },
    {
      "id": 2,
      "line": 7,
      "label": "try"
    },
    {
      "id": 3,
      "line": 0,
      "label": "end-try"
    },
    {
      "id": 4,
      "line": 8,
      "label": "System.out.println('Enter first number:')"
    },
    {
      "id": 5,
      "line": 9,
      "label": "double num1 = scanner.nextDouble()"
    },
    {
      "id": 6,
      "line": 10,
      "label": "System.out.println('Enter operator (+, -, *, /):')"
    },
    {
      "id": 7,
      "line": 11,
      "label": "String operator = scanner.next()"
    },
    {
      "id": 8,
      "line": 12,
      "label": "System.out.println('Enter second number:')"
    },
    {
      "id": 9,
      "line": 13,
      "label": "double num2 = scanner.nextDouble()"
    },
    {
      "id": 10,
      "line": 15,
      "label": "double result = calculate(num1, num2, operator)"
    },
    {
      "id": 11,
      "line": 16,
      "label": "System.out.println('Result: ' + result)"
    },
    {
      "id": 12,
      "line": 21,
      "label": "finally"
    },
    {
      "id": 13,
      "line": 22,
      "label": "scanner.close()"
    },
    {
      "id": 14,
      "line": 0,
      "label": "end-finally"
    },
    {
      "id": 15,
      "line": 0,
      "label": "end-catch"
    },
    {
      "id": 16,
      "line": 17,
      "label": "catch (InputMismatchException e)"
    },
    {
      "id": 17,
      "line": 18,
      "label": "System.out.println('Invalid input. Please enter a number.')"
    },
    {
      "id": 18,
      "line": 19,
      "label": "catch (Exception e)"
    },
    {
      "id": 19,
      "line": 20,
      "label": "System.out.println('An error occurred: ' + e.getMessage())"
    },
    {
      "id": 20,
      "line": 26,
      "label": "double calculate(double num1, double num2, String operator)"
    },
    {
      "id": 21,
      "line": 27,
      "label": "switch (operator)"
    },
    {
      "id": 22,
      "line": 0,
      "label": "end-switch"
    },
    {
      "id": 23,
      "line": 28,
      "label": "case '+':"
    },
    {
      "id": 24,
      "line": 29,
      "label": "return num1 + num2;"
    },
    {
      "id": 25,
      "line": 30,
      "label": "case '-':"
    },
    {
      "id": 26,
      "line": 31,
      "label": "return num1 - num2;"
    },
    {
      "id": 27,
      "line": 32,
      "label": "case '*':"
    },
    {
      "id": 28,
      "line": 33,
      "label": "return num1 * num2;"
    },
    {
      "id": 29,
      "line": 34,
      "label": "case '/':"
    },
    {
      "id": 30,
      "line": 35,
      "label": "if (num2 == 0)"
    },
    {
      "id": 31,
      "line": 36,
      "label": "throw new ArithmeticException('Cannot divide by zero')"
    },
    {
      "id": 32,
      "line": 0,
      "label": "endif"
    },
    {
      "id": 33,
      "line": 38,
      "label": "return num1 / num2;"
    },
    {
      "id": 34,
      "line": 39,
      "label": "default:"
    },
    {
      "id": 35,
      "line": 40,
      "label": "throw new UnsupportedOperationException('Unsupported operator: ' + operator)"
    }
  ],

  "edges": [
    {
      "id": 0,
      "source": 0,
      "target": 1,
      "label": ""
    },
    {
      "id": 1,
      "source": 1,
      "target": 2,
      "label": ""
    },
    {
      "id": 2,
      "source": 2,
      "target": 4,
      "label": ""
    },
    {
      "id": 3,
      "source": 4,
      "target": 5,
      "label": ""
    },
    {
      "id": 4,
      "source": 5,
      "target": 6,
      "label": ""
    },
    {
      "id": 5,
      "source": 6,
      "target": 7,
      "label": ""
    },
    {
      "id": 6,
      "source": 7,
      "target": 8,
      "label": ""
    },
    {
      "id": 7,
      "source": 8,
      "target": 9,
      "label": ""
    },
    {
      "id": 8,
      "source": 9,
      "target": 10,
      "label": ""
    },
    {
      "id": 9,
      "source": 10,
      "target": 11,
      "label": ""
    },
    {
      "id": 10,
      "source": 11,
      "target": 3,
      "label": ""
    },
    {
      "id": 11,
      "source": 3,
      "target": 12,
      "label": ""
    },
    {
      "id": 12,
      "source": 12,
      "target": 13,
      "label": ""
    },
    {
      "id": 13,
      "source": 13,
      "target": 14,
      "label": ""
    },
    {
      "id": 14,
      "source": 3,
      "target": 16,
      "label": "Throws"
    },
    {
      "id": 15,
      "source": 16,
      "target": 17,
      "label": ""
    },
    {
      "id": 16,
      "source": 17,
      "target": 15,
      "label": ""
    },
    {
      "id": 17,
      "source": 3,
      "target": 18,
      "label": "Throws"
    },
    {
      "id": 18,
      "source": 18,
      "target": 19,
      "label": ""
    },
    {
      "id": 19,
      "source": 19,
      "target": 15,
      "label": ""
    },
    {
      "id": 20,
      "source": 15,
      "target": 12,
      "label": ""
    },
    {
      "id": 21,
      "source": 20,
      "target": 21,
      "label": ""
    },
    {
      "id": 22,
      "source": 21,
      "target": 23,
      "label": ""
    },
    {
      "id": 23,
      "source": 23,
      "target": 24,
      "label": "True"
    },
    {
      "id": 24,
      "source": 23,
      "target": 25,
      "label": "False"
    },
    {
      "id": 25,
      "source": 25,
      "target": 26,
      "label": "True"
    },
    {
      "id": 26,
      "source": 25,
      "target": 27,
      "label": "False"
    },
    {
      "id": 27,
      "source": 27,
      "target": 28,
      "label": "True"
    },
    {
      "id": 28,
      "source": 27,
      "target": 29,
      "label": "False"
    },
    {
      "id": 29,
      "source": 29,
      "target": 30,
      "label": "True"
    },
    {
      "id": 30,
      "source": 30,
      "target": 31,
      "label": "True"
    },
    {
      "id": 31,
      "source": 30,
      "target": 32,
      "label": "False"
    },
    {
      "id": 32,
      "source": 32,
      "target": 33,
      "label": ""
    },
    {
      "id": 33,
      "source": 29,
      "target": 34,
      "label": "False"
    },
    {
      "id": 34,
      "source": 34,
      "target": 35,
      "label": ""
    }
  ]
}
