{
  "directed": true,
  "multigraph": true,
  "label": "CFG of 37600.java",
  "type": "Control Flow Graph (CFG)",
  "file": "37600.java",
  "package": "",

  "nodes": [
    {
      "id": 0,
      "line": 4,
      "label": "void main(String[] args)"
    },
    {
      "id": 1,
      "line": 5,
      "label": "Scanner scanner = new Scanner(System.in)"
    },
    {
      "id": 2,
      "line": 6,
      "label": "System.out.println('Enter the first number: ')"
    },
    {
      "id": 3,
      "line": 7,
      "label": "double num1 = getValidNumber(scanner)"
    },
    {
      "id": 4,
      "line": 8,
      "label": "System.out.println('Enter the operator (+, -, *, /): ')"
    },
    {
      "id": 5,
      "line": 9,
      "label": "String operator = scanner.next()"
    },
    {
      "id": 6,
      "line": 10,
      "label": "System.out.println('Enter the second number: ')"
    },
    {
      "id": 7,
      "line": 11,
      "label": "double num2 = getValidNumber(scanner)"
    },
    {
      "id": 8,
      "line": 12,
      "label": "System.out.println(calculate(num1, num2, operator))"
    },
    {
      "id": 9,
      "line": 15,
      "label": "double getValidNumber(Scanner scanner)"
    },
    {
      "id": 10,
      "line": 16,
      "label": "while (true)"
    },
    {
      "id": 11,
      "line": 0,
      "label": "endwhile"
    },
    {
      "id": 12,
      "line": 17,
      "label": "try"
    },
    {
      "id": 13,
      "line": 0,
      "label": "end-try"
    },
    {
      "id": 14,
      "line": 18,
      "label": "return scanner.nextDouble();"
    },
    {
      "id": 15,
      "line": 0,
      "label": "end-catch"
    },
    {
      "id": 16,
      "line": 19,
      "label": "catch (Exception e)"
    },
    {
      "id": 17,
      "line": 20,
      "label": "System.out.println('Invalid input. Please enter a valid number: ')"
    },
    {
      "id": 18,
      "line": 21,
      "label": "scanner.next()"
    },
    {
      "id": 19,
      "line": 26,
      "label": "String calculate(double num1, double num2, String operator)"
    },
    {
      "id": 20,
      "line": 27,
      "label": "switch (operator)"
    },
    {
      "id": 21,
      "line": 0,
      "label": "end-switch"
    },
    {
      "id": 22,
      "line": 28,
      "label": "case '+':"
    },
    {
      "id": 23,
      "line": 29,
      "label": "return String.format('%.2f + %.2f = %.2f', num1, num2, num1 + num2);"
    },
    {
      "id": 24,
      "line": 30,
      "label": "case '-':"
    },
    {
      "id": 25,
      "line": 31,
      "label": "return String.format('%.2f - %.2f = %.2f', num1, num2, num1 - num2);"
    },
    {
      "id": 26,
      "line": 32,
      "label": "case '*':"
    },
    {
      "id": 27,
      "line": 33,
      "label": "return String.format('%.2f * %.2f = %.2f', num1, num2, num1 * num2);"
    },
    {
      "id": 28,
      "line": 34,
      "label": "case '/':"
    },
    {
      "id": 29,
      "line": 35,
      "label": "if (num2 == 0)"
    },
    {
      "id": 30,
      "line": 36,
      "label": "return 'Error: Division by zero';"
    },
    {
      "id": 31,
      "line": 0,
      "label": "endif"
    },
    {
      "id": 32,
      "line": 38,
      "label": "return String.format('%.2f / %.2f = %.2f', num1, num2, num1 / num2);"
    },
    {
      "id": 33,
      "line": 39,
      "label": "default:"
    },
    {
      "id": 34,
      "line": 40,
      "label": "return 'Error: Invalid operator';"
    }
  ],

  "edges": [
    {
      "id": 0,
      "source": 0,
      "target": 1,
      "label": ""
    },
    {
      "id": 1,
      "source": 1,
      "target": 2,
      "label": ""
    },
    {
      "id": 2,
      "source": 2,
      "target": 3,
      "label": ""
    },
    {
      "id": 3,
      "source": 3,
      "target": 4,
      "label": ""
    },
    {
      "id": 4,
      "source": 4,
      "target": 5,
      "label": ""
    },
    {
      "id": 5,
      "source": 5,
      "target": 6,
      "label": ""
    },
    {
      "id": 6,
      "source": 6,
      "target": 7,
      "label": ""
    },
    {
      "id": 7,
      "source": 7,
      "target": 8,
      "label": ""
    },
    {
      "id": 8,
      "source": 9,
      "target": 10,
      "label": ""
    },
    {
      "id": 9,
      "source": 10,
      "target": 11,
      "label": "False"
    },
    {
      "id": 10,
      "source": 10,
      "target": 12,
      "label": "True"
    },
    {
      "id": 11,
      "source": 12,
      "target": 14,
      "label": ""
    },
    {
      "id": 12,
      "source": 13,
      "target": 16,
      "label": "Throws"
    },
    {
      "id": 13,
      "source": 16,
      "target": 17,
      "label": ""
    },
    {
      "id": 14,
      "source": 17,
      "target": 18,
      "label": ""
    },
    {
      "id": 15,
      "source": 18,
      "target": 15,
      "label": ""
    },
    {
      "id": 16,
      "source": 15,
      "target": 13,
      "label": ""
    },
    {
      "id": 17,
      "source": 13,
      "target": 10,
      "label": ""
    },
    {
      "id": 18,
      "source": 19,
      "target": 20,
      "label": ""
    },
    {
      "id": 19,
      "source": 20,
      "target": 22,
      "label": ""
    },
    {
      "id": 20,
      "source": 22,
      "target": 23,
      "label": "True"
    },
    {
      "id": 21,
      "source": 22,
      "target": 24,
      "label": "False"
    },
    {
      "id": 22,
      "source": 24,
      "target": 25,
      "label": "True"
    },
    {
      "id": 23,
      "source": 24,
      "target": 26,
      "label": "False"
    },
    {
      "id": 24,
      "source": 26,
      "target": 27,
      "label": "True"
    },
    {
      "id": 25,
      "source": 26,
      "target": 28,
      "label": "False"
    },
    {
      "id": 26,
      "source": 28,
      "target": 29,
      "label": "True"
    },
    {
      "id": 27,
      "source": 29,
      "target": 30,
      "label": "True"
    },
    {
      "id": 28,
      "source": 29,
      "target": 31,
      "label": "False"
    },
    {
      "id": 29,
      "source": 31,
      "target": 32,
      "label": ""
    },
    {
      "id": 30,
      "source": 28,
      "target": 33,
      "label": "False"
    },
    {
      "id": 31,
      "source": 33,
      "target": 34,
      "label": ""
    }
  ]
}
