{
  "directed": true,
  "multigraph": true,
  "label": "CFG of 37692.java",
  "type": "Control Flow Graph (CFG)",
  "file": "37692.java",
  "package": "",

  "nodes": [
    {
      "id": 0,
      "line": 4,
      "label": "boolean isCreditCardNumberValid(String cardNumber)"
    },
    {
      "id": 1,
      "line": 5,
      "label": "if (cardNumber == null || cardNumber.trim().isEmpty())"
    },
    {
      "id": 2,
      "line": 6,
      "label": "return false;"
    },
    {
      "id": 3,
      "line": 0,
      "label": "endif"
    },
    {
      "id": 4,
      "line": 9,
      "label": "cardNumber = cardNumber.replaceAll('\\\\s+', '')"
    },
    {
      "id": 5,
      "line": 11,
      "label": "if (cardNumber.length() < 13 || cardNumber.length() > 19)"
    },
    {
      "id": 6,
      "line": 12,
      "label": "return false;"
    },
    {
      "id": 7,
      "line": 0,
      "label": "endif"
    },
    {
      "id": 8,
      "line": 15,
      "label": "int sum = 0"
    },
    {
      "id": 9,
      "line": 16,
      "label": "boolean alternate = true"
    },
    {
      "id": 10,
      "line": 18,
      "label": "for (char c : cardNumber.toCharArray())"
    },
    {
      "id": 11,
      "line": 0,
      "label": "endfor"
    },
    {
      "id": 12,
      "line": 19,
      "label": "int digit = Integer.parseInt(String.valueOf(c))"
    },
    {
      "id": 13,
      "line": 21,
      "label": "if (digit < 0 || digit > 9)"
    },
    {
      "id": 14,
      "line": 22,
      "label": "return false;"
    },
    {
      "id": 15,
      "line": 0,
      "label": "endif"
    },
    {
      "id": 16,
      "line": 25,
      "label": "if (alternate)"
    },
    {
      "id": 17,
      "line": 26,
      "label": "digit *= 2"
    },
    {
      "id": 18,
      "line": 27,
      "label": "if (digit > 9)"
    },
    {
      "id": 19,
      "line": 28,
      "label": "digit -= 9"
    },
    {
      "id": 20,
      "line": 0,
      "label": "endif"
    },
    {
      "id": 21,
      "line": 0,
      "label": "endif"
    },
    {
      "id": 22,
      "line": 32,
      "label": "sum += digit"
    },
    {
      "id": 23,
      "line": 33,
      "label": "alternate = !alternate"
    },
    {
      "id": 24,
      "line": 36,
      "label": "return sum % 10 == 0;"
    },
    {
      "id": 25,
      "line": 39,
      "label": "void main(String[] args)"
    },
    {
      "id": 26,
      "line": 40,
      "label": "Scanner scanner = new Scanner(System.in)"
    },
    {
      "id": 27,
      "line": 41,
      "label": "System.out.println('Enter a credit card number:')"
    },
    {
      "id": 28,
      "line": 42,
      "label": "String cardNumber = scanner.nextLine()"
    },
    {
      "id": 29,
      "line": 44,
      "label": "if (isCreditCardNumberValid(cardNumber))"
    },
    {
      "id": 30,
      "line": 45,
      "label": "System.out.println('The credit card number is valid.')"
    },
    {
      "id": 31,
      "line": 0,
      "label": "endif"
    },
    {
      "id": 32,
      "line": 47,
      "label": "System.out.println('The credit card number is not valid.')"
    }
  ],

  "edges": [
    {
      "id": 0,
      "source": 0,
      "target": 1,
      "label": ""
    },
    {
      "id": 1,
      "source": 1,
      "target": 2,
      "label": "True"
    },
    {
      "id": 2,
      "source": 1,
      "target": 3,
      "label": "False"
    },
    {
      "id": 3,
      "source": 3,
      "target": 4,
      "label": ""
    },
    {
      "id": 4,
      "source": 4,
      "target": 5,
      "label": ""
    },
    {
      "id": 5,
      "source": 5,
      "target": 6,
      "label": "True"
    },
    {
      "id": 6,
      "source": 5,
      "target": 7,
      "label": "False"
    },
    {
      "id": 7,
      "source": 7,
      "target": 8,
      "label": ""
    },
    {
      "id": 8,
      "source": 8,
      "target": 9,
      "label": ""
    },
    {
      "id": 9,
      "source": 9,
      "target": 10,
      "label": ""
    },
    {
      "id": 10,
      "source": 10,
      "target": 11,
      "label": "False"
    },
    {
      "id": 11,
      "source": 10,
      "target": 12,
      "label": "True"
    },
    {
      "id": 12,
      "source": 12,
      "target": 13,
      "label": ""
    },
    {
      "id": 13,
      "source": 13,
      "target": 14,
      "label": "True"
    },
    {
      "id": 14,
      "source": 13,
      "target": 15,
      "label": "False"
    },
    {
      "id": 15,
      "source": 15,
      "target": 16,
      "label": ""
    },
    {
      "id": 16,
      "source": 16,
      "target": 17,
      "label": "True"
    },
    {
      "id": 17,
      "source": 17,
      "target": 18,
      "label": ""
    },
    {
      "id": 18,
      "source": 18,
      "target": 19,
      "label": "True"
    },
    {
      "id": 19,
      "source": 19,
      "target": 20,
      "label": ""
    },
    {
      "id": 20,
      "source": 18,
      "target": 20,
      "label": "False"
    },
    {
      "id": 21,
      "source": 20,
      "target": 21,
      "label": ""
    },
    {
      "id": 22,
      "source": 16,
      "target": 21,
      "label": "False"
    },
    {
      "id": 23,
      "source": 21,
      "target": 22,
      "label": ""
    },
    {
      "id": 24,
      "source": 22,
      "target": 23,
      "label": ""
    },
    {
      "id": 25,
      "source": 23,
      "target": 10,
      "label": ""
    },
    {
      "id": 26,
      "source": 11,
      "target": 24,
      "label": ""
    },
    {
      "id": 27,
      "source": 25,
      "target": 26,
      "label": ""
    },
    {
      "id": 28,
      "source": 26,
      "target": 27,
      "label": ""
    },
    {
      "id": 29,
      "source": 27,
      "target": 28,
      "label": ""
    },
    {
      "id": 30,
      "source": 28,
      "target": 29,
      "label": ""
    },
    {
      "id": 31,
      "source": 29,
      "target": 30,
      "label": "True"
    },
    {
      "id": 32,
      "source": 30,
      "target": 31,
      "label": ""
    },
    {
      "id": 33,
      "source": 29,
      "target": 32,
      "label": "False"
    },
    {
      "id": 34,
      "source": 32,
      "target": 31,
      "label": ""
    }
  ]
}
