{
  "directed": true,
  "multigraph": true,
  "label": "CFG of 37693.java",
  "type": "Control Flow Graph (CFG)",
  "file": "37693.java",
  "package": "",

  "nodes": [
    {
      "id": 0,
      "line": 7,
      "label": "BankAccount (String accountNumber, double balance)"
    },
    {
      "id": 1,
      "line": 8,
      "label": "if (accountNumber == null || accountNumber.isEmpty())"
    },
    {
      "id": 2,
      "line": 9,
      "label": "throw new IllegalArgumentException('Invalid account number')"
    },
    {
      "id": 3,
      "line": 0,
      "label": "endif"
    },
    {
      "id": 4,
      "line": 11,
      "label": "if (balance < 0)"
    },
    {
      "id": 5,
      "line": 12,
      "label": "throw new IllegalArgumentException('Invalid balance')"
    },
    {
      "id": 6,
      "line": 0,
      "label": "endif"
    },
    {
      "id": 7,
      "line": 14,
      "label": "this.accountNumber = accountNumber"
    },
    {
      "id": 8,
      "line": 15,
      "label": "this.balance = balance"
    },
    {
      "id": 9,
      "line": 18,
      "label": "void deposit(double amount)"
    },
    {
      "id": 10,
      "line": 19,
      "label": "if (amount < 0)"
    },
    {
      "id": 11,
      "line": 20,
      "label": "throw new IllegalArgumentException('Invalid deposit amount')"
    },
    {
      "id": 12,
      "line": 0,
      "label": "endif"
    },
    {
      "id": 13,
      "line": 22,
      "label": "this.balance += amount"
    },
    {
      "id": 14,
      "line": 25,
      "label": "void withdraw(double amount)"
    },
    {
      "id": 15,
      "line": 26,
      "label": "if (amount < 0)"
    },
    {
      "id": 16,
      "line": 27,
      "label": "throw new IllegalArgumentException('Invalid withdrawal amount')"
    },
    {
      "id": 17,
      "line": 0,
      "label": "endif"
    },
    {
      "id": 18,
      "line": 29,
      "label": "if (amount > this.balance)"
    },
    {
      "id": 19,
      "line": 30,
      "label": "throw new InsufficientFundsException()"
    },
    {
      "id": 20,
      "line": 0,
      "label": "endif"
    },
    {
      "id": 21,
      "line": 32,
      "label": "this.balance -= amount"
    },
    {
      "id": 22,
      "line": 35,
      "label": "double getBalance()"
    },
    {
      "id": 23,
      "line": 36,
      "label": "return this.balance;"
    },
    {
      "id": 24,
      "line": 42,
      "label": "void main(String[] args)"
    },
    {
      "id": 25,
      "line": 43,
      "label": "try"
    },
    {
      "id": 26,
      "line": 43,
      "label": "Scanner scanner = new Scanner(System.in)"
    },
    {
      "id": 27,
      "line": 0,
      "label": "end-try"
    },
    {
      "id": 28,
      "line": 44,
      "label": "System.out.print('Enter account number: ')"
    },
    {
      "id": 29,
      "line": 45,
      "label": "String accountNumber = scanner.nextLine()"
    },
    {
      "id": 30,
      "line": 46,
      "label": "System.out.print('Enter initial balance: ')"
    },
    {
      "id": 31,
      "line": 47,
      "label": "double balance = scanner.nextDouble()"
    },
    {
      "id": 32,
      "line": 48,
      "label": "scanner.nextLine()"
    },
    {
      "id": 33,
      "line": 49,
      "label": "BankAccount account = new BankAccount(accountNumber, balance)"
    },
    {
      "id": 34,
      "line": 51,
      "label": "while (true)"
    },
    {
      "id": 35,
      "line": 0,
      "label": "endwhile"
    },
    {
      "id": 36,
      "line": 52,
      "label": "System.out.println('\\n1. Deposit')"
    },
    {
      "id": 37,
      "line": 53,
      "label": "System.out.println('2. Withdraw')"
    },
    {
      "id": 38,
      "line": 54,
      "label": "System.out.println('3. Check balance')"
    },
    {
      "id": 39,
      "line": 55,
      "label": "System.out.println('4. Exit')"
    },
    {
      "id": 40,
      "line": 57,
      "label": "System.out.print('Choose an option: ')"
    },
    {
      "id": 41,
      "line": 58,
      "label": "int option = scanner.nextInt()"
    },
    {
      "id": 42,
      "line": 59,
      "label": "scanner.nextLine()"
    },
    {
      "id": 43,
      "line": 61,
      "label": "switch (option)"
    },
    {
      "id": 44,
      "line": 0,
      "label": "end-switch"
    },
    {
      "id": 45,
      "line": 62,
      "label": "case 1:"
    },
    {
      "id": 46,
      "line": 63,
      "label": "System.out.print('Enter deposit amount: ')"
    },
    {
      "id": 47,
      "line": 64,
      "label": "double depositAmount = scanner.nextDouble()"
    },
    {
      "id": 48,
      "line": 65,
      "label": "scanner.nextLine()"
    },
    {
      "id": 49,
      "line": 66,
      "label": "account.deposit(depositAmount)"
    },
    {
      "id": 50,
      "line": 67,
      "label": "break;"
    },
    {
      "id": 51,
      "line": 68,
      "label": "case 2:"
    },
    {
      "id": 52,
      "line": 69,
      "label": "System.out.print('Enter withdrawal amount: ')"
    },
    {
      "id": 53,
      "line": 70,
      "label": "double withdrawalAmount = scanner.nextDouble()"
    },
    {
      "id": 54,
      "line": 71,
      "label": "scanner.nextLine()"
    },
    {
      "id": 55,
      "line": 72,
      "label": "try"
    },
    {
      "id": 56,
      "line": 0,
      "label": "end-try"
    },
    {
      "id": 57,
      "line": 73,
      "label": "account.withdraw(withdrawalAmount)"
    },
    {
      "id": 58,
      "line": 0,
      "label": "end-catch"
    },
    {
      "id": 59,
      "line": 74,
      "label": "catch (InsufficientFundsException e)"
    },
    {
      "id": 60,
      "line": 75,
      "label": "System.out.println('Insufficient funds')"
    },
    {
      "id": 61,
      "line": 77,
      "label": "break;"
    },
    {
      "id": 62,
      "line": 78,
      "label": "case 3:"
    },
    {
      "id": 63,
      "line": 79,
      "label": "System.out.println('Current balance: ' + account.getBalance())"
    },
    {
      "id": 64,
      "line": 80,
      "label": "break;"
    },
    {
      "id": 65,
      "line": 81,
      "label": "case 4:"
    },
    {
      "id": 66,
      "line": 82,
      "label": "System.exit(0)"
    },
    {
      "id": 67,
      "line": 83,
      "label": "default:"
    },
    {
      "id": 68,
      "line": 84,
      "label": "System.out.println('Invalid option')"
    }
  ],

  "edges": [
    {
      "id": 0,
      "source": 0,
      "target": 1,
      "label": ""
    },
    {
      "id": 1,
      "source": 1,
      "target": 2,
      "label": "True"
    },
    {
      "id": 2,
      "source": 1,
      "target": 3,
      "label": "False"
    },
    {
      "id": 3,
      "source": 3,
      "target": 4,
      "label": ""
    },
    {
      "id": 4,
      "source": 4,
      "target": 5,
      "label": "True"
    },
    {
      "id": 5,
      "source": 4,
      "target": 6,
      "label": "False"
    },
    {
      "id": 6,
      "source": 6,
      "target": 7,
      "label": ""
    },
    {
      "id": 7,
      "source": 7,
      "target": 8,
      "label": ""
    },
    {
      "id": 8,
      "source": 9,
      "target": 10,
      "label": ""
    },
    {
      "id": 9,
      "source": 10,
      "target": 11,
      "label": "True"
    },
    {
      "id": 10,
      "source": 10,
      "target": 12,
      "label": "False"
    },
    {
      "id": 11,
      "source": 12,
      "target": 13,
      "label": ""
    },
    {
      "id": 12,
      "source": 14,
      "target": 15,
      "label": ""
    },
    {
      "id": 13,
      "source": 15,
      "target": 16,
      "label": "True"
    },
    {
      "id": 14,
      "source": 15,
      "target": 17,
      "label": "False"
    },
    {
      "id": 15,
      "source": 17,
      "target": 18,
      "label": ""
    },
    {
      "id": 16,
      "source": 18,
      "target": 19,
      "label": "True"
    },
    {
      "id": 17,
      "source": 18,
      "target": 20,
      "label": "False"
    },
    {
      "id": 18,
      "source": 20,
      "target": 21,
      "label": ""
    },
    {
      "id": 19,
      "source": 22,
      "target": 23,
      "label": ""
    },
    {
      "id": 20,
      "source": 24,
      "target": 25,
      "label": ""
    },
    {
      "id": 21,
      "source": 25,
      "target": 26,
      "label": ""
    },
    {
      "id": 22,
      "source": 26,
      "target": 28,
      "label": ""
    },
    {
      "id": 23,
      "source": 28,
      "target": 29,
      "label": ""
    },
    {
      "id": 24,
      "source": 29,
      "target": 30,
      "label": ""
    },
    {
      "id": 25,
      "source": 30,
      "target": 31,
      "label": ""
    },
    {
      "id": 26,
      "source": 31,
      "target": 32,
      "label": ""
    },
    {
      "id": 27,
      "source": 32,
      "target": 33,
      "label": ""
    },
    {
      "id": 28,
      "source": 33,
      "target": 34,
      "label": ""
    },
    {
      "id": 29,
      "source": 34,
      "target": 35,
      "label": "False"
    },
    {
      "id": 30,
      "source": 34,
      "target": 36,
      "label": "True"
    },
    {
      "id": 31,
      "source": 36,
      "target": 37,
      "label": ""
    },
    {
      "id": 32,
      "source": 37,
      "target": 38,
      "label": ""
    },
    {
      "id": 33,
      "source": 38,
      "target": 39,
      "label": ""
    },
    {
      "id": 34,
      "source": 39,
      "target": 40,
      "label": ""
    },
    {
      "id": 35,
      "source": 40,
      "target": 41,
      "label": ""
    },
    {
      "id": 36,
      "source": 41,
      "target": 42,
      "label": ""
    },
    {
      "id": 37,
      "source": 42,
      "target": 43,
      "label": ""
    },
    {
      "id": 38,
      "source": 43,
      "target": 45,
      "label": ""
    },
    {
      "id": 39,
      "source": 45,
      "target": 46,
      "label": "True"
    },
    {
      "id": 40,
      "source": 46,
      "target": 47,
      "label": ""
    },
    {
      "id": 41,
      "source": 47,
      "target": 48,
      "label": ""
    },
    {
      "id": 42,
      "source": 48,
      "target": 49,
      "label": ""
    },
    {
      "id": 43,
      "source": 49,
      "target": 50,
      "label": ""
    },
    {
      "id": 44,
      "source": 50,
      "target": 44,
      "label": ""
    },
    {
      "id": 45,
      "source": 45,
      "target": 51,
      "label": "False"
    },
    {
      "id": 46,
      "source": 51,
      "target": 52,
      "label": "True"
    },
    {
      "id": 47,
      "source": 52,
      "target": 53,
      "label": ""
    },
    {
      "id": 48,
      "source": 53,
      "target": 54,
      "label": ""
    },
    {
      "id": 49,
      "source": 54,
      "target": 55,
      "label": ""
    },
    {
      "id": 50,
      "source": 55,
      "target": 57,
      "label": ""
    },
    {
      "id": 51,
      "source": 57,
      "target": 56,
      "label": ""
    },
    {
      "id": 52,
      "source": 56,
      "target": 59,
      "label": "Throws"
    },
    {
      "id": 53,
      "source": 59,
      "target": 60,
      "label": ""
    },
    {
      "id": 54,
      "source": 60,
      "target": 58,
      "label": ""
    },
    {
      "id": 55,
      "source": 58,
      "target": 56,
      "label": ""
    },
    {
      "id": 56,
      "source": 56,
      "target": 61,
      "label": ""
    },
    {
      "id": 57,
      "source": 61,
      "target": 44,
      "label": ""
    },
    {
      "id": 58,
      "source": 51,
      "target": 62,
      "label": "False"
    },
    {
      "id": 59,
      "source": 62,
      "target": 63,
      "label": "True"
    },
    {
      "id": 60,
      "source": 63,
      "target": 64,
      "label": ""
    },
    {
      "id": 61,
      "source": 64,
      "target": 44,
      "label": ""
    },
    {
      "id": 62,
      "source": 62,
      "target": 65,
      "label": "False"
    },
    {
      "id": 63,
      "source": 65,
      "target": 66,
      "label": "True"
    },
    {
      "id": 64,
      "source": 66,
      "target": 67,
      "label": ""
    },
    {
      "id": 65,
      "source": 65,
      "target": 67,
      "label": "False"
    },
    {
      "id": 66,
      "source": 67,
      "target": 68,
      "label": ""
    },
    {
      "id": 67,
      "source": 68,
      "target": 44,
      "label": ""
    },
    {
      "id": 68,
      "source": 44,
      "target": 34,
      "label": ""
    },
    {
      "id": 69,
      "source": 35,
      "target": 27,
      "label": ""
    }
  ]
}
