{
  "directed": true,
  "multigraph": true,
  "label": "CFG of 37709.java",
  "type": "Control Flow Graph (CFG)",
  "file": "37709.java",
  "package": "",

  "nodes": [
    {
      "id": 0,
      "line": 10,
      "label": "boolean encryptFile(String filePath, String key)"
    },
    {
      "id": 1,
      "line": 11,
      "label": "if (filePath == null || filePath.isEmpty() || key == null || key.isEmpty())"
    },
    {
      "id": 2,
      "line": 12,
      "label": "return false;"
    },
    {
      "id": 3,
      "line": 0,
      "label": "endif"
    },
    {
      "id": 4,
      "line": 15,
      "label": "try"
    },
    {
      "id": 5,
      "line": 0,
      "label": "end-try"
    },
    {
      "id": 6,
      "line": 16,
      "label": "File file = new File(filePath)"
    },
    {
      "id": 7,
      "line": 17,
      "label": "if (!file.exists() || !file.isFile())"
    },
    {
      "id": 8,
      "line": 18,
      "label": "return false;"
    },
    {
      "id": 9,
      "line": 0,
      "label": "endif"
    },
    {
      "id": 10,
      "line": 21,
      "label": "StringBuilder cipherText = new StringBuilder()"
    },
    {
      "id": 11,
      "line": 22,
      "label": "Pattern pattern = Pattern.compile('[^a-zA-Z0-9!@#$%^&*()_+]')"
    },
    {
      "id": 12,
      "line": 23,
      "label": "Matcher matcher = pattern.matcher(file.getName())"
    },
    {
      "id": 13,
      "line": 24,
      "label": "cipherText.append(matcher.replaceAll(''))"
    },
    {
      "id": 14,
      "line": 26,
      "label": "int i = 0"
    },
    {
      "id": 15,
      "line": 26,
      "label": "for (i < cipherText.length())"
    },
    {
      "id": 16,
      "line": 26,
      "label": "i++"
    },
    {
      "id": 17,
      "line": 0,
      "label": "endfor"
    },
    {
      "id": 18,
      "line": 27,
      "label": "char c = cipherText.charAt(i)"
    },
    {
      "id": 19,
      "line": 28,
      "label": "int base = ALPHABET.indexOf(c)"
    },
    {
      "id": 20,
      "line": 29,
      "label": "int encrypted = (base + key.length()) % ALPHABET.length()"
    },
    {
      "id": 21,
      "line": 30,
      "label": "cipherText.setCharAt(i, ALPHABET.charAt(encrypted))"
    },
    {
      "id": 22,
      "line": 33,
      "label": "File newFile = new File(filePath + '.encrypted')"
    },
    {
      "id": 23,
      "line": 34,
      "label": "java.io.FileWriter writer = new java.io.FileWriter(newFile)"
    },
    {
      "id": 24,
      "line": 35,
      "label": "writer.write(cipherText.toString())"
    },
    {
      "id": 25,
      "line": 36,
      "label": "writer.close()"
    },
    {
      "id": 26,
      "line": 37,
      "label": "return true;"
    },
    {
      "id": 27,
      "line": 0,
      "label": "end-catch"
    },
    {
      "id": 28,
      "line": 38,
      "label": "catch (FileNotFoundException e)"
    },
    {
      "id": 29,
      "line": 39,
      "label": "return false;"
    },
    {
      "id": 30,
      "line": 43,
      "label": "void main(String[] args)"
    },
    {
      "id": 31,
      "line": 44,
      "label": "System.out.println(encryptFile('path_to_your_file.txt', 'your_secret_key'))"
    }
  ],

  "edges": [
    {
      "id": 0,
      "source": 0,
      "target": 1,
      "label": ""
    },
    {
      "id": 1,
      "source": 1,
      "target": 2,
      "label": "True"
    },
    {
      "id": 2,
      "source": 1,
      "target": 3,
      "label": "False"
    },
    {
      "id": 3,
      "source": 3,
      "target": 4,
      "label": ""
    },
    {
      "id": 4,
      "source": 4,
      "target": 6,
      "label": ""
    },
    {
      "id": 5,
      "source": 6,
      "target": 7,
      "label": ""
    },
    {
      "id": 6,
      "source": 7,
      "target": 8,
      "label": "True"
    },
    {
      "id": 7,
      "source": 7,
      "target": 9,
      "label": "False"
    },
    {
      "id": 8,
      "source": 9,
      "target": 10,
      "label": ""
    },
    {
      "id": 9,
      "source": 10,
      "target": 11,
      "label": ""
    },
    {
      "id": 10,
      "source": 11,
      "target": 12,
      "label": ""
    },
    {
      "id": 11,
      "source": 12,
      "target": 13,
      "label": ""
    },
    {
      "id": 12,
      "source": 13,
      "target": 14,
      "label": ""
    },
    {
      "id": 13,
      "source": 14,
      "target": 15,
      "label": ""
    },
    {
      "id": 14,
      "source": 15,
      "target": 17,
      "label": "False"
    },
    {
      "id": 15,
      "source": 15,
      "target": 18,
      "label": "True"
    },
    {
      "id": 16,
      "source": 18,
      "target": 19,
      "label": ""
    },
    {
      "id": 17,
      "source": 19,
      "target": 20,
      "label": ""
    },
    {
      "id": 18,
      "source": 20,
      "target": 21,
      "label": ""
    },
    {
      "id": 19,
      "source": 21,
      "target": 16,
      "label": ""
    },
    {
      "id": 20,
      "source": 16,
      "target": 15,
      "label": ""
    },
    {
      "id": 21,
      "source": 17,
      "target": 22,
      "label": ""
    },
    {
      "id": 22,
      "source": 22,
      "target": 23,
      "label": ""
    },
    {
      "id": 23,
      "source": 23,
      "target": 24,
      "label": ""
    },
    {
      "id": 24,
      "source": 24,
      "target": 25,
      "label": ""
    },
    {
      "id": 25,
      "source": 25,
      "target": 26,
      "label": ""
    },
    {
      "id": 26,
      "source": 5,
      "target": 28,
      "label": "Throws"
    },
    {
      "id": 27,
      "source": 28,
      "target": 29,
      "label": ""
    },
    {
      "id": 28,
      "source": 27,
      "target": 5,
      "label": ""
    },
    {
      "id": 29,
      "source": 30,
      "target": 31,
      "label": ""
    }
  ]
}
