{
  "directed": true,
  "multigraph": true,
  "label": "CFG of 37864.java",
  "type": "Control Flow Graph (CFG)",
  "file": "37864.java",
  "package": "",

  "nodes": [
    {
      "id": 0,
      "line": 3,
      "label": "GeometryCalculator ()"
    },
    {
      "id": 1,
      "line": 5,
      "label": "double calculateCircleArea(double radius)"
    },
    {
      "id": 2,
      "line": 6,
      "label": "if (radius < 0)"
    },
    {
      "id": 3,
      "line": 7,
      "label": "throw new IllegalArgumentException('Radius cannot be negative')"
    },
    {
      "id": 4,
      "line": 0,
      "label": "endif"
    },
    {
      "id": 5,
      "line": 9,
      "label": "return Math.PI * Math.pow(radius, 2);"
    },
    {
      "id": 6,
      "line": 12,
      "label": "double calculateRectanglePerimeter(double length, double width)"
    },
    {
      "id": 7,
      "line": 13,
      "label": "if (length < 0 || width < 0)"
    },
    {
      "id": 8,
      "line": 14,
      "label": "throw new IllegalArgumentException('Length and width cannot be negative')"
    },
    {
      "id": 9,
      "line": 0,
      "label": "endif"
    },
    {
      "id": 10,
      "line": 16,
      "label": "return 2 * (length + width);"
    },
    {
      "id": 11,
      "line": 19,
      "label": "void main(String[] args)"
    },
    {
      "id": 12,
      "line": 20,
      "label": "System.out.println(calculateCircleArea(5))"
    },
    {
      "id": 13,
      "line": 21,
      "label": "System.out.println(calculateRectanglePerimeter(4, 6))"
    }
  ],

  "edges": [
    {
      "id": 0,
      "source": 1,
      "target": 2,
      "label": ""
    },
    {
      "id": 1,
      "source": 2,
      "target": 3,
      "label": "True"
    },
    {
      "id": 2,
      "source": 2,
      "target": 4,
      "label": "False"
    },
    {
      "id": 3,
      "source": 4,
      "target": 5,
      "label": ""
    },
    {
      "id": 4,
      "source": 6,
      "target": 7,
      "label": ""
    },
    {
      "id": 5,
      "source": 7,
      "target": 8,
      "label": "True"
    },
    {
      "id": 6,
      "source": 7,
      "target": 9,
      "label": "False"
    },
    {
      "id": 7,
      "source": 9,
      "target": 10,
      "label": ""
    },
    {
      "id": 8,
      "source": 11,
      "target": 12,
      "label": ""
    },
    {
      "id": 9,
      "source": 12,
      "target": 13,
      "label": ""
    }
  ]
}
