{
  "directed": true,
  "multigraph": true,
  "label": "CFG of 37865.java",
  "type": "Control Flow Graph (CFG)",
  "file": "37865.java",
  "package": "",

  "nodes": [
    {
      "id": 0,
      "line": 7,
      "label": "BankAccount (String accountNumber, double initialBalance)"
    },
    {
      "id": 1,
      "line": 8,
      "label": "if (accountNumber == null || accountNumber.isEmpty())"
    },
    {
      "id": 2,
      "line": 9,
      "label": "throw new IllegalArgumentException('Account number must be provided')"
    },
    {
      "id": 3,
      "line": 0,
      "label": "endif"
    },
    {
      "id": 4,
      "line": 11,
      "label": "if (initialBalance < 0)"
    },
    {
      "id": 5,
      "line": 12,
      "label": "throw new IllegalArgumentException('Initial balance cannot be negative')"
    },
    {
      "id": 6,
      "line": 0,
      "label": "endif"
    },
    {
      "id": 7,
      "line": 14,
      "label": "this.accountNumber = accountNumber"
    },
    {
      "id": 8,
      "line": 15,
      "label": "this.balance = initialBalance"
    },
    {
      "id": 9,
      "line": 18,
      "label": "void deposit(double amount)"
    },
    {
      "id": 10,
      "line": 19,
      "label": "if (amount < 0)"
    },
    {
      "id": 11,
      "line": 20,
      "label": "throw new IllegalArgumentException('Deposit amount cannot be negative')"
    },
    {
      "id": 12,
      "line": 0,
      "label": "endif"
    },
    {
      "id": 13,
      "line": 22,
      "label": "balance += amount"
    },
    {
      "id": 14,
      "line": 25,
      "label": "void withdraw(double amount)"
    },
    {
      "id": 15,
      "line": 26,
      "label": "if (amount < 0)"
    },
    {
      "id": 16,
      "line": 27,
      "label": "throw new IllegalArgumentException('Withdrawal amount cannot be negative')"
    },
    {
      "id": 17,
      "line": 0,
      "label": "endif"
    },
    {
      "id": 18,
      "line": 29,
      "label": "if (amount > balance)"
    },
    {
      "id": 19,
      "line": 30,
      "label": "throw new IllegalArgumentException('Insufficient balance')"
    },
    {
      "id": 20,
      "line": 0,
      "label": "endif"
    },
    {
      "id": 21,
      "line": 32,
      "label": "balance -= amount"
    },
    {
      "id": 22,
      "line": 35,
      "label": "double getBalance()"
    },
    {
      "id": 23,
      "line": 36,
      "label": "return balance;"
    },
    {
      "id": 24,
      "line": 39,
      "label": "void main(String[] args)"
    },
    {
      "id": 25,
      "line": 40,
      "label": "Scanner scanner = new Scanner(System.in)"
    },
    {
      "id": 26,
      "line": 41,
      "label": "System.out.println('Enter account number:')"
    },
    {
      "id": 27,
      "line": 42,
      "label": "String accountNumber = scanner.nextLine()"
    },
    {
      "id": 28,
      "line": 43,
      "label": "System.out.println('Enter initial balance:')"
    },
    {
      "id": 29,
      "line": 44,
      "label": "double initialBalance = Double.parseDouble(scanner.nextLine())"
    },
    {
      "id": 30,
      "line": 45,
      "label": "BankAccount account = new BankAccount(accountNumber, initialBalance)"
    },
    {
      "id": 31,
      "line": 46,
      "label": "while (true)"
    },
    {
      "id": 32,
      "line": 0,
      "label": "endwhile"
    },
    {
      "id": 33,
      "line": 47,
      "label": "System.out.println('1. Deposit')"
    },
    {
      "id": 34,
      "line": 48,
      "label": "System.out.println('2. Withdraw')"
    },
    {
      "id": 35,
      "line": 49,
      "label": "System.out.println('3. Check balance')"
    },
    {
      "id": 36,
      "line": 50,
      "label": "System.out.println('4. Exit')"
    },
    {
      "id": 37,
      "line": 51,
      "label": "int choice = scanner.nextInt()"
    },
    {
      "id": 38,
      "line": 52,
      "label": "scanner.nextLine()"
    },
    {
      "id": 39,
      "line": 53,
      "label": "switch (choice)"
    },
    {
      "id": 40,
      "line": 0,
      "label": "end-switch"
    },
    {
      "id": 41,
      "line": 54,
      "label": "case 1:"
    },
    {
      "id": 42,
      "line": 55,
      "label": "System.out.println('Enter deposit amount:')"
    },
    {
      "id": 43,
      "line": 56,
      "label": "double depositAmount = Double.parseDouble(scanner.nextLine())"
    },
    {
      "id": 44,
      "line": 57,
      "label": "account.deposit(depositAmount)"
    },
    {
      "id": 45,
      "line": 58,
      "label": "break;"
    },
    {
      "id": 46,
      "line": 59,
      "label": "case 2:"
    },
    {
      "id": 47,
      "line": 60,
      "label": "System.out.println('Enter withdrawal amount:')"
    },
    {
      "id": 48,
      "line": 61,
      "label": "double withdrawalAmount = Double.parseDouble(scanner.nextLine())"
    },
    {
      "id": 49,
      "line": 62,
      "label": "account.withdraw(withdrawalAmount)"
    },
    {
      "id": 50,
      "line": 63,
      "label": "break;"
    },
    {
      "id": 51,
      "line": 64,
      "label": "case 3:"
    },
    {
      "id": 52,
      "line": 65,
      "label": "System.out.println('Current balance: ' + account.getBalance())"
    },
    {
      "id": 53,
      "line": 66,
      "label": "break;"
    },
    {
      "id": 54,
      "line": 67,
      "label": "case 4:"
    },
    {
      "id": 55,
      "line": 68,
      "label": "System.exit(0)"
    },
    {
      "id": 56,
      "line": 69,
      "label": "break;"
    },
    {
      "id": 57,
      "line": 70,
      "label": "default:"
    },
    {
      "id": 58,
      "line": 71,
      "label": "System.out.println('Invalid choice')"
    }
  ],

  "edges": [
    {
      "id": 0,
      "source": 0,
      "target": 1,
      "label": ""
    },
    {
      "id": 1,
      "source": 1,
      "target": 2,
      "label": "True"
    },
    {
      "id": 2,
      "source": 1,
      "target": 3,
      "label": "False"
    },
    {
      "id": 3,
      "source": 3,
      "target": 4,
      "label": ""
    },
    {
      "id": 4,
      "source": 4,
      "target": 5,
      "label": "True"
    },
    {
      "id": 5,
      "source": 4,
      "target": 6,
      "label": "False"
    },
    {
      "id": 6,
      "source": 6,
      "target": 7,
      "label": ""
    },
    {
      "id": 7,
      "source": 7,
      "target": 8,
      "label": ""
    },
    {
      "id": 8,
      "source": 9,
      "target": 10,
      "label": ""
    },
    {
      "id": 9,
      "source": 10,
      "target": 11,
      "label": "True"
    },
    {
      "id": 10,
      "source": 10,
      "target": 12,
      "label": "False"
    },
    {
      "id": 11,
      "source": 12,
      "target": 13,
      "label": ""
    },
    {
      "id": 12,
      "source": 14,
      "target": 15,
      "label": ""
    },
    {
      "id": 13,
      "source": 15,
      "target": 16,
      "label": "True"
    },
    {
      "id": 14,
      "source": 15,
      "target": 17,
      "label": "False"
    },
    {
      "id": 15,
      "source": 17,
      "target": 18,
      "label": ""
    },
    {
      "id": 16,
      "source": 18,
      "target": 19,
      "label": "True"
    },
    {
      "id": 17,
      "source": 18,
      "target": 20,
      "label": "False"
    },
    {
      "id": 18,
      "source": 20,
      "target": 21,
      "label": ""
    },
    {
      "id": 19,
      "source": 22,
      "target": 23,
      "label": ""
    },
    {
      "id": 20,
      "source": 24,
      "target": 25,
      "label": ""
    },
    {
      "id": 21,
      "source": 25,
      "target": 26,
      "label": ""
    },
    {
      "id": 22,
      "source": 26,
      "target": 27,
      "label": ""
    },
    {
      "id": 23,
      "source": 27,
      "target": 28,
      "label": ""
    },
    {
      "id": 24,
      "source": 28,
      "target": 29,
      "label": ""
    },
    {
      "id": 25,
      "source": 29,
      "target": 30,
      "label": ""
    },
    {
      "id": 26,
      "source": 30,
      "target": 31,
      "label": ""
    },
    {
      "id": 27,
      "source": 31,
      "target": 32,
      "label": "False"
    },
    {
      "id": 28,
      "source": 31,
      "target": 33,
      "label": "True"
    },
    {
      "id": 29,
      "source": 33,
      "target": 34,
      "label": ""
    },
    {
      "id": 30,
      "source": 34,
      "target": 35,
      "label": ""
    },
    {
      "id": 31,
      "source": 35,
      "target": 36,
      "label": ""
    },
    {
      "id": 32,
      "source": 36,
      "target": 37,
      "label": ""
    },
    {
      "id": 33,
      "source": 37,
      "target": 38,
      "label": ""
    },
    {
      "id": 34,
      "source": 38,
      "target": 39,
      "label": ""
    },
    {
      "id": 35,
      "source": 39,
      "target": 41,
      "label": ""
    },
    {
      "id": 36,
      "source": 41,
      "target": 42,
      "label": "True"
    },
    {
      "id": 37,
      "source": 42,
      "target": 43,
      "label": ""
    },
    {
      "id": 38,
      "source": 43,
      "target": 44,
      "label": ""
    },
    {
      "id": 39,
      "source": 44,
      "target": 45,
      "label": ""
    },
    {
      "id": 40,
      "source": 45,
      "target": 40,
      "label": ""
    },
    {
      "id": 41,
      "source": 41,
      "target": 46,
      "label": "False"
    },
    {
      "id": 42,
      "source": 46,
      "target": 47,
      "label": "True"
    },
    {
      "id": 43,
      "source": 47,
      "target": 48,
      "label": ""
    },
    {
      "id": 44,
      "source": 48,
      "target": 49,
      "label": ""
    },
    {
      "id": 45,
      "source": 49,
      "target": 50,
      "label": ""
    },
    {
      "id": 46,
      "source": 50,
      "target": 40,
      "label": ""
    },
    {
      "id": 47,
      "source": 46,
      "target": 51,
      "label": "False"
    },
    {
      "id": 48,
      "source": 51,
      "target": 52,
      "label": "True"
    },
    {
      "id": 49,
      "source": 52,
      "target": 53,
      "label": ""
    },
    {
      "id": 50,
      "source": 53,
      "target": 40,
      "label": ""
    },
    {
      "id": 51,
      "source": 51,
      "target": 54,
      "label": "False"
    },
    {
      "id": 52,
      "source": 54,
      "target": 55,
      "label": "True"
    },
    {
      "id": 53,
      "source": 55,
      "target": 56,
      "label": ""
    },
    {
      "id": 54,
      "source": 56,
      "target": 40,
      "label": ""
    },
    {
      "id": 55,
      "source": 54,
      "target": 57,
      "label": "False"
    },
    {
      "id": 56,
      "source": 57,
      "target": 58,
      "label": ""
    },
    {
      "id": 57,
      "source": 58,
      "target": 40,
      "label": ""
    },
    {
      "id": 58,
      "source": 40,
      "target": 31,
      "label": ""
    }
  ]
}
