{
  "directed": true,
  "multigraph": true,
  "label": "CFG of 38117.java",
  "type": "Control Flow Graph (CFG)",
  "file": "38117.java",
  "package": "com.example",

  "nodes": [
    {
      "id": 0,
      "line": 13,
      "label": "EmailAddress (String value)"
    },
    {
      "id": 1,
      "line": 14,
      "label": "this.value = value"
    },
    {
      "id": 2,
      "line": 17,
      "label": "EmailAddress of(String raw)"
    },
    {
      "id": 3,
      "line": 18,
      "label": "if (raw == null || raw.isBlank())"
    },
    {
      "id": 4,
      "line": 19,
      "label": "throw new IllegalArgumentException('Email must not be null or blank')"
    },
    {
      "id": 5,
      "line": 0,
      "label": "endif"
    },
    {
      "id": 6,
      "line": 21,
      "label": "if (!EMAIL_PATTERN.matcher(raw).matches())"
    },
    {
      "id": 7,
      "line": 22,
      "label": "throw new IllegalArgumentException('Invalid email format: ' + raw)"
    },
    {
      "id": 8,
      "line": 0,
      "label": "endif"
    },
    {
      "id": 9,
      "line": 24,
      "label": "return new EmailAddress(raw);"
    },
    {
      "id": 10,
      "line": 27,
      "label": "String getValue()"
    },
    {
      "id": 11,
      "line": 28,
      "label": "return value;"
    },
    {
      "id": 12,
      "line": 32,
      "label": "boolean equals(Object o)"
    },
    {
      "id": 13,
      "line": 33,
      "label": "if (this == o)"
    },
    {
      "id": 14,
      "line": 33,
      "label": "return true;"
    },
    {
      "id": 15,
      "line": 0,
      "label": "endif"
    },
    {
      "id": 16,
      "line": 34,
      "label": "if (!(o instanceof EmailAddress))"
    },
    {
      "id": 17,
      "line": 34,
      "label": "return false;"
    },
    {
      "id": 18,
      "line": 0,
      "label": "endif"
    },
    {
      "id": 19,
      "line": 35,
      "label": "EmailAddress that = (EmailAddress) o"
    },
    {
      "id": 20,
      "line": 36,
      "label": "return Objects.equalsIgnoreCase(value, that.value);"
    },
    {
      "id": 21,
      "line": 40,
      "label": "int hashCode()"
    },
    {
      "id": 22,
      "line": 41,
      "label": "return Objects.hash(value.toLowerCase());"
    },
    {
      "id": 23,
      "line": 45,
      "label": "String toString()"
    },
    {
      "id": 24,
      "line": 46,
      "label": "return value;"
    }
  ],

  "edges": [
    {
      "id": 0,
      "source": 0,
      "target": 1,
      "label": ""
    },
    {
      "id": 1,
      "source": 2,
      "target": 3,
      "label": ""
    },
    {
      "id": 2,
      "source": 3,
      "target": 4,
      "label": "True"
    },
    {
      "id": 3,
      "source": 3,
      "target": 5,
      "label": "False"
    },
    {
      "id": 4,
      "source": 5,
      "target": 6,
      "label": ""
    },
    {
      "id": 5,
      "source": 6,
      "target": 7,
      "label": "True"
    },
    {
      "id": 6,
      "source": 6,
      "target": 8,
      "label": "False"
    },
    {
      "id": 7,
      "source": 8,
      "target": 9,
      "label": ""
    },
    {
      "id": 8,
      "source": 10,
      "target": 11,
      "label": ""
    },
    {
      "id": 9,
      "source": 12,
      "target": 13,
      "label": ""
    },
    {
      "id": 10,
      "source": 13,
      "target": 14,
      "label": "True"
    },
    {
      "id": 11,
      "source": 13,
      "target": 15,
      "label": "False"
    },
    {
      "id": 12,
      "source": 15,
      "target": 16,
      "label": ""
    },
    {
      "id": 13,
      "source": 16,
      "target": 17,
      "label": "True"
    },
    {
      "id": 14,
      "source": 16,
      "target": 18,
      "label": "False"
    },
    {
      "id": 15,
      "source": 18,
      "target": 19,
      "label": ""
    },
    {
      "id": 16,
      "source": 19,
      "target": 20,
      "label": ""
    },
    {
      "id": 17,
      "source": 21,
      "target": 22,
      "label": ""
    },
    {
      "id": 18,
      "source": 23,
      "target": 24,
      "label": ""
    }
  ]
}
