{
  "directed": true,
  "multigraph": true,
  "label": "CFG of 38185.java",
  "type": "Control Flow Graph (CFG)",
  "file": "38185.java",
  "package": "com.example.util",

  "nodes": [
    {
      "id": 0,
      "line": 8,
      "label": "SimpleSHA256 ()"
    },
    {
      "id": 1,
      "line": 10,
      "label": "String hash(String input)"
    },
    {
      "id": 2,
      "line": 11,
      "label": "Objects.requireNonNull(input, 'Input must not be null')"
    },
    {
      "id": 3,
      "line": 12,
      "label": "try"
    },
    {
      "id": 4,
      "line": 0,
      "label": "end-try"
    },
    {
      "id": 5,
      "line": 13,
      "label": "MessageDigest digest = MessageDigest.getInstance('SHA-256')"
    },
    {
      "id": 6,
      "line": 14,
      "label": "byte[] encodedHash = digest.digest(input.getBytes(java.nio.charset.StandardCharsets.UTF_8))"
    },
    {
      "id": 7,
      "line": 15,
      "label": "return bytesToHex(encodedHash);"
    },
    {
      "id": 8,
      "line": 0,
      "label": "end-catch"
    },
    {
      "id": 9,
      "line": 16,
      "label": "catch (NoSuchAlgorithmException impossible)"
    },
    {
      "id": 10,
      "line": 17,
      "label": "throw new IllegalStateException('SHA-256 algorithm not available', impossible)"
    },
    {
      "id": 11,
      "line": 21,
      "label": "String bytesToHex(byte[] bytes)"
    },
    {
      "id": 12,
      "line": 22,
      "label": "StringBuilder sb = new StringBuilder(bytes.length * 2)"
    },
    {
      "id": 13,
      "line": 23,
      "label": "for (byte b : bytes)"
    },
    {
      "id": 14,
      "line": 0,
      "label": "endfor"
    },
    {
      "id": 15,
      "line": 24,
      "label": "sb.append(String.format('%02x', b))"
    },
    {
      "id": 16,
      "line": 26,
      "label": "return sb.toString();"
    }
  ],

  "edges": [
    {
      "id": 0,
      "source": 1,
      "target": 2,
      "label": ""
    },
    {
      "id": 1,
      "source": 2,
      "target": 3,
      "label": ""
    },
    {
      "id": 2,
      "source": 3,
      "target": 5,
      "label": ""
    },
    {
      "id": 3,
      "source": 5,
      "target": 6,
      "label": ""
    },
    {
      "id": 4,
      "source": 6,
      "target": 7,
      "label": ""
    },
    {
      "id": 5,
      "source": 4,
      "target": 9,
      "label": "Throws"
    },
    {
      "id": 6,
      "source": 9,
      "target": 10,
      "label": ""
    },
    {
      "id": 7,
      "source": 10,
      "target": 4,
      "label": "Throws"
    },
    {
      "id": 8,
      "source": 8,
      "target": 4,
      "label": ""
    },
    {
      "id": 9,
      "source": 11,
      "target": 12,
      "label": ""
    },
    {
      "id": 10,
      "source": 12,
      "target": 13,
      "label": ""
    },
    {
      "id": 11,
      "source": 13,
      "target": 14,
      "label": "False"
    },
    {
      "id": 12,
      "source": 13,
      "target": 15,
      "label": "True"
    },
    {
      "id": 13,
      "source": 15,
      "target": 13,
      "label": ""
    },
    {
      "id": 14,
      "source": 14,
      "target": 16,
      "label": ""
    }
  ]
}
