{
  "directed": true,
  "multigraph": true,
  "label": "CFG of 38184.java",
  "type": "Control Flow Graph (CFG)",
  "file": "38184.java",
  "package": "",

  "nodes": [
    {
      "id": 0,
      "line": 6,
      "label": "StringUtils ()"
    },
    {
      "id": 1,
      "line": 7,
      "label": "throw new AssertionError('No instances for you!')"
    },
    {
      "id": 2,
      "line": 10,
      "label": "boolean isBlank(String value)"
    },
    {
      "id": 3,
      "line": 11,
      "label": "return value == null || value.trim().isEmpty();"
    },
    {
      "id": 4,
      "line": 14,
      "label": "boolean isNotBlank(String value)"
    },
    {
      "id": 5,
      "line": 15,
      "label": "return !isBlank(value);"
    },
    {
      "id": 6,
      "line": 18,
      "label": "String reverse(String input)"
    },
    {
      "id": 7,
      "line": 19,
      "label": "if (input == null)"
    },
    {
      "id": 8,
      "line": 19,
      "label": "return null;"
    },
    {
      "id": 9,
      "line": 0,
      "label": "endif"
    },
    {
      "id": 10,
      "line": 20,
      "label": "return new StringBuilder(input).reverse().toString();"
    },
    {
      "id": 11,
      "line": 23,
      "label": "String abbreviate(String str, int maxWidth)"
    },
    {
      "id": 12,
      "line": 24,
      "label": "if (str == null)"
    },
    {
      "id": 13,
      "line": 24,
      "label": "return null;"
    },
    {
      "id": 14,
      "line": 0,
      "label": "endif"
    },
    {
      "id": 15,
      "line": 25,
      "label": "if (maxWidth <= 3)"
    },
    {
      "id": 16,
      "line": 25,
      "label": "throw new IllegalArgumentException('maxWidth must be greater than 3')"
    },
    {
      "id": 17,
      "line": 0,
      "label": "endif"
    },
    {
      "id": 18,
      "line": 26,
      "label": "if (str.length() <= maxWidth)"
    },
    {
      "id": 19,
      "line": 26,
      "label": "return str;"
    },
    {
      "id": 20,
      "line": 0,
      "label": "endif"
    },
    {
      "id": 21,
      "line": 27,
      "label": "return str.substring(0, maxWidth - 3) + '...';"
    },
    {
      "id": 22,
      "line": 30,
      "label": "int countMatches(String str, String sub)"
    },
    {
      "id": 23,
      "line": 31,
      "label": "if (str == null || isBlank(sub))"
    },
    {
      "id": 24,
      "line": 31,
      "label": "return 0;"
    },
    {
      "id": 25,
      "line": 0,
      "label": "endif"
    },
    {
      "id": 26,
      "line": 32,
      "label": "int count = 0"
    },
    {
      "id": 27,
      "line": 33,
      "label": "int idx = 0"
    },
    {
      "id": 28,
      "line": 34,
      "label": "while ((idx = str.indexOf(sub, idx)) != -1)"
    },
    {
      "id": 29,
      "line": 0,
      "label": "endwhile"
    },
    {
      "id": 30,
      "line": 35,
      "label": "count++"
    },
    {
      "id": 31,
      "line": 36,
      "label": "idx += sub.length()"
    },
    {
      "id": 32,
      "line": 38,
      "label": "return count;"
    },
    {
      "id": 33,
      "line": 41,
      "label": "String join(Object[] array, String separator)"
    },
    {
      "id": 34,
      "line": 42,
      "label": "if (array == null)"
    },
    {
      "id": 35,
      "line": 42,
      "label": "return null;"
    },
    {
      "id": 36,
      "line": 0,
      "label": "endif"
    },
    {
      "id": 37,
      "line": 43,
      "label": "if (separator == null)"
    },
    {
      "id": 38,
      "line": 43,
      "label": "separator = ''"
    },
    {
      "id": 39,
      "line": 0,
      "label": "endif"
    },
    {
      "id": 40,
      "line": 44,
      "label": "return Arrays.stream(array).filter(Objects::nonNull)  .map(String::valueOf)  .reduce((a, b) -> a + separator + b).orElse('');"
    }
  ],

  "edges": [
    {
      "id": 0,
      "source": 0,
      "target": 1,
      "label": ""
    },
    {
      "id": 1,
      "source": 2,
      "target": 3,
      "label": ""
    },
    {
      "id": 2,
      "source": 4,
      "target": 5,
      "label": ""
    },
    {
      "id": 3,
      "source": 6,
      "target": 7,
      "label": ""
    },
    {
      "id": 4,
      "source": 7,
      "target": 8,
      "label": "True"
    },
    {
      "id": 5,
      "source": 7,
      "target": 9,
      "label": "False"
    },
    {
      "id": 6,
      "source": 9,
      "target": 10,
      "label": ""
    },
    {
      "id": 7,
      "source": 11,
      "target": 12,
      "label": ""
    },
    {
      "id": 8,
      "source": 12,
      "target": 13,
      "label": "True"
    },
    {
      "id": 9,
      "source": 12,
      "target": 14,
      "label": "False"
    },
    {
      "id": 10,
      "source": 14,
      "target": 15,
      "label": ""
    },
    {
      "id": 11,
      "source": 15,
      "target": 16,
      "label": "True"
    },
    {
      "id": 12,
      "source": 15,
      "target": 17,
      "label": "False"
    },
    {
      "id": 13,
      "source": 17,
      "target": 18,
      "label": ""
    },
    {
      "id": 14,
      "source": 18,
      "target": 19,
      "label": "True"
    },
    {
      "id": 15,
      "source": 18,
      "target": 20,
      "label": "False"
    },
    {
      "id": 16,
      "source": 20,
      "target": 21,
      "label": ""
    },
    {
      "id": 17,
      "source": 22,
      "target": 23,
      "label": ""
    },
    {
      "id": 18,
      "source": 23,
      "target": 24,
      "label": "True"
    },
    {
      "id": 19,
      "source": 23,
      "target": 25,
      "label": "False"
    },
    {
      "id": 20,
      "source": 25,
      "target": 26,
      "label": ""
    },
    {
      "id": 21,
      "source": 26,
      "target": 27,
      "label": ""
    },
    {
      "id": 22,
      "source": 27,
      "target": 28,
      "label": ""
    },
    {
      "id": 23,
      "source": 28,
      "target": 29,
      "label": "False"
    },
    {
      "id": 24,
      "source": 28,
      "target": 30,
      "label": "True"
    },
    {
      "id": 25,
      "source": 30,
      "target": 31,
      "label": ""
    },
    {
      "id": 26,
      "source": 31,
      "target": 28,
      "label": ""
    },
    {
      "id": 27,
      "source": 29,
      "target": 32,
      "label": ""
    },
    {
      "id": 28,
      "source": 33,
      "target": 34,
      "label": ""
    },
    {
      "id": 29,
      "source": 34,
      "target": 35,
      "label": "True"
    },
    {
      "id": 30,
      "source": 34,
      "target": 36,
      "label": "False"
    },
    {
      "id": 31,
      "source": 36,
      "target": 37,
      "label": ""
    },
    {
      "id": 32,
      "source": 37,
      "target": 38,
      "label": "True"
    },
    {
      "id": 33,
      "source": 38,
      "target": 39,
      "label": ""
    },
    {
      "id": 34,
      "source": 37,
      "target": 39,
      "label": "False"
    },
    {
      "id": 35,
      "source": 39,
      "target": 40,
      "label": ""
    }
  ]
}
