{
  "directed": true,
  "multigraph": true,
  "label": "CFG of 38278.java",
  "type": "Control Flow Graph (CFG)",
  "file": "38278.java",
  "package": "com.example.util",

  "nodes": [
    {
      "id": 0,
      "line": 16,
      "label": "SimplePing ()"
    },
    {
      "id": 1,
      "line": 17,
      "label": "throw new AssertionError('Utility class')"
    },
    {
      "id": 2,
      "line": 20,
      "label": "boolean ping(String host, int timeoutMs)"
    },
    {
      "id": 3,
      "line": 21,
      "label": "if (host == null || host.trim().isEmpty())"
    },
    {
      "id": 4,
      "line": 22,
      "label": "throw new IllegalArgumentException('Host must not be null or empty')"
    },
    {
      "id": 5,
      "line": 0,
      "label": "endif"
    },
    {
      "id": 6,
      "line": 24,
      "label": "if (timeoutMs <= 0)"
    },
    {
      "id": 7,
      "line": 25,
      "label": "throw new IllegalArgumentException('Timeout must be positive')"
    },
    {
      "id": 8,
      "line": 0,
      "label": "endif"
    },
    {
      "id": 9,
      "line": 27,
      "label": "host = host.trim()"
    },
    {
      "id": 10,
      "line": 28,
      "label": "boolean isIp = IPV4_PATTERN.matcher(host).matches()"
    },
    {
      "id": 11,
      "line": 29,
      "label": "String address = isIp ? host : resolveHost(host)"
    },
    {
      "id": 12,
      "line": 30,
      "label": "return executePingCommand(address, timeoutMs);"
    },
    {
      "id": 13,
      "line": 33,
      "label": "String resolveHost(String host)"
    },
    {
      "id": 14,
      "line": 34,
      "label": "try"
    },
    {
      "id": 15,
      "line": 0,
      "label": "end-try"
    },
    {
      "id": 16,
      "line": 35,
      "label": "return new URL('http://' + host).getHost();"
    },
    {
      "id": 17,
      "line": 0,
      "label": "end-catch"
    },
    {
      "id": 18,
      "line": 36,
      "label": "catch (Exception e)"
    },
    {
      "id": 19,
      "line": 37,
      "label": "throw new IOException('Unable to resolve host: ' + host, e)"
    },
    {
      "id": 20,
      "line": 41,
      "label": "boolean executePingCommand(String address, int timeoutMs)"
    },
    {
      "id": 21,
      "line": 42,
      "label": "String os = System.getProperty('os.name').toLowerCase()"
    },
    {
      "id": 22,
      "line": 43,
      "label": "String command = os.contains('win') ? 'ping -n 1 -w ' + timeoutMs + ' ' + address : 'ping -c 1 -W ' + Math.max(1, timeoutMs / 1000) + ' ' + address"
    },
    {
      "id": 23,
      "line": 46,
      "label": "Process process = Runtime.getRuntime().exec(command)"
    },
    {
      "id": 24,
      "line": 47,
      "label": "try"
    },
    {
      "id": 25,
      "line": 47,
      "label": "BufferedReader reader = new BufferedReader( new InputStreamReader(process.getInputStream(), StandardCharsets.UTF_8))"
    },
    {
      "id": 26,
      "line": 0,
      "label": "end-try"
    },
    {
      "id": 27,
      "line": 49,
      "label": "String line"
    },
    {
      "id": 28,
      "line": 50,
      "label": "while ((line = reader.readLine()) != null)"
    },
    {
      "id": 29,
      "line": 0,
      "label": "endwhile"
    },
    {
      "id": 30,
      "line": 51,
      "label": "if (line.toLowerCase().contains('ttl'))"
    },
    {
      "id": 31,
      "line": 52,
      "label": "return true;"
    },
    {
      "id": 32,
      "line": 0,
      "label": "endif"
    },
    {
      "id": 33,
      "line": 56,
      "label": "return false;"
    }
  ],

  "edges": [
    {
      "id": 0,
      "source": 0,
      "target": 1,
      "label": ""
    },
    {
      "id": 1,
      "source": 2,
      "target": 3,
      "label": ""
    },
    {
      "id": 2,
      "source": 3,
      "target": 4,
      "label": "True"
    },
    {
      "id": 3,
      "source": 3,
      "target": 5,
      "label": "False"
    },
    {
      "id": 4,
      "source": 5,
      "target": 6,
      "label": ""
    },
    {
      "id": 5,
      "source": 6,
      "target": 7,
      "label": "True"
    },
    {
      "id": 6,
      "source": 6,
      "target": 8,
      "label": "False"
    },
    {
      "id": 7,
      "source": 8,
      "target": 9,
      "label": ""
    },
    {
      "id": 8,
      "source": 9,
      "target": 10,
      "label": ""
    },
    {
      "id": 9,
      "source": 10,
      "target": 11,
      "label": ""
    },
    {
      "id": 10,
      "source": 11,
      "target": 12,
      "label": ""
    },
    {
      "id": 11,
      "source": 13,
      "target": 14,
      "label": ""
    },
    {
      "id": 12,
      "source": 14,
      "target": 16,
      "label": ""
    },
    {
      "id": 13,
      "source": 15,
      "target": 18,
      "label": "Throws"
    },
    {
      "id": 14,
      "source": 18,
      "target": 19,
      "label": ""
    },
    {
      "id": 15,
      "source": 19,
      "target": 15,
      "label": "Throws"
    },
    {
      "id": 16,
      "source": 17,
      "target": 15,
      "label": ""
    },
    {
      "id": 17,
      "source": 20,
      "target": 21,
      "label": ""
    },
    {
      "id": 18,
      "source": 21,
      "target": 22,
      "label": ""
    },
    {
      "id": 19,
      "source": 22,
      "target": 23,
      "label": ""
    },
    {
      "id": 20,
      "source": 23,
      "target": 24,
      "label": ""
    },
    {
      "id": 21,
      "source": 24,
      "target": 25,
      "label": ""
    },
    {
      "id": 22,
      "source": 25,
      "target": 27,
      "label": ""
    },
    {
      "id": 23,
      "source": 27,
      "target": 28,
      "label": ""
    },
    {
      "id": 24,
      "source": 28,
      "target": 29,
      "label": "False"
    },
    {
      "id": 25,
      "source": 28,
      "target": 30,
      "label": "True"
    },
    {
      "id": 26,
      "source": 30,
      "target": 31,
      "label": "True"
    },
    {
      "id": 27,
      "source": 30,
      "target": 32,
      "label": "False"
    },
    {
      "id": 28,
      "source": 32,
      "target": 28,
      "label": ""
    },
    {
      "id": 29,
      "source": 29,
      "target": 26,
      "label": ""
    },
    {
      "id": 30,
      "source": 26,
      "target": 33,
      "label": ""
    }
  ]
}
