{
  "directed": true,
  "multigraph": true,
  "label": "CFG of 38279.java",
  "type": "Control Flow Graph (CFG)",
  "file": "38279.java",
  "package": "",

  "nodes": [
    {
      "id": 0,
      "line": 15,
      "label": "TinyHttpServer (int port)"
    },
    {
      "id": 1,
      "line": 16,
      "label": "serverSocket = new ServerSocket(port, BACKLOG)"
    },
    {
      "id": 2,
      "line": 20,
      "label": "void run()"
    },
    {
      "id": 3,
      "line": 21,
      "label": "while (true)"
    },
    {
      "id": 4,
      "line": 0,
      "label": "endwhile"
    },
    {
      "id": 5,
      "line": 22,
      "label": "try"
    },
    {
      "id": 6,
      "line": 22,
      "label": "Socket client = serverSocket.accept()"
    },
    {
      "id": 7,
      "line": 0,
      "label": "end-try"
    },
    {
      "id": 8,
      "line": 23,
      "label": "handle(client)"
    },
    {
      "id": 9,
      "line": 0,
      "label": "end-catch"
    },
    {
      "id": 10,
      "line": 24,
      "label": "catch (IOException ignore)"
    },
    {
      "id": 11,
      "line": 28,
      "label": "void handle(Socket client)"
    },
    {
      "id": 12,
      "line": 29,
      "label": "BufferedReader in = new BufferedReader(new InputStreamReader(client.getInputStream(), StandardCharsets.UTF_8))"
    },
    {
      "id": 13,
      "line": 30,
      "label": "OutputStream out = client.getOutputStream()"
    },
    {
      "id": 14,
      "line": 32,
      "label": "String line = in.readLine()"
    },
    {
      "id": 15,
      "line": 33,
      "label": "if (line == null)"
    },
    {
      "id": 16,
      "line": 33,
      "label": "return;"
    },
    {
      "id": 17,
      "line": 0,
      "label": "endif"
    },
    {
      "id": 18,
      "line": 35,
      "label": "Matcher m = Pattern.compile('^(\\\\w+)\\\\s+([^\\\\s]+)\\\\s+HTTP/1\\\\.1$').matcher(line)"
    },
    {
      "id": 19,
      "line": 36,
      "label": "if (!m.matches())"
    },
    {
      "id": 20,
      "line": 37,
      "label": "send(out, 400, 'Bad Request')"
    },
    {
      "id": 21,
      "line": 38,
      "label": "return;"
    },
    {
      "id": 22,
      "line": 0,
      "label": "endif"
    },
    {
      "id": 23,
      "line": 41,
      "label": "String method = m.group(1)"
    },
    {
      "id": 24,
      "line": 42,
      "label": "String path = m.group(2)"
    },
    {
      "id": 25,
      "line": 43,
      "label": "if (!method.equals('GET'))"
    },
    {
      "id": 26,
      "line": 44,
      "label": "send(out, 405, 'Method Not Allowed')"
    },
    {
      "id": 27,
      "line": 45,
      "label": "return;"
    },
    {
      "id": 28,
      "line": 0,
      "label": "endif"
    },
    {
      "id": 29,
      "line": 49,
      "label": "while ((line = in.readLine()) != null && !line.isEmpty())"
    },
    {
      "id": 30,
      "line": 0,
      "label": "endwhile"
    },
    {
      "id": 31,
      "line": 51,
      "label": "String body = '<!DOCTYPE html><html><head><meta charset=\\'UTF-8\\'><title>Hello</title></head>' + '<body><h1>Hello from TinyHttpServer</h1>' + '<p>You requested <strong>' + escapeHtml(path) + '</strong></p></body></html>'"
    },
    {
      "id": 32,
      "line": 55,
      "label": "send(out, 200, 'OK', 'Content-Type: text/html; charset=UTF-8', body)"
    },
    {
      "id": 33,
      "line": 58,
      "label": "void send(OutputStream out, int code, String message)"
    },
    {
      "id": 34,
      "line": 59,
      "label": "send(out, code, message, null, null)"
    },
    {
      "id": 35,
      "line": 62,
      "label": "void send(OutputStream out, int code, String message, String header, String body)"
    },
    {
      "id": 36,
      "line": 63,
      "label": "StringBuilder sb = new StringBuilder()"
    },
    {
      "id": 37,
      "line": 64,
      "label": "sb.append('HTTP/1.1 ').append(code).append(' ').append(message).append(CRLF)"
    },
    {
      "id": 38,
      "line": 65,
      "label": "if (header != null)"
    },
    {
      "id": 39,
      "line": 65,
      "label": "sb.append(header).append(CRLF)"
    },
    {
      "id": 40,
      "line": 0,
      "label": "endif"
    },
    {
      "id": 41,
      "line": 66,
      "label": "byte[] bytes = null"
    },
    {
      "id": 42,
      "line": 67,
      "label": "if (body != null)"
    },
    {
      "id": 43,
      "line": 68,
      "label": "bytes = body.getBytes(StandardCharsets.UTF_8)"
    },
    {
      "id": 44,
      "line": 69,
      "label": "sb.append('Content-Length: ').append(bytes.length).append(CRLF)"
    },
    {
      "id": 45,
      "line": 0,
      "label": "endif"
    },
    {
      "id": 46,
      "line": 71,
      "label": "sb.append(CRLF)"
    },
    {
      "id": 47,
      "line": 72,
      "label": "out.write(sb.toString().getBytes(StandardCharsets.UTF_8))"
    },
    {
      "id": 48,
      "line": 73,
      "label": "if (bytes != null)"
    },
    {
      "id": 49,
      "line": 73,
      "label": "out.write(bytes)"
    },
    {
      "id": 50,
      "line": 0,
      "label": "endif"
    },
    {
      "id": 51,
      "line": 76,
      "label": "String escapeHtml(String s)"
    },
    {
      "id": 52,
      "line": 77,
      "label": "return s.replace('&', '&amp;') .replace('<', '&lt;') .replace('>', '&gt;') .replace('\\'', '&quot;') .replace(''', '&#39;');"
    },
    {
      "id": 53,
      "line": 84,
      "label": "void main(String[] args)"
    },
    {
      "id": 54,
      "line": 85,
      "label": "int port = (args.length > 0 && args[0].matches('\\\\d+'))  ? Integer.parseInt(args[0])  : DEFAULT_PORT"
    },
    {
      "id": 55,
      "line": 88,
      "label": "new TinyHttpServer(port).run()"
    }
  ],

  "edges": [
    {
      "id": 0,
      "source": 0,
      "target": 1,
      "label": ""
    },
    {
      "id": 1,
      "source": 2,
      "target": 3,
      "label": ""
    },
    {
      "id": 2,
      "source": 3,
      "target": 4,
      "label": "False"
    },
    {
      "id": 3,
      "source": 3,
      "target": 5,
      "label": "True"
    },
    {
      "id": 4,
      "source": 5,
      "target": 6,
      "label": ""
    },
    {
      "id": 5,
      "source": 6,
      "target": 8,
      "label": ""
    },
    {
      "id": 6,
      "source": 8,
      "target": 7,
      "label": ""
    },
    {
      "id": 7,
      "source": 7,
      "target": 10,
      "label": "Throws"
    },
    {
      "id": 8,
      "source": 10,
      "target": 9,
      "label": ""
    },
    {
      "id": 9,
      "source": 9,
      "target": 7,
      "label": ""
    },
    {
      "id": 10,
      "source": 7,
      "target": 3,
      "label": ""
    },
    {
      "id": 11,
      "source": 11,
      "target": 12,
      "label": ""
    },
    {
      "id": 12,
      "source": 12,
      "target": 13,
      "label": ""
    },
    {
      "id": 13,
      "source": 13,
      "target": 14,
      "label": ""
    },
    {
      "id": 14,
      "source": 14,
      "target": 15,
      "label": ""
    },
    {
      "id": 15,
      "source": 15,
      "target": 16,
      "label": "True"
    },
    {
      "id": 16,
      "source": 15,
      "target": 17,
      "label": "False"
    },
    {
      "id": 17,
      "source": 17,
      "target": 18,
      "label": ""
    },
    {
      "id": 18,
      "source": 18,
      "target": 19,
      "label": ""
    },
    {
      "id": 19,
      "source": 19,
      "target": 20,
      "label": "True"
    },
    {
      "id": 20,
      "source": 20,
      "target": 21,
      "label": ""
    },
    {
      "id": 21,
      "source": 19,
      "target": 22,
      "label": "False"
    },
    {
      "id": 22,
      "source": 22,
      "target": 23,
      "label": ""
    },
    {
      "id": 23,
      "source": 23,
      "target": 24,
      "label": ""
    },
    {
      "id": 24,
      "source": 24,
      "target": 25,
      "label": ""
    },
    {
      "id": 25,
      "source": 25,
      "target": 26,
      "label": "True"
    },
    {
      "id": 26,
      "source": 26,
      "target": 27,
      "label": ""
    },
    {
      "id": 27,
      "source": 25,
      "target": 28,
      "label": "False"
    },
    {
      "id": 28,
      "source": 28,
      "target": 29,
      "label": ""
    },
    {
      "id": 29,
      "source": 29,
      "target": 30,
      "label": "False"
    },
    {
      "id": 30,
      "source": 29,
      "target": 29,
      "label": "True"
    },
    {
      "id": 31,
      "source": 30,
      "target": 31,
      "label": ""
    },
    {
      "id": 32,
      "source": 31,
      "target": 32,
      "label": ""
    },
    {
      "id": 33,
      "source": 33,
      "target": 34,
      "label": ""
    },
    {
      "id": 34,
      "source": 35,
      "target": 36,
      "label": ""
    },
    {
      "id": 35,
      "source": 36,
      "target": 37,
      "label": ""
    },
    {
      "id": 36,
      "source": 37,
      "target": 38,
      "label": ""
    },
    {
      "id": 37,
      "source": 38,
      "target": 39,
      "label": "True"
    },
    {
      "id": 38,
      "source": 39,
      "target": 40,
      "label": ""
    },
    {
      "id": 39,
      "source": 38,
      "target": 40,
      "label": "False"
    },
    {
      "id": 40,
      "source": 40,
      "target": 41,
      "label": ""
    },
    {
      "id": 41,
      "source": 41,
      "target": 42,
      "label": ""
    },
    {
      "id": 42,
      "source": 42,
      "target": 43,
      "label": "True"
    },
    {
      "id": 43,
      "source": 43,
      "target": 44,
      "label": ""
    },
    {
      "id": 44,
      "source": 44,
      "target": 45,
      "label": ""
    },
    {
      "id": 45,
      "source": 42,
      "target": 45,
      "label": "False"
    },
    {
      "id": 46,
      "source": 45,
      "target": 46,
      "label": ""
    },
    {
      "id": 47,
      "source": 46,
      "target": 47,
      "label": ""
    },
    {
      "id": 48,
      "source": 47,
      "target": 48,
      "label": ""
    },
    {
      "id": 49,
      "source": 48,
      "target": 49,
      "label": "True"
    },
    {
      "id": 50,
      "source": 49,
      "target": 50,
      "label": ""
    },
    {
      "id": 51,
      "source": 48,
      "target": 50,
      "label": "False"
    },
    {
      "id": 52,
      "source": 51,
      "target": 52,
      "label": ""
    },
    {
      "id": 53,
      "source": 53,
      "target": 54,
      "label": ""
    },
    {
      "id": 54,
      "source": 54,
      "target": 55,
      "label": ""
    }
  ]
}
