{
  "directed": true,
  "multigraph": true,
  "label": "CFG of 38443.java",
  "type": "Control Flow Graph (CFG)",
  "file": "38443.java",
  "package": "",

  "nodes": [
    {
      "id": 0,
      "line": 7,
      "label": "Pair (A first, B second)"
    },
    {
      "id": 1,
      "line": 8,
      "label": "this.first = first"
    },
    {
      "id": 2,
      "line": 9,
      "label": "this.second = second"
    },
    {
      "id": 3,
      "line": 12,
      "label": "Pair<A,B> of(A first, B second)"
    },
    {
      "id": 4,
      "line": 13,
      "label": "return new Pair<>(first, second);"
    },
    {
      "id": 5,
      "line": 16,
      "label": "A first()"
    },
    {
      "id": 6,
      "line": 17,
      "label": "return first;"
    },
    {
      "id": 7,
      "line": 20,
      "label": "B second()"
    },
    {
      "id": 8,
      "line": 21,
      "label": "return second;"
    },
    {
      "id": 9,
      "line": 25,
      "label": "boolean equals(Object o)"
    },
    {
      "id": 10,
      "line": 26,
      "label": "if (this == o)"
    },
    {
      "id": 11,
      "line": 26,
      "label": "return true;"
    },
    {
      "id": 12,
      "line": 0,
      "label": "endif"
    },
    {
      "id": 13,
      "line": 27,
      "label": "if (!(o instanceof Pair<?, ?> pair))"
    },
    {
      "id": 14,
      "line": 27,
      "label": "return false;"
    },
    {
      "id": 15,
      "line": 0,
      "label": "endif"
    },
    {
      "id": 16,
      "line": 28,
      "label": "return Objects.equals(first, pair.first) && Objects.equals(second, pair.second);"
    },
    {
      "id": 17,
      "line": 32,
      "label": "int hashCode()"
    },
    {
      "id": 18,
      "line": 33,
      "label": "return Objects.hash(first, second);"
    },
    {
      "id": 19,
      "line": 37,
      "label": "String toString()"
    },
    {
      "id": 20,
      "line": 38,
      "label": "return '(' + first + ', ' + second + ')';"
    }
  ],

  "edges": [
    {
      "id": 0,
      "source": 0,
      "target": 1,
      "label": ""
    },
    {
      "id": 1,
      "source": 1,
      "target": 2,
      "label": ""
    },
    {
      "id": 2,
      "source": 3,
      "target": 4,
      "label": ""
    },
    {
      "id": 3,
      "source": 5,
      "target": 6,
      "label": ""
    },
    {
      "id": 4,
      "source": 7,
      "target": 8,
      "label": ""
    },
    {
      "id": 5,
      "source": 9,
      "target": 10,
      "label": ""
    },
    {
      "id": 6,
      "source": 10,
      "target": 11,
      "label": "True"
    },
    {
      "id": 7,
      "source": 10,
      "target": 12,
      "label": "False"
    },
    {
      "id": 8,
      "source": 12,
      "target": 13,
      "label": ""
    },
    {
      "id": 9,
      "source": 13,
      "target": 14,
      "label": "True"
    },
    {
      "id": 10,
      "source": 13,
      "target": 15,
      "label": "False"
    },
    {
      "id": 11,
      "source": 15,
      "target": 16,
      "label": ""
    },
    {
      "id": 12,
      "source": 17,
      "target": 18,
      "label": ""
    },
    {
      "id": 13,
      "source": 19,
      "target": 20,
      "label": ""
    }
  ]
}
