{
  "directed": true,
  "multigraph": true,
  "label": "CFG of 38442.java",
  "type": "Control Flow Graph (CFG)",
  "file": "38442.java",
  "package": "util",

  "nodes": [
    {
      "id": 0,
      "line": 12,
      "label": "EmailValidator ()"
    },
    {
      "id": 1,
      "line": 13,
      "label": "throw new AssertionError('Utility class, do not instantiate')"
    },
    {
      "id": 2,
      "line": 16,
      "label": "boolean isValid(String email)"
    },
    {
      "id": 3,
      "line": 17,
      "label": "if (email == null)"
    },
    {
      "id": 4,
      "line": 18,
      "label": "return false;"
    },
    {
      "id": 5,
      "line": 0,
      "label": "endif"
    },
    {
      "id": 6,
      "line": 20,
      "label": "return EMAIL_PATTERN.matcher(email.trim()).matches();"
    }
  ],

  "edges": [
    {
      "id": 0,
      "source": 0,
      "target": 1,
      "label": ""
    },
    {
      "id": 1,
      "source": 2,
      "target": 3,
      "label": ""
    },
    {
      "id": 2,
      "source": 3,
      "target": 4,
      "label": "True"
    },
    {
      "id": 3,
      "source": 3,
      "target": 5,
      "label": "False"
    },
    {
      "id": 4,
      "source": 5,
      "target": 6,
      "label": ""
    }
  ]
}
