{
  "directed": true,
  "multigraph": true,
  "label": "CFG of 38624.java",
  "type": "Control Flow Graph (CFG)",
  "file": "38624.java",
  "package": "",

  "nodes": [
    {
      "id": 0,
      "line": 10,
      "label": "Event (String payload)"
    },
    {
      "id": 1,
      "line": 11,
      "label": "if (payload == null || payload.isBlank())"
    },
    {
      "id": 2,
      "line": 12,
      "label": "throw new IllegalArgumentException('payload must not be null or blank')"
    },
    {
      "id": 3,
      "line": 0,
      "label": "endif"
    },
    {
      "id": 4,
      "line": 14,
      "label": "this.id = UUID.randomUUID()"
    },
    {
      "id": 5,
      "line": 15,
      "label": "this.timestamp = Instant.now()"
    },
    {
      "id": 6,
      "line": 16,
      "label": "this.payload = payload"
    },
    {
      "id": 7,
      "line": 19,
      "label": "UUID getId()"
    },
    {
      "id": 8,
      "line": 20,
      "label": "return id;"
    },
    {
      "id": 9,
      "line": 23,
      "label": "Instant getTimestamp()"
    },
    {
      "id": 10,
      "line": 24,
      "label": "return timestamp;"
    },
    {
      "id": 11,
      "line": 27,
      "label": "String getPayload()"
    },
    {
      "id": 12,
      "line": 28,
      "label": "return payload;"
    },
    {
      "id": 13,
      "line": 32,
      "label": "boolean equals(Object o)"
    },
    {
      "id": 14,
      "line": 33,
      "label": "if (this == o)"
    },
    {
      "id": 15,
      "line": 33,
      "label": "return true;"
    },
    {
      "id": 16,
      "line": 0,
      "label": "endif"
    },
    {
      "id": 17,
      "line": 34,
      "label": "if (!(o instanceof Event))"
    },
    {
      "id": 18,
      "line": 34,
      "label": "return false;"
    },
    {
      "id": 19,
      "line": 0,
      "label": "endif"
    },
    {
      "id": 20,
      "line": 35,
      "label": "Event event = (Event) o"
    },
    {
      "id": 21,
      "line": 36,
      "label": "return Objects.equals(id, event.id) && Objects.equals(timestamp, event.timestamp) && Objects.equals(payload, event.payload);"
    },
    {
      "id": 22,
      "line": 40,
      "label": "int hashCode()"
    },
    {
      "id": 23,
      "line": 41,
      "label": "return Objects.hash(id, timestamp, payload);"
    },
    {
      "id": 24,
      "line": 45,
      "label": "String toString()"
    },
    {
      "id": 25,
      "line": 46,
      "label": "return 'Event{' +  'id=' + id +  ', timestamp=' + timestamp +  ', payload='' + payload + '\\'' +  '}';"
    }
  ],

  "edges": [
    {
      "id": 0,
      "source": 0,
      "target": 1,
      "label": ""
    },
    {
      "id": 1,
      "source": 1,
      "target": 2,
      "label": "True"
    },
    {
      "id": 2,
      "source": 1,
      "target": 3,
      "label": "False"
    },
    {
      "id": 3,
      "source": 3,
      "target": 4,
      "label": ""
    },
    {
      "id": 4,
      "source": 4,
      "target": 5,
      "label": ""
    },
    {
      "id": 5,
      "source": 5,
      "target": 6,
      "label": ""
    },
    {
      "id": 6,
      "source": 7,
      "target": 8,
      "label": ""
    },
    {
      "id": 7,
      "source": 9,
      "target": 10,
      "label": ""
    },
    {
      "id": 8,
      "source": 11,
      "target": 12,
      "label": ""
    },
    {
      "id": 9,
      "source": 13,
      "target": 14,
      "label": ""
    },
    {
      "id": 10,
      "source": 14,
      "target": 15,
      "label": "True"
    },
    {
      "id": 11,
      "source": 14,
      "target": 16,
      "label": "False"
    },
    {
      "id": 12,
      "source": 16,
      "target": 17,
      "label": ""
    },
    {
      "id": 13,
      "source": 17,
      "target": 18,
      "label": "True"
    },
    {
      "id": 14,
      "source": 17,
      "target": 19,
      "label": "False"
    },
    {
      "id": 15,
      "source": 19,
      "target": 20,
      "label": ""
    },
    {
      "id": 16,
      "source": 20,
      "target": 21,
      "label": ""
    },
    {
      "id": 17,
      "source": 22,
      "target": 23,
      "label": ""
    },
    {
      "id": 18,
      "source": 24,
      "target": 25,
      "label": ""
    }
  ]
}
