{
  "directed": true,
  "multigraph": true,
  "label": "CFG of 38625.java",
  "type": "Control Flow Graph (CFG)",
  "file": "38625.java",
  "package": "",

  "nodes": [
    {
      "id": 0,
      "line": 11,
      "label": "AtomicFileCounter (Path file)"
    },
    {
      "id": 1,
      "line": 12,
      "label": "if (file == null)"
    },
    {
      "id": 2,
      "line": 12,
      "label": "throw new IllegalArgumentException('file must not be null')"
    },
    {
      "id": 3,
      "line": 0,
      "label": "endif"
    },
    {
      "id": 4,
      "line": 13,
      "label": "this.file = file"
    },
    {
      "id": 5,
      "line": 16,
      "label": "long incrementAndGet(String key)"
    },
    {
      "id": 6,
      "line": 17,
      "label": "if (key == null || key.isEmpty())"
    },
    {
      "id": 7,
      "line": 17,
      "label": "throw new IllegalArgumentException('key must not be empty')"
    },
    {
      "id": 8,
      "line": 0,
      "label": "endif"
    },
    {
      "id": 9,
      "line": 18,
      "label": "AtomicLong counter = cache.computeIfAbsent(key, k ->"
    },
    {
      "id": 10,
      "line": 19,
      "label": "long current = read(k)"
    },
    {
      "id": 11,
      "line": 20,
      "label": "return new AtomicLong(current);"
    },
    {
      "id": 12,
      "line": 22,
      "label": "long next = counter.incrementAndGet()"
    },
    {
      "id": 13,
      "line": 23,
      "label": "write(key, next)"
    },
    {
      "id": 14,
      "line": 24,
      "label": "return next;"
    },
    {
      "id": 15,
      "line": 27,
      "label": "long get(String key)"
    },
    {
      "id": 16,
      "line": 28,
      "label": "if (key == null || key.isEmpty())"
    },
    {
      "id": 17,
      "line": 28,
      "label": "throw new IllegalArgumentException('key must not be empty')"
    },
    {
      "id": 18,
      "line": 0,
      "label": "endif"
    },
    {
      "id": 19,
      "line": 29,
      "label": "return cache.computeIfAbsent(key, k -> new AtomicLong(read(k))).get();"
    },
    {
      "id": 20,
      "line": 32,
      "label": "long read(String key)"
    },
    {
      "id": 21,
      "line": 33,
      "label": "if (!Files.exists(file))"
    },
    {
      "id": 22,
      "line": 33,
      "label": "return 0;"
    },
    {
      "id": 23,
      "line": 0,
      "label": "endif"
    },
    {
      "id": 24,
      "line": 34,
      "label": "try"
    },
    {
      "id": 25,
      "line": 0,
      "label": "end-try"
    },
    {
      "id": 26,
      "line": 35,
      "label": "for (String line : Files.readAllLines(file))"
    },
    {
      "id": 27,
      "line": 0,
      "label": "endfor"
    },
    {
      "id": 28,
      "line": 36,
      "label": "if (line.startsWith(key + '='))"
    },
    {
      "id": 29,
      "line": 37,
      "label": "try"
    },
    {
      "id": 30,
      "line": 0,
      "label": "end-try"
    },
    {
      "id": 31,
      "line": 38,
      "label": "return Long.parseLong(line.substring(key.length() + 1));"
    },
    {
      "id": 32,
      "line": 0,
      "label": "end-catch"
    },
    {
      "id": 33,
      "line": 39,
      "label": "catch (NumberFormatException nfe)"
    },
    {
      "id": 34,
      "line": 40,
      "label": "return 0;"
    },
    {
      "id": 35,
      "line": 0,
      "label": "endif"
    },
    {
      "id": 36,
      "line": 0,
      "label": "end-catch"
    },
    {
      "id": 37,
      "line": 44,
      "label": "catch (IOException ignored)"
    },
    {
      "id": 38,
      "line": 46,
      "label": "return 0;"
    },
    {
      "id": 39,
      "line": 49,
      "label": "void write(String key, long value)"
    },
    {
      "id": 40,
      "line": 50,
      "label": "String line = key + '=' + value"
    },
    {
      "id": 41,
      "line": 51,
      "label": "if (!Files.exists(file))"
    },
    {
      "id": 42,
      "line": 52,
      "label": "Files.createDirectories(file.getParent())"
    },
    {
      "id": 43,
      "line": 53,
      "label": "Files.write(file, (line + System.lineSeparator()).getBytes())"
    },
    {
      "id": 44,
      "line": 54,
      "label": "return;"
    },
    {
      "id": 45,
      "line": 0,
      "label": "endif"
    },
    {
      "id": 46,
      "line": 56,
      "label": "java.util.List<String> lines = Files.readAllLines(file)"
    },
    {
      "id": 47,
      "line": 57,
      "label": "boolean updated = false"
    },
    {
      "id": 48,
      "line": 58,
      "label": "int i = 0"
    },
    {
      "id": 49,
      "line": 58,
      "label": "for (i < lines.size())"
    },
    {
      "id": 50,
      "line": 58,
      "label": "i++"
    },
    {
      "id": 51,
      "line": 0,
      "label": "endfor"
    },
    {
      "id": 52,
      "line": 59,
      "label": "if (lines.get(i).startsWith(key + '='))"
    },
    {
      "id": 53,
      "line": 60,
      "label": "lines.set(i, line)"
    },
    {
      "id": 54,
      "line": 61,
      "label": "updated = true"
    },
    {
      "id": 55,
      "line": 62,
      "label": "break;"
    },
    {
      "id": 56,
      "line": 0,
      "label": "endif"
    },
    {
      "id": 57,
      "line": 65,
      "label": "if (!updated)"
    },
    {
      "id": 58,
      "line": 66,
      "label": "lines.add(line)"
    },
    {
      "id": 59,
      "line": 0,
      "label": "endif"
    },
    {
      "id": 60,
      "line": 68,
      "label": "Files.write(file, String.join(System.lineSeparator(), lines).getBytes())"
    }
  ],

  "edges": [
    {
      "id": 0,
      "source": 0,
      "target": 1,
      "label": ""
    },
    {
      "id": 1,
      "source": 1,
      "target": 2,
      "label": "True"
    },
    {
      "id": 2,
      "source": 1,
      "target": 3,
      "label": "False"
    },
    {
      "id": 3,
      "source": 3,
      "target": 4,
      "label": ""
    },
    {
      "id": 4,
      "source": 5,
      "target": 6,
      "label": ""
    },
    {
      "id": 5,
      "source": 6,
      "target": 7,
      "label": "True"
    },
    {
      "id": 6,
      "source": 6,
      "target": 8,
      "label": "False"
    },
    {
      "id": 7,
      "source": 8,
      "target": 9,
      "label": ""
    },
    {
      "id": 8,
      "source": 9,
      "target": 10,
      "label": ""
    },
    {
      "id": 9,
      "source": 10,
      "target": 11,
      "label": ""
    },
    {
      "id": 10,
      "source": 12,
      "target": 13,
      "label": ""
    },
    {
      "id": 11,
      "source": 13,
      "target": 14,
      "label": ""
    },
    {
      "id": 12,
      "source": 15,
      "target": 16,
      "label": ""
    },
    {
      "id": 13,
      "source": 16,
      "target": 17,
      "label": "True"
    },
    {
      "id": 14,
      "source": 16,
      "target": 18,
      "label": "False"
    },
    {
      "id": 15,
      "source": 18,
      "target": 19,
      "label": ""
    },
    {
      "id": 16,
      "source": 20,
      "target": 21,
      "label": ""
    },
    {
      "id": 17,
      "source": 21,
      "target": 22,
      "label": "True"
    },
    {
      "id": 18,
      "source": 21,
      "target": 23,
      "label": "False"
    },
    {
      "id": 19,
      "source": 23,
      "target": 24,
      "label": ""
    },
    {
      "id": 20,
      "source": 24,
      "target": 26,
      "label": ""
    },
    {
      "id": 21,
      "source": 26,
      "target": 27,
      "label": "False"
    },
    {
      "id": 22,
      "source": 26,
      "target": 28,
      "label": "True"
    },
    {
      "id": 23,
      "source": 28,
      "target": 29,
      "label": "True"
    },
    {
      "id": 24,
      "source": 29,
      "target": 31,
      "label": ""
    },
    {
      "id": 25,
      "source": 30,
      "target": 33,
      "label": "Throws"
    },
    {
      "id": 26,
      "source": 33,
      "target": 34,
      "label": ""
    },
    {
      "id": 27,
      "source": 32,
      "target": 30,
      "label": ""
    },
    {
      "id": 28,
      "source": 30,
      "target": 35,
      "label": ""
    },
    {
      "id": 29,
      "source": 28,
      "target": 35,
      "label": "False"
    },
    {
      "id": 30,
      "source": 35,
      "target": 26,
      "label": ""
    },
    {
      "id": 31,
      "source": 27,
      "target": 25,
      "label": ""
    },
    {
      "id": 32,
      "source": 25,
      "target": 37,
      "label": "Throws"
    },
    {
      "id": 33,
      "source": 37,
      "target": 36,
      "label": ""
    },
    {
      "id": 34,
      "source": 36,
      "target": 25,
      "label": ""
    },
    {
      "id": 35,
      "source": 25,
      "target": 38,
      "label": ""
    },
    {
      "id": 36,
      "source": 39,
      "target": 40,
      "label": ""
    },
    {
      "id": 37,
      "source": 40,
      "target": 41,
      "label": ""
    },
    {
      "id": 38,
      "source": 41,
      "target": 42,
      "label": "True"
    },
    {
      "id": 39,
      "source": 42,
      "target": 43,
      "label": ""
    },
    {
      "id": 40,
      "source": 43,
      "target": 44,
      "label": ""
    },
    {
      "id": 41,
      "source": 41,
      "target": 45,
      "label": "False"
    },
    {
      "id": 42,
      "source": 45,
      "target": 46,
      "label": ""
    },
    {
      "id": 43,
      "source": 46,
      "target": 47,
      "label": ""
    },
    {
      "id": 44,
      "source": 47,
      "target": 48,
      "label": ""
    },
    {
      "id": 45,
      "source": 48,
      "target": 49,
      "label": ""
    },
    {
      "id": 46,
      "source": 49,
      "target": 51,
      "label": "False"
    },
    {
      "id": 47,
      "source": 49,
      "target": 52,
      "label": "True"
    },
    {
      "id": 48,
      "source": 52,
      "target": 53,
      "label": "True"
    },
    {
      "id": 49,
      "source": 53,
      "target": 54,
      "label": ""
    },
    {
      "id": 50,
      "source": 54,
      "target": 55,
      "label": ""
    },
    {
      "id": 51,
      "source": 55,
      "target": 51,
      "label": ""
    },
    {
      "id": 52,
      "source": 52,
      "target": 56,
      "label": "False"
    },
    {
      "id": 53,
      "source": 56,
      "target": 50,
      "label": ""
    },
    {
      "id": 54,
      "source": 50,
      "target": 49,
      "label": ""
    },
    {
      "id": 55,
      "source": 51,
      "target": 57,
      "label": ""
    },
    {
      "id": 56,
      "source": 57,
      "target": 58,
      "label": "True"
    },
    {
      "id": 57,
      "source": 58,
      "target": 59,
      "label": ""
    },
    {
      "id": 58,
      "source": 57,
      "target": 59,
      "label": "False"
    },
    {
      "id": 59,
      "source": 59,
      "target": 60,
      "label": ""
    }
  ]
}
