{
  "directed": true,
  "multigraph": true,
  "label": "CFG of 38841.java",
  "type": "Control Flow Graph (CFG)",
  "file": "38841.java",
  "package": "",

  "nodes": [
    {
      "id": 0,
      "line": 8,
      "label": "Version (String version)"
    },
    {
      "id": 1,
      "line": 9,
      "label": "Objects.requireNonNull(version, 'version must not be null')"
    },
    {
      "id": 2,
      "line": 10,
      "label": "String[] parts = version.split('\\\\.')"
    },
    {
      "id": 3,
      "line": 11,
      "label": "if (parts.length != 3)"
    },
    {
      "id": 4,
      "line": 12,
      "label": "throw new IllegalArgumentException('version must be in format MAJOR.MINOR.PATCH')"
    },
    {
      "id": 5,
      "line": 0,
      "label": "endif"
    },
    {
      "id": 6,
      "line": 14,
      "label": "try"
    },
    {
      "id": 7,
      "line": 0,
      "label": "end-try"
    },
    {
      "id": 8,
      "line": 15,
      "label": "this.major = Integer.parseInt(parts[0])"
    },
    {
      "id": 9,
      "line": 16,
      "label": "this.minor = Integer.parseInt(parts[1])"
    },
    {
      "id": 10,
      "line": 17,
      "label": "this.patch = Integer.parseInt(parts[2])"
    },
    {
      "id": 11,
      "line": 0,
      "label": "end-catch"
    },
    {
      "id": 12,
      "line": 18,
      "label": "catch (NumberFormatException e)"
    },
    {
      "id": 13,
      "line": 19,
      "label": "throw new IllegalArgumentException('all components must be integers', e)"
    },
    {
      "id": 14,
      "line": 23,
      "label": "Version (int major, int minor, int patch)"
    },
    {
      "id": 15,
      "line": 24,
      "label": "if (major < 0 || minor < 0 || patch < 0)"
    },
    {
      "id": 16,
      "line": 25,
      "label": "throw new IllegalArgumentException('all components must be non-negative')"
    },
    {
      "id": 17,
      "line": 0,
      "label": "endif"
    },
    {
      "id": 18,
      "line": 27,
      "label": "this.major = major"
    },
    {
      "id": 19,
      "line": 28,
      "label": "this.minor = minor"
    },
    {
      "id": 20,
      "line": 29,
      "label": "this.patch = patch"
    },
    {
      "id": 21,
      "line": 32,
      "label": "int major()"
    },
    {
      "id": 22,
      "line": 32,
      "label": "return major;"
    },
    {
      "id": 23,
      "line": 33,
      "label": "int minor()"
    },
    {
      "id": 24,
      "line": 33,
      "label": "return minor;"
    },
    {
      "id": 25,
      "line": 34,
      "label": "int patch()"
    },
    {
      "id": 26,
      "line": 34,
      "label": "return patch;"
    },
    {
      "id": 27,
      "line": 37,
      "label": "int compareTo(Version other)"
    },
    {
      "id": 28,
      "line": 38,
      "label": "Objects.requireNonNull(other, 'other must not be null')"
    },
    {
      "id": 29,
      "line": 39,
      "label": "int cmp = Integer.compare(major, other.major)"
    },
    {
      "id": 30,
      "line": 40,
      "label": "if (cmp != 0)"
    },
    {
      "id": 31,
      "line": 40,
      "label": "return cmp;"
    },
    {
      "id": 32,
      "line": 0,
      "label": "endif"
    },
    {
      "id": 33,
      "line": 41,
      "label": "cmp = Integer.compare(minor, other.minor)"
    },
    {
      "id": 34,
      "line": 42,
      "label": "if (cmp != 0)"
    },
    {
      "id": 35,
      "line": 42,
      "label": "return cmp;"
    },
    {
      "id": 36,
      "line": 0,
      "label": "endif"
    },
    {
      "id": 37,
      "line": 43,
      "label": "return Integer.compare(patch, other.patch);"
    },
    {
      "id": 38,
      "line": 47,
      "label": "boolean equals(Object obj)"
    },
    {
      "id": 39,
      "line": 48,
      "label": "if (this == obj)"
    },
    {
      "id": 40,
      "line": 48,
      "label": "return true;"
    },
    {
      "id": 41,
      "line": 0,
      "label": "endif"
    },
    {
      "id": 42,
      "line": 49,
      "label": "if (!(obj instanceof Version))"
    },
    {
      "id": 43,
      "line": 49,
      "label": "return false;"
    },
    {
      "id": 44,
      "line": 0,
      "label": "endif"
    },
    {
      "id": 45,
      "line": 50,
      "label": "Version v = (Version) obj"
    },
    {
      "id": 46,
      "line": 51,
      "label": "return major == v.major && minor == v.minor && patch == v.patch;"
    },
    {
      "id": 47,
      "line": 55,
      "label": "int hashCode()"
    },
    {
      "id": 48,
      "line": 56,
      "label": "return Objects.hash(major, minor, patch);"
    },
    {
      "id": 49,
      "line": 60,
      "label": "String toString()"
    },
    {
      "id": 50,
      "line": 61,
      "label": "return major + '.' + minor + '.' + patch;"
    }
  ],

  "edges": [
    {
      "id": 0,
      "source": 0,
      "target": 1,
      "label": ""
    },
    {
      "id": 1,
      "source": 1,
      "target": 2,
      "label": ""
    },
    {
      "id": 2,
      "source": 2,
      "target": 3,
      "label": ""
    },
    {
      "id": 3,
      "source": 3,
      "target": 4,
      "label": "True"
    },
    {
      "id": 4,
      "source": 3,
      "target": 5,
      "label": "False"
    },
    {
      "id": 5,
      "source": 5,
      "target": 6,
      "label": ""
    },
    {
      "id": 6,
      "source": 6,
      "target": 8,
      "label": ""
    },
    {
      "id": 7,
      "source": 8,
      "target": 9,
      "label": ""
    },
    {
      "id": 8,
      "source": 9,
      "target": 10,
      "label": ""
    },
    {
      "id": 9,
      "source": 10,
      "target": 7,
      "label": ""
    },
    {
      "id": 10,
      "source": 7,
      "target": 12,
      "label": "Throws"
    },
    {
      "id": 11,
      "source": 12,
      "target": 13,
      "label": ""
    },
    {
      "id": 12,
      "source": 13,
      "target": 7,
      "label": "Throws"
    },
    {
      "id": 13,
      "source": 11,
      "target": 7,
      "label": ""
    },
    {
      "id": 14,
      "source": 14,
      "target": 15,
      "label": ""
    },
    {
      "id": 15,
      "source": 15,
      "target": 16,
      "label": "True"
    },
    {
      "id": 16,
      "source": 15,
      "target": 17,
      "label": "False"
    },
    {
      "id": 17,
      "source": 17,
      "target": 18,
      "label": ""
    },
    {
      "id": 18,
      "source": 18,
      "target": 19,
      "label": ""
    },
    {
      "id": 19,
      "source": 19,
      "target": 20,
      "label": ""
    },
    {
      "id": 20,
      "source": 21,
      "target": 22,
      "label": ""
    },
    {
      "id": 21,
      "source": 23,
      "target": 24,
      "label": ""
    },
    {
      "id": 22,
      "source": 25,
      "target": 26,
      "label": ""
    },
    {
      "id": 23,
      "source": 27,
      "target": 28,
      "label": ""
    },
    {
      "id": 24,
      "source": 28,
      "target": 29,
      "label": ""
    },
    {
      "id": 25,
      "source": 29,
      "target": 30,
      "label": ""
    },
    {
      "id": 26,
      "source": 30,
      "target": 31,
      "label": "True"
    },
    {
      "id": 27,
      "source": 30,
      "target": 32,
      "label": "False"
    },
    {
      "id": 28,
      "source": 32,
      "target": 33,
      "label": ""
    },
    {
      "id": 29,
      "source": 33,
      "target": 34,
      "label": ""
    },
    {
      "id": 30,
      "source": 34,
      "target": 35,
      "label": "True"
    },
    {
      "id": 31,
      "source": 34,
      "target": 36,
      "label": "False"
    },
    {
      "id": 32,
      "source": 36,
      "target": 37,
      "label": ""
    },
    {
      "id": 33,
      "source": 38,
      "target": 39,
      "label": ""
    },
    {
      "id": 34,
      "source": 39,
      "target": 40,
      "label": "True"
    },
    {
      "id": 35,
      "source": 39,
      "target": 41,
      "label": "False"
    },
    {
      "id": 36,
      "source": 41,
      "target": 42,
      "label": ""
    },
    {
      "id": 37,
      "source": 42,
      "target": 43,
      "label": "True"
    },
    {
      "id": 38,
      "source": 42,
      "target": 44,
      "label": "False"
    },
    {
      "id": 39,
      "source": 44,
      "target": 45,
      "label": ""
    },
    {
      "id": 40,
      "source": 45,
      "target": 46,
      "label": ""
    },
    {
      "id": 41,
      "source": 47,
      "target": 48,
      "label": ""
    },
    {
      "id": 42,
      "source": 49,
      "target": 50,
      "label": ""
    }
  ]
}
