{
  "directed": true,
  "multigraph": true,
  "label": "CFG of 38840.java",
  "type": "Control Flow Graph (CFG)",
  "file": "38840.java",
  "package": "",

  "nodes": [
    {
      "id": 0,
      "line": 17,
      "label": "UrlPing ()"
    },
    {
      "id": 1,
      "line": 18,
      "label": "throw new AssertionError('Utility class')"
    },
    {
      "id": 2,
      "line": 21,
      "label": "boolean ping(String url)"
    },
    {
      "id": 3,
      "line": 22,
      "label": "if (url == null || url.isBlank())"
    },
    {
      "id": 4,
      "line": 23,
      "label": "throw new IllegalArgumentException('URL must not be null or blank')"
    },
    {
      "id": 5,
      "line": 0,
      "label": "endif"
    },
    {
      "id": 6,
      "line": 25,
      "label": "if (!URL_PATTERN.matcher(url).matches())"
    },
    {
      "id": 7,
      "line": 26,
      "label": "throw new IllegalArgumentException('Invalid URL format')"
    },
    {
      "id": 8,
      "line": 0,
      "label": "endif"
    },
    {
      "id": 9,
      "line": 29,
      "label": "HttpClient client = HttpClient.newBuilder() .connectTimeout(Duration.ofSeconds(5)) .build()"
    },
    {
      "id": 10,
      "line": 33,
      "label": "HttpRequest request"
    },
    {
      "id": 11,
      "line": 34,
      "label": "try"
    },
    {
      "id": 12,
      "line": 0,
      "label": "end-try"
    },
    {
      "id": 13,
      "line": 35,
      "label": "request = HttpRequest.newBuilder() .uri(new URI(url)) .GET() .timeout(Duration.ofSeconds(10)) .build()"
    },
    {
      "id": 14,
      "line": 0,
      "label": "end-catch"
    },
    {
      "id": 15,
      "line": 40,
      "label": "catch (URISyntaxException e)"
    },
    {
      "id": 16,
      "line": 41,
      "label": "throw new IllegalArgumentException('Malformed URL', e)"
    },
    {
      "id": 17,
      "line": 44,
      "label": "HttpResponse<Void> response = client.send( request, HttpResponse.BodyHandlers.discarding() )"
    },
    {
      "id": 18,
      "line": 49,
      "label": "return response.statusCode() >= 200 && response.statusCode() < 400;"
    },
    {
      "id": 19,
      "line": 52,
      "label": "void main(String[] args)"
    },
    {
      "id": 20,
      "line": 53,
      "label": "try"
    },
    {
      "id": 21,
      "line": 53,
      "label": "BufferedReader reader = new BufferedReader(new InputStreamReader(System.in))"
    },
    {
      "id": 22,
      "line": 0,
      "label": "end-try"
    },
    {
      "id": 23,
      "line": 54,
      "label": "System.out.print('Enter URL: ')"
    },
    {
      "id": 24,
      "line": 55,
      "label": "String url = reader.readLine()"
    },
    {
      "id": 25,
      "line": 56,
      "label": "if (ping(url))"
    },
    {
      "id": 26,
      "line": 57,
      "label": "System.out.println('URL is reachable')"
    },
    {
      "id": 27,
      "line": 0,
      "label": "endif"
    },
    {
      "id": 28,
      "line": 59,
      "label": "System.out.println('URL is not reachable')"
    },
    {
      "id": 29,
      "line": 0,
      "label": "end-catch"
    },
    {
      "id": 30,
      "line": 61,
      "label": "catch (IllegalArgumentException e)"
    },
    {
      "id": 31,
      "line": 62,
      "label": "System.err.println('Input error: ' + e.getMessage())"
    },
    {
      "id": 32,
      "line": 63,
      "label": "catch (IOException|InterruptedException e)"
    },
    {
      "id": 33,
      "line": 64,
      "label": "System.err.println('Error pinging URL: ' + e.getMessage())"
    }
  ],

  "edges": [
    {
      "id": 0,
      "source": 0,
      "target": 1,
      "label": ""
    },
    {
      "id": 1,
      "source": 2,
      "target": 3,
      "label": ""
    },
    {
      "id": 2,
      "source": 3,
      "target": 4,
      "label": "True"
    },
    {
      "id": 3,
      "source": 3,
      "target": 5,
      "label": "False"
    },
    {
      "id": 4,
      "source": 5,
      "target": 6,
      "label": ""
    },
    {
      "id": 5,
      "source": 6,
      "target": 7,
      "label": "True"
    },
    {
      "id": 6,
      "source": 6,
      "target": 8,
      "label": "False"
    },
    {
      "id": 7,
      "source": 8,
      "target": 9,
      "label": ""
    },
    {
      "id": 8,
      "source": 9,
      "target": 10,
      "label": ""
    },
    {
      "id": 9,
      "source": 10,
      "target": 11,
      "label": ""
    },
    {
      "id": 10,
      "source": 11,
      "target": 13,
      "label": ""
    },
    {
      "id": 11,
      "source": 13,
      "target": 12,
      "label": ""
    },
    {
      "id": 12,
      "source": 12,
      "target": 15,
      "label": "Throws"
    },
    {
      "id": 13,
      "source": 15,
      "target": 16,
      "label": ""
    },
    {
      "id": 14,
      "source": 16,
      "target": 12,
      "label": "Throws"
    },
    {
      "id": 15,
      "source": 14,
      "target": 12,
      "label": ""
    },
    {
      "id": 16,
      "source": 12,
      "target": 17,
      "label": ""
    },
    {
      "id": 17,
      "source": 17,
      "target": 18,
      "label": ""
    },
    {
      "id": 18,
      "source": 19,
      "target": 20,
      "label": ""
    },
    {
      "id": 19,
      "source": 20,
      "target": 21,
      "label": ""
    },
    {
      "id": 20,
      "source": 21,
      "target": 23,
      "label": ""
    },
    {
      "id": 21,
      "source": 23,
      "target": 24,
      "label": ""
    },
    {
      "id": 22,
      "source": 24,
      "target": 25,
      "label": ""
    },
    {
      "id": 23,
      "source": 25,
      "target": 26,
      "label": "True"
    },
    {
      "id": 24,
      "source": 26,
      "target": 27,
      "label": ""
    },
    {
      "id": 25,
      "source": 25,
      "target": 28,
      "label": "False"
    },
    {
      "id": 26,
      "source": 28,
      "target": 27,
      "label": ""
    },
    {
      "id": 27,
      "source": 27,
      "target": 22,
      "label": ""
    },
    {
      "id": 28,
      "source": 22,
      "target": 30,
      "label": "Throws"
    },
    {
      "id": 29,
      "source": 30,
      "target": 31,
      "label": ""
    },
    {
      "id": 30,
      "source": 31,
      "target": 29,
      "label": ""
    },
    {
      "id": 31,
      "source": 22,
      "target": 32,
      "label": "Throws"
    },
    {
      "id": 32,
      "source": 32,
      "target": 33,
      "label": ""
    },
    {
      "id": 33,
      "source": 33,
      "target": 29,
      "label": ""
    },
    {
      "id": 34,
      "source": 29,
      "target": 22,
      "label": ""
    }
  ]
}
