{
  "directed": true,
  "multigraph": true,
  "label": "CFG of 38949.java",
  "type": "Control Flow Graph (CFG)",
  "file": "38949.java",
  "package": "",

  "nodes": [
    {
      "id": 0,
      "line": 8,
      "label": "String formatDateTime(LocalDateTime dateTime)"
    },
    {
      "id": 1,
      "line": 9,
      "label": "if (dateTime == null)"
    },
    {
      "id": 2,
      "line": 10,
      "label": "throw new NullPointerException('DateTime cannot be null')"
    },
    {
      "id": 3,
      "line": 0,
      "label": "endif"
    },
    {
      "id": 4,
      "line": 12,
      "label": "return dateTime.format(formatter);"
    },
    {
      "id": 5,
      "line": 15,
      "label": "LocalDateTime parseDateTime(String dateTimeString)"
    },
    {
      "id": 6,
      "line": 16,
      "label": "if (dateTimeString == null || dateTimeString.isEmpty())"
    },
    {
      "id": 7,
      "line": 17,
      "label": "throw new IllegalArgumentException('DateTime string cannot be null or empty')"
    },
    {
      "id": 8,
      "line": 0,
      "label": "endif"
    },
    {
      "id": 9,
      "line": 19,
      "label": "try"
    },
    {
      "id": 10,
      "line": 0,
      "label": "end-try"
    },
    {
      "id": 11,
      "line": 20,
      "label": "return LocalDateTime.parse(dateTimeString, formatter);"
    },
    {
      "id": 12,
      "line": 0,
      "label": "end-catch"
    },
    {
      "id": 13,
      "line": 21,
      "label": "catch (DateTimeParseException e)"
    },
    {
      "id": 14,
      "line": 22,
      "label": "throw new IllegalArgumentException('Invalid date time format', e)"
    },
    {
      "id": 15,
      "line": 26,
      "label": "void main(String[] args)"
    },
    {
      "id": 16,
      "line": 27,
      "label": "LocalDateTime now = LocalDateTime.now()"
    },
    {
      "id": 17,
      "line": 28,
      "label": "String formattedDateTime = formatDateTime(now)"
    },
    {
      "id": 18,
      "line": 29,
      "label": "System.out.println(formattedDateTime)"
    },
    {
      "id": 19,
      "line": 31,
      "label": "LocalDateTime parsedDateTime = parseDateTime(formattedDateTime)"
    },
    {
      "id": 20,
      "line": 32,
      "label": "System.out.println(parsedDateTime)"
    }
  ],

  "edges": [
    {
      "id": 0,
      "source": 0,
      "target": 1,
      "label": ""
    },
    {
      "id": 1,
      "source": 1,
      "target": 2,
      "label": "True"
    },
    {
      "id": 2,
      "source": 1,
      "target": 3,
      "label": "False"
    },
    {
      "id": 3,
      "source": 3,
      "target": 4,
      "label": ""
    },
    {
      "id": 4,
      "source": 5,
      "target": 6,
      "label": ""
    },
    {
      "id": 5,
      "source": 6,
      "target": 7,
      "label": "True"
    },
    {
      "id": 6,
      "source": 6,
      "target": 8,
      "label": "False"
    },
    {
      "id": 7,
      "source": 8,
      "target": 9,
      "label": ""
    },
    {
      "id": 8,
      "source": 9,
      "target": 11,
      "label": ""
    },
    {
      "id": 9,
      "source": 10,
      "target": 13,
      "label": "Throws"
    },
    {
      "id": 10,
      "source": 13,
      "target": 14,
      "label": ""
    },
    {
      "id": 11,
      "source": 14,
      "target": 10,
      "label": "Throws"
    },
    {
      "id": 12,
      "source": 12,
      "target": 10,
      "label": ""
    },
    {
      "id": 13,
      "source": 15,
      "target": 16,
      "label": ""
    },
    {
      "id": 14,
      "source": 16,
      "target": 17,
      "label": ""
    },
    {
      "id": 15,
      "source": 17,
      "target": 18,
      "label": ""
    },
    {
      "id": 16,
      "source": 18,
      "target": 19,
      "label": ""
    },
    {
      "id": 17,
      "source": 19,
      "target": 20,
      "label": ""
    }
  ]
}
