{
  "directed": true,
  "multigraph": true,
  "label": "CFG of 38948.java",
  "type": "Control Flow Graph (CFG)",
  "file": "38948.java",
  "package": "",

  "nodes": [
    {
      "id": 0,
      "line": 5,
      "label": "void main(String[] args)"
    },
    {
      "id": 1,
      "line": 6,
      "label": "Scanner scanner = new Scanner(System.in)"
    },
    {
      "id": 2,
      "line": 7,
      "label": "try"
    },
    {
      "id": 3,
      "line": 0,
      "label": "end-try"
    },
    {
      "id": 4,
      "line": 8,
      "label": "System.out.print('Enter the first number: ')"
    },
    {
      "id": 5,
      "line": 9,
      "label": "double num1 = scanner.nextDouble()"
    },
    {
      "id": 6,
      "line": 10,
      "label": "System.out.print('Enter the operator (+, -, *, /): ')"
    },
    {
      "id": 7,
      "line": 11,
      "label": "String operator = scanner.next()"
    },
    {
      "id": 8,
      "line": 12,
      "label": "System.out.print('Enter the second number: ')"
    },
    {
      "id": 9,
      "line": 13,
      "label": "double num2 = scanner.nextDouble()"
    },
    {
      "id": 10,
      "line": 15,
      "label": "if (operator.equals('+'))"
    },
    {
      "id": 11,
      "line": 16,
      "label": "System.out.println('Result: ' + add(num1, num2))"
    },
    {
      "id": 12,
      "line": 0,
      "label": "endif"
    },
    {
      "id": 13,
      "line": 17,
      "label": "if (operator.equals('-'))"
    },
    {
      "id": 14,
      "line": 18,
      "label": "System.out.println('Result: ' + subtract(num1, num2))"
    },
    {
      "id": 15,
      "line": 0,
      "label": "endif"
    },
    {
      "id": 16,
      "line": 19,
      "label": "if (operator.equals('*'))"
    },
    {
      "id": 17,
      "line": 20,
      "label": "System.out.println('Result: ' + multiply(num1, num2))"
    },
    {
      "id": 18,
      "line": 0,
      "label": "endif"
    },
    {
      "id": 19,
      "line": 21,
      "label": "if (operator.equals('/'))"
    },
    {
      "id": 20,
      "line": 22,
      "label": "if (num2 == 0)"
    },
    {
      "id": 21,
      "line": 23,
      "label": "System.out.println('Error: Division by zero is not allowed')"
    },
    {
      "id": 22,
      "line": 0,
      "label": "endif"
    },
    {
      "id": 23,
      "line": 25,
      "label": "System.out.println('Result: ' + divide(num1, num2))"
    },
    {
      "id": 24,
      "line": 0,
      "label": "endif"
    },
    {
      "id": 25,
      "line": 28,
      "label": "System.out.println('Error: Invalid operator')"
    },
    {
      "id": 26,
      "line": 32,
      "label": "finally"
    },
    {
      "id": 27,
      "line": 33,
      "label": "scanner.close()"
    },
    {
      "id": 28,
      "line": 0,
      "label": "end-finally"
    },
    {
      "id": 29,
      "line": 0,
      "label": "end-catch"
    },
    {
      "id": 30,
      "line": 30,
      "label": "catch (InputMismatchException e)"
    },
    {
      "id": 31,
      "line": 31,
      "label": "System.out.println('Error: Invalid input')"
    },
    {
      "id": 32,
      "line": 37,
      "label": "double add(double num1, double num2)"
    },
    {
      "id": 33,
      "line": 38,
      "label": "return num1 + num2;"
    },
    {
      "id": 34,
      "line": 41,
      "label": "double subtract(double num1, double num2)"
    },
    {
      "id": 35,
      "line": 42,
      "label": "return num1 - num2;"
    },
    {
      "id": 36,
      "line": 45,
      "label": "double multiply(double num1, double num2)"
    },
    {
      "id": 37,
      "line": 46,
      "label": "return num1 * num2;"
    },
    {
      "id": 38,
      "line": 49,
      "label": "double divide(double num1, double num2)"
    },
    {
      "id": 39,
      "line": 50,
      "label": "return num1 / num2;"
    }
  ],

  "edges": [
    {
      "id": 0,
      "source": 0,
      "target": 1,
      "label": ""
    },
    {
      "id": 1,
      "source": 1,
      "target": 2,
      "label": ""
    },
    {
      "id": 2,
      "source": 2,
      "target": 4,
      "label": ""
    },
    {
      "id": 3,
      "source": 4,
      "target": 5,
      "label": ""
    },
    {
      "id": 4,
      "source": 5,
      "target": 6,
      "label": ""
    },
    {
      "id": 5,
      "source": 6,
      "target": 7,
      "label": ""
    },
    {
      "id": 6,
      "source": 7,
      "target": 8,
      "label": ""
    },
    {
      "id": 7,
      "source": 8,
      "target": 9,
      "label": ""
    },
    {
      "id": 8,
      "source": 9,
      "target": 10,
      "label": ""
    },
    {
      "id": 9,
      "source": 10,
      "target": 11,
      "label": "True"
    },
    {
      "id": 10,
      "source": 11,
      "target": 12,
      "label": ""
    },
    {
      "id": 11,
      "source": 10,
      "target": 13,
      "label": "False"
    },
    {
      "id": 12,
      "source": 13,
      "target": 14,
      "label": "True"
    },
    {
      "id": 13,
      "source": 14,
      "target": 15,
      "label": ""
    },
    {
      "id": 14,
      "source": 13,
      "target": 16,
      "label": "False"
    },
    {
      "id": 15,
      "source": 16,
      "target": 17,
      "label": "True"
    },
    {
      "id": 16,
      "source": 17,
      "target": 18,
      "label": ""
    },
    {
      "id": 17,
      "source": 16,
      "target": 19,
      "label": "False"
    },
    {
      "id": 18,
      "source": 19,
      "target": 20,
      "label": "True"
    },
    {
      "id": 19,
      "source": 20,
      "target": 21,
      "label": "True"
    },
    {
      "id": 20,
      "source": 21,
      "target": 22,
      "label": ""
    },
    {
      "id": 21,
      "source": 20,
      "target": 23,
      "label": "False"
    },
    {
      "id": 22,
      "source": 23,
      "target": 22,
      "label": ""
    },
    {
      "id": 23,
      "source": 22,
      "target": 24,
      "label": ""
    },
    {
      "id": 24,
      "source": 19,
      "target": 25,
      "label": "False"
    },
    {
      "id": 25,
      "source": 25,
      "target": 24,
      "label": ""
    },
    {
      "id": 26,
      "source": 24,
      "target": 18,
      "label": ""
    },
    {
      "id": 27,
      "source": 18,
      "target": 15,
      "label": ""
    },
    {
      "id": 28,
      "source": 15,
      "target": 12,
      "label": ""
    },
    {
      "id": 29,
      "source": 12,
      "target": 3,
      "label": ""
    },
    {
      "id": 30,
      "source": 3,
      "target": 26,
      "label": ""
    },
    {
      "id": 31,
      "source": 26,
      "target": 27,
      "label": ""
    },
    {
      "id": 32,
      "source": 27,
      "target": 28,
      "label": ""
    },
    {
      "id": 33,
      "source": 3,
      "target": 30,
      "label": "Throws"
    },
    {
      "id": 34,
      "source": 30,
      "target": 31,
      "label": ""
    },
    {
      "id": 35,
      "source": 31,
      "target": 29,
      "label": ""
    },
    {
      "id": 36,
      "source": 29,
      "target": 26,
      "label": ""
    },
    {
      "id": 37,
      "source": 32,
      "target": 33,
      "label": ""
    },
    {
      "id": 38,
      "source": 34,
      "target": 35,
      "label": ""
    },
    {
      "id": 39,
      "source": 36,
      "target": 37,
      "label": ""
    },
    {
      "id": 40,
      "source": 38,
      "target": 39,
      "label": ""
    }
  ]
}
