{
  "directed": true,
  "multigraph": true,
  "label": "CFG of 39023.java",
  "type": "Control Flow Graph (CFG)",
  "file": "39023.java",
  "package": "",

  "nodes": [
    {
      "id": 0,
      "line": 5,
      "label": "void main(String[] args)"
    },
    {
      "id": 1,
      "line": 6,
      "label": "Scanner scanner = new Scanner(System.in)"
    },
    {
      "id": 2,
      "line": 7,
      "label": "while (true)"
    },
    {
      "id": 3,
      "line": 0,
      "label": "endwhile"
    },
    {
      "id": 4,
      "line": 8,
      "label": "try"
    },
    {
      "id": 5,
      "line": 0,
      "label": "end-try"
    },
    {
      "id": 6,
      "line": 9,
      "label": "System.out.println('1. Addition')"
    },
    {
      "id": 7,
      "line": 10,
      "label": "System.out.println('2. Subtraction')"
    },
    {
      "id": 8,
      "line": 11,
      "label": "System.out.println('3. Multiplication')"
    },
    {
      "id": 9,
      "line": 12,
      "label": "System.out.println('4. Division')"
    },
    {
      "id": 10,
      "line": 13,
      "label": "System.out.println('5. Exit')"
    },
    {
      "id": 11,
      "line": 14,
      "label": "System.out.print('Choose an operation: ')"
    },
    {
      "id": 12,
      "line": 15,
      "label": "int choice = scanner.nextInt()"
    },
    {
      "id": 13,
      "line": 16,
      "label": "if (choice == 5)"
    },
    {
      "id": 14,
      "line": 17,
      "label": "break;"
    },
    {
      "id": 15,
      "line": 0,
      "label": "endif"
    },
    {
      "id": 16,
      "line": 19,
      "label": "System.out.print('Enter first number: ')"
    },
    {
      "id": 17,
      "line": 20,
      "label": "double num1 = scanner.nextDouble()"
    },
    {
      "id": 18,
      "line": 21,
      "label": "System.out.print('Enter second number: ')"
    },
    {
      "id": 19,
      "line": 22,
      "label": "double num2 = scanner.nextDouble()"
    },
    {
      "id": 20,
      "line": 23,
      "label": "switch (choice)"
    },
    {
      "id": 21,
      "line": 0,
      "label": "end-switch"
    },
    {
      "id": 22,
      "line": 24,
      "label": "case 1:"
    },
    {
      "id": 23,
      "line": 25,
      "label": "System.out.println('Result: ' + add(num1, num2))"
    },
    {
      "id": 24,
      "line": 26,
      "label": "break;"
    },
    {
      "id": 25,
      "line": 27,
      "label": "case 2:"
    },
    {
      "id": 26,
      "line": 28,
      "label": "System.out.println('Result: ' + subtract(num1, num2))"
    },
    {
      "id": 27,
      "line": 29,
      "label": "break;"
    },
    {
      "id": 28,
      "line": 30,
      "label": "case 3:"
    },
    {
      "id": 29,
      "line": 31,
      "label": "System.out.println('Result: ' + multiply(num1, num2))"
    },
    {
      "id": 30,
      "line": 32,
      "label": "break;"
    },
    {
      "id": 31,
      "line": 33,
      "label": "case 4:"
    },
    {
      "id": 32,
      "line": 34,
      "label": "System.out.println('Result: ' + divide(num1, num2))"
    },
    {
      "id": 33,
      "line": 35,
      "label": "break;"
    },
    {
      "id": 34,
      "line": 36,
      "label": "default:"
    },
    {
      "id": 35,
      "line": 37,
      "label": "System.out.println('Invalid choice')"
    },
    {
      "id": 36,
      "line": 0,
      "label": "end-catch"
    },
    {
      "id": 37,
      "line": 39,
      "label": "catch (InputMismatchException e)"
    },
    {
      "id": 38,
      "line": 40,
      "label": "System.out.println('Invalid input')"
    },
    {
      "id": 39,
      "line": 41,
      "label": "scanner.next()"
    },
    {
      "id": 40,
      "line": 42,
      "label": "catch (ArithmeticException e)"
    },
    {
      "id": 41,
      "line": 43,
      "label": "System.out.println(e.getMessage())"
    },
    {
      "id": 42,
      "line": 46,
      "label": "scanner.close()"
    },
    {
      "id": 43,
      "line": 49,
      "label": "double add(double num1, double num2)"
    },
    {
      "id": 44,
      "line": 50,
      "label": "return num1 + num2;"
    },
    {
      "id": 45,
      "line": 53,
      "label": "double subtract(double num1, double num2)"
    },
    {
      "id": 46,
      "line": 54,
      "label": "return num1 - num2;"
    },
    {
      "id": 47,
      "line": 57,
      "label": "double multiply(double num1, double num2)"
    },
    {
      "id": 48,
      "line": 58,
      "label": "return num1 * num2;"
    },
    {
      "id": 49,
      "line": 61,
      "label": "double divide(double num1, double num2)"
    },
    {
      "id": 50,
      "line": 62,
      "label": "if (num2 == 0)"
    },
    {
      "id": 51,
      "line": 63,
      "label": "throw new ArithmeticException('Cannot divide by zero')"
    },
    {
      "id": 52,
      "line": 0,
      "label": "endif"
    },
    {
      "id": 53,
      "line": 65,
      "label": "return num1 / num2;"
    }
  ],

  "edges": [
    {
      "id": 0,
      "source": 0,
      "target": 1,
      "label": ""
    },
    {
      "id": 1,
      "source": 1,
      "target": 2,
      "label": ""
    },
    {
      "id": 2,
      "source": 2,
      "target": 3,
      "label": "False"
    },
    {
      "id": 3,
      "source": 2,
      "target": 4,
      "label": "True"
    },
    {
      "id": 4,
      "source": 4,
      "target": 6,
      "label": ""
    },
    {
      "id": 5,
      "source": 6,
      "target": 7,
      "label": ""
    },
    {
      "id": 6,
      "source": 7,
      "target": 8,
      "label": ""
    },
    {
      "id": 7,
      "source": 8,
      "target": 9,
      "label": ""
    },
    {
      "id": 8,
      "source": 9,
      "target": 10,
      "label": ""
    },
    {
      "id": 9,
      "source": 10,
      "target": 11,
      "label": ""
    },
    {
      "id": 10,
      "source": 11,
      "target": 12,
      "label": ""
    },
    {
      "id": 11,
      "source": 12,
      "target": 13,
      "label": ""
    },
    {
      "id": 12,
      "source": 13,
      "target": 14,
      "label": "True"
    },
    {
      "id": 13,
      "source": 14,
      "target": 3,
      "label": ""
    },
    {
      "id": 14,
      "source": 13,
      "target": 15,
      "label": "False"
    },
    {
      "id": 15,
      "source": 15,
      "target": 16,
      "label": ""
    },
    {
      "id": 16,
      "source": 16,
      "target": 17,
      "label": ""
    },
    {
      "id": 17,
      "source": 17,
      "target": 18,
      "label": ""
    },
    {
      "id": 18,
      "source": 18,
      "target": 19,
      "label": ""
    },
    {
      "id": 19,
      "source": 19,
      "target": 20,
      "label": ""
    },
    {
      "id": 20,
      "source": 20,
      "target": 22,
      "label": ""
    },
    {
      "id": 21,
      "source": 22,
      "target": 23,
      "label": "True"
    },
    {
      "id": 22,
      "source": 23,
      "target": 24,
      "label": ""
    },
    {
      "id": 23,
      "source": 24,
      "target": 21,
      "label": ""
    },
    {
      "id": 24,
      "source": 22,
      "target": 25,
      "label": "False"
    },
    {
      "id": 25,
      "source": 25,
      "target": 26,
      "label": "True"
    },
    {
      "id": 26,
      "source": 26,
      "target": 27,
      "label": ""
    },
    {
      "id": 27,
      "source": 27,
      "target": 21,
      "label": ""
    },
    {
      "id": 28,
      "source": 25,
      "target": 28,
      "label": "False"
    },
    {
      "id": 29,
      "source": 28,
      "target": 29,
      "label": "True"
    },
    {
      "id": 30,
      "source": 29,
      "target": 30,
      "label": ""
    },
    {
      "id": 31,
      "source": 30,
      "target": 21,
      "label": ""
    },
    {
      "id": 32,
      "source": 28,
      "target": 31,
      "label": "False"
    },
    {
      "id": 33,
      "source": 31,
      "target": 32,
      "label": "True"
    },
    {
      "id": 34,
      "source": 32,
      "target": 33,
      "label": ""
    },
    {
      "id": 35,
      "source": 33,
      "target": 21,
      "label": ""
    },
    {
      "id": 36,
      "source": 31,
      "target": 34,
      "label": "False"
    },
    {
      "id": 37,
      "source": 34,
      "target": 35,
      "label": ""
    },
    {
      "id": 38,
      "source": 35,
      "target": 21,
      "label": ""
    },
    {
      "id": 39,
      "source": 21,
      "target": 5,
      "label": ""
    },
    {
      "id": 40,
      "source": 5,
      "target": 37,
      "label": "Throws"
    },
    {
      "id": 41,
      "source": 37,
      "target": 38,
      "label": ""
    },
    {
      "id": 42,
      "source": 38,
      "target": 39,
      "label": ""
    },
    {
      "id": 43,
      "source": 39,
      "target": 36,
      "label": ""
    },
    {
      "id": 44,
      "source": 5,
      "target": 40,
      "label": "Throws"
    },
    {
      "id": 45,
      "source": 40,
      "target": 41,
      "label": ""
    },
    {
      "id": 46,
      "source": 41,
      "target": 36,
      "label": ""
    },
    {
      "id": 47,
      "source": 36,
      "target": 5,
      "label": ""
    },
    {
      "id": 48,
      "source": 5,
      "target": 2,
      "label": ""
    },
    {
      "id": 49,
      "source": 3,
      "target": 42,
      "label": ""
    },
    {
      "id": 50,
      "source": 43,
      "target": 44,
      "label": ""
    },
    {
      "id": 51,
      "source": 45,
      "target": 46,
      "label": ""
    },
    {
      "id": 52,
      "source": 47,
      "target": 48,
      "label": ""
    },
    {
      "id": 53,
      "source": 49,
      "target": 50,
      "label": ""
    },
    {
      "id": 54,
      "source": 50,
      "target": 51,
      "label": "True"
    },
    {
      "id": 55,
      "source": 50,
      "target": 52,
      "label": "False"
    },
    {
      "id": 56,
      "source": 52,
      "target": 53,
      "label": ""
    }
  ]
}
