{
  "directed": true,
  "multigraph": true,
  "label": "CFG of 39244.java",
  "type": "Control Flow Graph (CFG)",
  "file": "39244.java",
  "package": "util",

  "nodes": [
    {
      "id": 0,
      "line": 9,
      "label": "Pair (L left, R right)"
    },
    {
      "id": 1,
      "line": 10,
      "label": "this.left = left"
    },
    {
      "id": 2,
      "line": 11,
      "label": "this.right = right"
    },
    {
      "id": 3,
      "line": 14,
      "label": "Pair<L,R> of(L left, R right)"
    },
    {
      "id": 4,
      "line": 15,
      "label": "return new Pair<>(left, right);"
    },
    {
      "id": 5,
      "line": 18,
      "label": "L left()"
    },
    {
      "id": 6,
      "line": 19,
      "label": "return left;"
    },
    {
      "id": 7,
      "line": 22,
      "label": "R right()"
    },
    {
      "id": 8,
      "line": 23,
      "label": "return right;"
    },
    {
      "id": 9,
      "line": 27,
      "label": "boolean equals(Object o)"
    },
    {
      "id": 10,
      "line": 28,
      "label": "if (this == o)"
    },
    {
      "id": 11,
      "line": 28,
      "label": "return true;"
    },
    {
      "id": 12,
      "line": 0,
      "label": "endif"
    },
    {
      "id": 13,
      "line": 29,
      "label": "if (!(o instanceof Pair<?, ?> other))"
    },
    {
      "id": 14,
      "line": 29,
      "label": "return false;"
    },
    {
      "id": 15,
      "line": 0,
      "label": "endif"
    },
    {
      "id": 16,
      "line": 30,
      "label": "return Objects.equals(left, other.left) && Objects.equals(right, other.right);"
    },
    {
      "id": 17,
      "line": 34,
      "label": "int hashCode()"
    },
    {
      "id": 18,
      "line": 35,
      "label": "return Objects.hash(left, right);"
    },
    {
      "id": 19,
      "line": 39,
      "label": "String toString()"
    },
    {
      "id": 20,
      "line": 40,
      "label": "return 'Pair[' + left + ', ' + right + ']';"
    }
  ],

  "edges": [
    {
      "id": 0,
      "source": 0,
      "target": 1,
      "label": ""
    },
    {
      "id": 1,
      "source": 1,
      "target": 2,
      "label": ""
    },
    {
      "id": 2,
      "source": 3,
      "target": 4,
      "label": ""
    },
    {
      "id": 3,
      "source": 5,
      "target": 6,
      "label": ""
    },
    {
      "id": 4,
      "source": 7,
      "target": 8,
      "label": ""
    },
    {
      "id": 5,
      "source": 9,
      "target": 10,
      "label": ""
    },
    {
      "id": 6,
      "source": 10,
      "target": 11,
      "label": "True"
    },
    {
      "id": 7,
      "source": 10,
      "target": 12,
      "label": "False"
    },
    {
      "id": 8,
      "source": 12,
      "target": 13,
      "label": ""
    },
    {
      "id": 9,
      "source": 13,
      "target": 14,
      "label": "True"
    },
    {
      "id": 10,
      "source": 13,
      "target": 15,
      "label": "False"
    },
    {
      "id": 11,
      "source": 15,
      "target": 16,
      "label": ""
    },
    {
      "id": 12,
      "source": 17,
      "target": 18,
      "label": ""
    },
    {
      "id": 13,
      "source": 19,
      "target": 20,
      "label": ""
    }
  ]
}
