{
  "directed": true,
  "multigraph": true,
  "label": "CFG of 39245.java",
  "type": "Control Flow Graph (CFG)",
  "file": "39245.java",
  "package": "",

  "nodes": [
    {
      "id": 0,
      "line": 10,
      "label": "LRUCache (int capacity)"
    },
    {
      "id": 1,
      "line": 11,
      "label": "if (capacity <= 0)"
    },
    {
      "id": 2,
      "line": 12,
      "label": "throw new IllegalArgumentException('Capacity must be positive')"
    },
    {
      "id": 3,
      "line": 0,
      "label": "endif"
    },
    {
      "id": 4,
      "line": 14,
      "label": "this.capacity = capacity"
    },
    {
      "id": 5,
      "line": 15,
      "label": "this.map = new ConcurrentHashMap<>(capacity)"
    },
    {
      "id": 6,
      "line": 16,
      "label": "this.list = new DoublyLinkedList<>()"
    },
    {
      "id": 7,
      "line": 19,
      "label": "V get(K key)"
    },
    {
      "id": 8,
      "line": 20,
      "label": "if (key == null)"
    },
    {
      "id": 9,
      "line": 21,
      "label": "throw new IllegalArgumentException('Key cannot be null')"
    },
    {
      "id": 10,
      "line": 0,
      "label": "endif"
    },
    {
      "id": 11,
      "line": 23,
      "label": "Node<K, V> node = map.get(key)"
    },
    {
      "id": 12,
      "line": 24,
      "label": "if (node == null)"
    },
    {
      "id": 13,
      "line": 25,
      "label": "return null;"
    },
    {
      "id": 14,
      "line": 0,
      "label": "endif"
    },
    {
      "id": 15,
      "line": 27,
      "label": "list.moveToFront(node)"
    },
    {
      "id": 16,
      "line": 28,
      "label": "return node.value;"
    },
    {
      "id": 17,
      "line": 31,
      "label": "void put(K key, V value)"
    },
    {
      "id": 18,
      "line": 32,
      "label": "if (key == null || value == null)"
    },
    {
      "id": 19,
      "line": 33,
      "label": "throw new IllegalArgumentException('Key or value cannot be null')"
    },
    {
      "id": 20,
      "line": 0,
      "label": "endif"
    },
    {
      "id": 21,
      "line": 35,
      "label": "Node<K, V> existing = map.get(key)"
    },
    {
      "id": 22,
      "line": 36,
      "label": "if (existing != null)"
    },
    {
      "id": 23,
      "line": 37,
      "label": "existing.value = value"
    },
    {
      "id": 24,
      "line": 38,
      "label": "list.moveToFront(existing)"
    },
    {
      "id": 25,
      "line": 39,
      "label": "return;"
    },
    {
      "id": 26,
      "line": 0,
      "label": "endif"
    },
    {
      "id": 27,
      "line": 41,
      "label": "if (map.size() >= capacity)"
    },
    {
      "id": 28,
      "line": 42,
      "label": "Node<K, V> evicted = list.removeTail()"
    },
    {
      "id": 29,
      "line": 43,
      "label": "if (evicted != null)"
    },
    {
      "id": 30,
      "line": 44,
      "label": "map.remove(evicted.key)"
    },
    {
      "id": 31,
      "line": 0,
      "label": "endif"
    },
    {
      "id": 32,
      "line": 0,
      "label": "endif"
    },
    {
      "id": 33,
      "line": 47,
      "label": "Node<K, V> newNode = new Node<>(key, value)"
    },
    {
      "id": 34,
      "line": 48,
      "label": "list.addFront(newNode)"
    },
    {
      "id": 35,
      "line": 49,
      "label": "map.put(key, newNode)"
    },
    {
      "id": 36,
      "line": 52,
      "label": "boolean containsKey(K key)"
    },
    {
      "id": 37,
      "line": 53,
      "label": "return map.containsKey(key);"
    },
    {
      "id": 38,
      "line": 56,
      "label": "int size()"
    },
    {
      "id": 39,
      "line": 57,
      "label": "return map.size();"
    },
    {
      "id": 40,
      "line": 66,
      "label": "Node (K key, V value)"
    },
    {
      "id": 41,
      "line": 67,
      "label": "this.key = key"
    },
    {
      "id": 42,
      "line": 68,
      "label": "this.value = value"
    },
    {
      "id": 43,
      "line": 76,
      "label": "void addFront(Node<K, V> node)"
    },
    {
      "id": 44,
      "line": 77,
      "label": "node.prev = null"
    },
    {
      "id": 45,
      "line": 78,
      "label": "node.next = head"
    },
    {
      "id": 46,
      "line": 79,
      "label": "if (head != null)"
    },
    {
      "id": 47,
      "line": 80,
      "label": "head.prev = node"
    },
    {
      "id": 48,
      "line": 0,
      "label": "endif"
    },
    {
      "id": 49,
      "line": 82,
      "label": "head = node"
    },
    {
      "id": 50,
      "line": 83,
      "label": "if (tail == null)"
    },
    {
      "id": 51,
      "line": 84,
      "label": "tail = head"
    },
    {
      "id": 52,
      "line": 0,
      "label": "endif"
    },
    {
      "id": 53,
      "line": 88,
      "label": "void moveToFront(Node<K, V> node)"
    },
    {
      "id": 54,
      "line": 89,
      "label": "if (node == head)"
    },
    {
      "id": 55,
      "line": 90,
      "label": "return;"
    },
    {
      "id": 56,
      "line": 0,
      "label": "endif"
    },
    {
      "id": 57,
      "line": 92,
      "label": "remove(node)"
    },
    {
      "id": 58,
      "line": 93,
      "label": "addFront(node)"
    },
    {
      "id": 59,
      "line": 96,
      "label": "void remove(Node<K, V> node)"
    },
    {
      "id": 60,
      "line": 97,
      "label": "if (node.prev != null)"
    },
    {
      "id": 61,
      "line": 98,
      "label": "node.prev.next = node.next"
    },
    {
      "id": 62,
      "line": 0,
      "label": "endif"
    },
    {
      "id": 63,
      "line": 100,
      "label": "head = node.next"
    },
    {
      "id": 64,
      "line": 102,
      "label": "if (node.next != null)"
    },
    {
      "id": 65,
      "line": 103,
      "label": "node.next.prev = node.prev"
    },
    {
      "id": 66,
      "line": 0,
      "label": "endif"
    },
    {
      "id": 67,
      "line": 105,
      "label": "tail = node.prev"
    },
    {
      "id": 68,
      "line": 109,
      "label": "Node<K,V> removeTail()"
    },
    {
      "id": 69,
      "line": 110,
      "label": "if (tail == null)"
    },
    {
      "id": 70,
      "line": 111,
      "label": "return null;"
    },
    {
      "id": 71,
      "line": 0,
      "label": "endif"
    },
    {
      "id": 72,
      "line": 113,
      "label": "Node<K, V> oldTail = tail"
    },
    {
      "id": 73,
      "line": 114,
      "label": "remove(oldTail)"
    },
    {
      "id": 74,
      "line": 115,
      "label": "return oldTail;"
    }
  ],

  "edges": [
    {
      "id": 0,
      "source": 0,
      "target": 1,
      "label": ""
    },
    {
      "id": 1,
      "source": 1,
      "target": 2,
      "label": "True"
    },
    {
      "id": 2,
      "source": 1,
      "target": 3,
      "label": "False"
    },
    {
      "id": 3,
      "source": 3,
      "target": 4,
      "label": ""
    },
    {
      "id": 4,
      "source": 4,
      "target": 5,
      "label": ""
    },
    {
      "id": 5,
      "source": 5,
      "target": 6,
      "label": ""
    },
    {
      "id": 6,
      "source": 7,
      "target": 8,
      "label": ""
    },
    {
      "id": 7,
      "source": 8,
      "target": 9,
      "label": "True"
    },
    {
      "id": 8,
      "source": 8,
      "target": 10,
      "label": "False"
    },
    {
      "id": 9,
      "source": 10,
      "target": 11,
      "label": ""
    },
    {
      "id": 10,
      "source": 11,
      "target": 12,
      "label": ""
    },
    {
      "id": 11,
      "source": 12,
      "target": 13,
      "label": "True"
    },
    {
      "id": 12,
      "source": 12,
      "target": 14,
      "label": "False"
    },
    {
      "id": 13,
      "source": 14,
      "target": 15,
      "label": ""
    },
    {
      "id": 14,
      "source": 15,
      "target": 16,
      "label": ""
    },
    {
      "id": 15,
      "source": 17,
      "target": 18,
      "label": ""
    },
    {
      "id": 16,
      "source": 18,
      "target": 19,
      "label": "True"
    },
    {
      "id": 17,
      "source": 18,
      "target": 20,
      "label": "False"
    },
    {
      "id": 18,
      "source": 20,
      "target": 21,
      "label": ""
    },
    {
      "id": 19,
      "source": 21,
      "target": 22,
      "label": ""
    },
    {
      "id": 20,
      "source": 22,
      "target": 23,
      "label": "True"
    },
    {
      "id": 21,
      "source": 23,
      "target": 24,
      "label": ""
    },
    {
      "id": 22,
      "source": 24,
      "target": 25,
      "label": ""
    },
    {
      "id": 23,
      "source": 22,
      "target": 26,
      "label": "False"
    },
    {
      "id": 24,
      "source": 26,
      "target": 27,
      "label": ""
    },
    {
      "id": 25,
      "source": 27,
      "target": 28,
      "label": "True"
    },
    {
      "id": 26,
      "source": 28,
      "target": 29,
      "label": ""
    },
    {
      "id": 27,
      "source": 29,
      "target": 30,
      "label": "True"
    },
    {
      "id": 28,
      "source": 30,
      "target": 31,
      "label": ""
    },
    {
      "id": 29,
      "source": 29,
      "target": 31,
      "label": "False"
    },
    {
      "id": 30,
      "source": 31,
      "target": 32,
      "label": ""
    },
    {
      "id": 31,
      "source": 27,
      "target": 32,
      "label": "False"
    },
    {
      "id": 32,
      "source": 32,
      "target": 33,
      "label": ""
    },
    {
      "id": 33,
      "source": 33,
      "target": 34,
      "label": ""
    },
    {
      "id": 34,
      "source": 34,
      "target": 35,
      "label": ""
    },
    {
      "id": 35,
      "source": 36,
      "target": 37,
      "label": ""
    },
    {
      "id": 36,
      "source": 38,
      "target": 39,
      "label": ""
    },
    {
      "id": 37,
      "source": 40,
      "target": 41,
      "label": ""
    },
    {
      "id": 38,
      "source": 41,
      "target": 42,
      "label": ""
    },
    {
      "id": 39,
      "source": 43,
      "target": 44,
      "label": ""
    },
    {
      "id": 40,
      "source": 44,
      "target": 45,
      "label": ""
    },
    {
      "id": 41,
      "source": 45,
      "target": 46,
      "label": ""
    },
    {
      "id": 42,
      "source": 46,
      "target": 47,
      "label": "True"
    },
    {
      "id": 43,
      "source": 47,
      "target": 48,
      "label": ""
    },
    {
      "id": 44,
      "source": 46,
      "target": 48,
      "label": "False"
    },
    {
      "id": 45,
      "source": 48,
      "target": 49,
      "label": ""
    },
    {
      "id": 46,
      "source": 49,
      "target": 50,
      "label": ""
    },
    {
      "id": 47,
      "source": 50,
      "target": 51,
      "label": "True"
    },
    {
      "id": 48,
      "source": 51,
      "target": 52,
      "label": ""
    },
    {
      "id": 49,
      "source": 50,
      "target": 52,
      "label": "False"
    },
    {
      "id": 50,
      "source": 53,
      "target": 54,
      "label": ""
    },
    {
      "id": 51,
      "source": 54,
      "target": 55,
      "label": "True"
    },
    {
      "id": 52,
      "source": 54,
      "target": 56,
      "label": "False"
    },
    {
      "id": 53,
      "source": 56,
      "target": 57,
      "label": ""
    },
    {
      "id": 54,
      "source": 57,
      "target": 58,
      "label": ""
    },
    {
      "id": 55,
      "source": 59,
      "target": 60,
      "label": ""
    },
    {
      "id": 56,
      "source": 60,
      "target": 61,
      "label": "True"
    },
    {
      "id": 57,
      "source": 61,
      "target": 62,
      "label": ""
    },
    {
      "id": 58,
      "source": 60,
      "target": 63,
      "label": "False"
    },
    {
      "id": 59,
      "source": 63,
      "target": 62,
      "label": ""
    },
    {
      "id": 60,
      "source": 62,
      "target": 64,
      "label": ""
    },
    {
      "id": 61,
      "source": 64,
      "target": 65,
      "label": "True"
    },
    {
      "id": 62,
      "source": 65,
      "target": 66,
      "label": ""
    },
    {
      "id": 63,
      "source": 64,
      "target": 67,
      "label": "False"
    },
    {
      "id": 64,
      "source": 67,
      "target": 66,
      "label": ""
    },
    {
      "id": 65,
      "source": 68,
      "target": 69,
      "label": ""
    },
    {
      "id": 66,
      "source": 69,
      "target": 70,
      "label": "True"
    },
    {
      "id": 67,
      "source": 69,
      "target": 71,
      "label": "False"
    },
    {
      "id": 68,
      "source": 71,
      "target": 72,
      "label": ""
    },
    {
      "id": 69,
      "source": 72,
      "target": 73,
      "label": ""
    },
    {
      "id": 70,
      "source": 73,
      "target": 74,
      "label": ""
    }
  ]
}
