{
  "directed": true,
  "multigraph": true,
  "label": "CFG of 39577.java",
  "type": "Control Flow Graph (CFG)",
  "file": "39577.java",
  "package": "",

  "nodes": [
    {
      "id": 0,
      "line": 5,
      "label": "void main(String[] args)"
    },
    {
      "id": 1,
      "line": 6,
      "label": "Scanner scanner = new Scanner(System.in)"
    },
    {
      "id": 2,
      "line": 7,
      "label": "while (true)"
    },
    {
      "id": 3,
      "line": 0,
      "label": "endwhile"
    },
    {
      "id": 4,
      "line": 8,
      "label": "System.out.println('1. Addition')"
    },
    {
      "id": 5,
      "line": 9,
      "label": "System.out.println('2. Subtraction')"
    },
    {
      "id": 6,
      "line": 10,
      "label": "System.out.println('3. Multiplication')"
    },
    {
      "id": 7,
      "line": 11,
      "label": "System.out.println('4. Division')"
    },
    {
      "id": 8,
      "line": 12,
      "label": "System.out.println('5. Exit')"
    },
    {
      "id": 9,
      "line": 13,
      "label": "try"
    },
    {
      "id": 10,
      "line": 0,
      "label": "end-try"
    },
    {
      "id": 11,
      "line": 14,
      "label": "System.out.print('Choose an operation: ')"
    },
    {
      "id": 12,
      "line": 15,
      "label": "int choice = scanner.nextInt()"
    },
    {
      "id": 13,
      "line": 16,
      "label": "if (choice == 5)"
    },
    {
      "id": 14,
      "line": 17,
      "label": "break;"
    },
    {
      "id": 15,
      "line": 0,
      "label": "endif"
    },
    {
      "id": 16,
      "line": 18,
      "label": "if (choice < 1 || choice > 5)"
    },
    {
      "id": 17,
      "line": 19,
      "label": "System.out.println('Invalid choice. Please choose a valid operation.')"
    },
    {
      "id": 18,
      "line": 20,
      "label": "continue;"
    },
    {
      "id": 19,
      "line": 0,
      "label": "endif"
    },
    {
      "id": 20,
      "line": 22,
      "label": "System.out.print('Enter the first number: ')"
    },
    {
      "id": 21,
      "line": 23,
      "label": "double num1 = scanner.nextDouble()"
    },
    {
      "id": 22,
      "line": 24,
      "label": "System.out.print('Enter the second number: ')"
    },
    {
      "id": 23,
      "line": 25,
      "label": "double num2 = scanner.nextDouble()"
    },
    {
      "id": 24,
      "line": 26,
      "label": "switch (choice)"
    },
    {
      "id": 25,
      "line": 0,
      "label": "end-switch"
    },
    {
      "id": 26,
      "line": 27,
      "label": "case 1:"
    },
    {
      "id": 27,
      "line": 28,
      "label": "System.out.println(num1 + ' + ' + num2 + ' = ' + (num1 + num2))"
    },
    {
      "id": 28,
      "line": 29,
      "label": "break;"
    },
    {
      "id": 29,
      "line": 30,
      "label": "case 2:"
    },
    {
      "id": 30,
      "line": 31,
      "label": "System.out.println(num1 + ' - ' + num2 + ' = ' + (num1 - num2))"
    },
    {
      "id": 31,
      "line": 32,
      "label": "break;"
    },
    {
      "id": 32,
      "line": 33,
      "label": "case 3:"
    },
    {
      "id": 33,
      "line": 34,
      "label": "System.out.println(num1 + ' * ' + num2 + ' = ' + (num1 * num2))"
    },
    {
      "id": 34,
      "line": 35,
      "label": "break;"
    },
    {
      "id": 35,
      "line": 36,
      "label": "case 4:"
    },
    {
      "id": 36,
      "line": 37,
      "label": "if (num2 == 0)"
    },
    {
      "id": 37,
      "line": 38,
      "label": "System.out.println('Error: Division by zero is not allowed.')"
    },
    {
      "id": 38,
      "line": 0,
      "label": "endif"
    },
    {
      "id": 39,
      "line": 40,
      "label": "System.out.println(num1 + ' / ' + num2 + ' = ' + (num1 / num2))"
    },
    {
      "id": 40,
      "line": 42,
      "label": "break;"
    },
    {
      "id": 41,
      "line": 0,
      "label": "end-catch"
    },
    {
      "id": 42,
      "line": 44,
      "label": "catch (InputMismatchException e)"
    },
    {
      "id": 43,
      "line": 45,
      "label": "System.out.println('Invalid input. Please enter a valid number.')"
    },
    {
      "id": 44,
      "line": 46,
      "label": "scanner.next()"
    },
    {
      "id": 45,
      "line": 49,
      "label": "scanner.close()"
    }
  ],

  "edges": [
    {
      "id": 0,
      "source": 0,
      "target": 1,
      "label": ""
    },
    {
      "id": 1,
      "source": 1,
      "target": 2,
      "label": ""
    },
    {
      "id": 2,
      "source": 2,
      "target": 3,
      "label": "False"
    },
    {
      "id": 3,
      "source": 2,
      "target": 4,
      "label": "True"
    },
    {
      "id": 4,
      "source": 4,
      "target": 5,
      "label": ""
    },
    {
      "id": 5,
      "source": 5,
      "target": 6,
      "label": ""
    },
    {
      "id": 6,
      "source": 6,
      "target": 7,
      "label": ""
    },
    {
      "id": 7,
      "source": 7,
      "target": 8,
      "label": ""
    },
    {
      "id": 8,
      "source": 8,
      "target": 9,
      "label": ""
    },
    {
      "id": 9,
      "source": 9,
      "target": 11,
      "label": ""
    },
    {
      "id": 10,
      "source": 11,
      "target": 12,
      "label": ""
    },
    {
      "id": 11,
      "source": 12,
      "target": 13,
      "label": ""
    },
    {
      "id": 12,
      "source": 13,
      "target": 14,
      "label": "True"
    },
    {
      "id": 13,
      "source": 14,
      "target": 3,
      "label": ""
    },
    {
      "id": 14,
      "source": 13,
      "target": 16,
      "label": "False"
    },
    {
      "id": 15,
      "source": 16,
      "target": 17,
      "label": "True"
    },
    {
      "id": 16,
      "source": 17,
      "target": 18,
      "label": ""
    },
    {
      "id": 17,
      "source": 18,
      "target": 2,
      "label": ""
    },
    {
      "id": 18,
      "source": 16,
      "target": 19,
      "label": "False"
    },
    {
      "id": 19,
      "source": 19,
      "target": 15,
      "label": ""
    },
    {
      "id": 20,
      "source": 15,
      "target": 20,
      "label": ""
    },
    {
      "id": 21,
      "source": 20,
      "target": 21,
      "label": ""
    },
    {
      "id": 22,
      "source": 21,
      "target": 22,
      "label": ""
    },
    {
      "id": 23,
      "source": 22,
      "target": 23,
      "label": ""
    },
    {
      "id": 24,
      "source": 23,
      "target": 24,
      "label": ""
    },
    {
      "id": 25,
      "source": 24,
      "target": 26,
      "label": ""
    },
    {
      "id": 26,
      "source": 26,
      "target": 27,
      "label": "True"
    },
    {
      "id": 27,
      "source": 27,
      "target": 28,
      "label": ""
    },
    {
      "id": 28,
      "source": 28,
      "target": 25,
      "label": ""
    },
    {
      "id": 29,
      "source": 26,
      "target": 29,
      "label": "False"
    },
    {
      "id": 30,
      "source": 29,
      "target": 30,
      "label": "True"
    },
    {
      "id": 31,
      "source": 30,
      "target": 31,
      "label": ""
    },
    {
      "id": 32,
      "source": 31,
      "target": 25,
      "label": ""
    },
    {
      "id": 33,
      "source": 29,
      "target": 32,
      "label": "False"
    },
    {
      "id": 34,
      "source": 32,
      "target": 33,
      "label": "True"
    },
    {
      "id": 35,
      "source": 33,
      "target": 34,
      "label": ""
    },
    {
      "id": 36,
      "source": 34,
      "target": 25,
      "label": ""
    },
    {
      "id": 37,
      "source": 32,
      "target": 35,
      "label": "False"
    },
    {
      "id": 38,
      "source": 35,
      "target": 36,
      "label": "True"
    },
    {
      "id": 39,
      "source": 36,
      "target": 37,
      "label": "True"
    },
    {
      "id": 40,
      "source": 37,
      "target": 38,
      "label": ""
    },
    {
      "id": 41,
      "source": 36,
      "target": 39,
      "label": "False"
    },
    {
      "id": 42,
      "source": 39,
      "target": 38,
      "label": ""
    },
    {
      "id": 43,
      "source": 38,
      "target": 40,
      "label": ""
    },
    {
      "id": 44,
      "source": 40,
      "target": 25,
      "label": ""
    },
    {
      "id": 45,
      "source": 35,
      "target": 25,
      "label": "False"
    },
    {
      "id": 46,
      "source": 25,
      "target": 10,
      "label": ""
    },
    {
      "id": 47,
      "source": 10,
      "target": 42,
      "label": "Throws"
    },
    {
      "id": 48,
      "source": 42,
      "target": 43,
      "label": ""
    },
    {
      "id": 49,
      "source": 43,
      "target": 44,
      "label": ""
    },
    {
      "id": 50,
      "source": 44,
      "target": 41,
      "label": ""
    },
    {
      "id": 51,
      "source": 41,
      "target": 10,
      "label": ""
    },
    {
      "id": 52,
      "source": 10,
      "target": 2,
      "label": ""
    },
    {
      "id": 53,
      "source": 3,
      "target": 45,
      "label": ""
    }
  ]
}
