{
  "directed": true,
  "multigraph": true,
  "label": "CFG of 39710.java",
  "type": "Control Flow Graph (CFG)",
  "file": "39710.java",
  "package": "",

  "nodes": [
    {
      "id": 0,
      "line": 8,
      "label": "Coordinate (int x, int y)"
    },
    {
      "id": 1,
      "line": 9,
      "label": "this.x = x"
    },
    {
      "id": 2,
      "line": 10,
      "label": "this.y = y"
    },
    {
      "id": 3,
      "line": 13,
      "label": "int getX()"
    },
    {
      "id": 4,
      "line": 14,
      "label": "return x;"
    },
    {
      "id": 5,
      "line": 17,
      "label": "int getY()"
    },
    {
      "id": 6,
      "line": 18,
      "label": "return y;"
    },
    {
      "id": 7,
      "line": 21,
      "label": "Coordinate move(int deltaX, int deltaY)"
    },
    {
      "id": 8,
      "line": 22,
      "label": "return new Coordinate(x + deltaX, y + deltaY);"
    },
    {
      "id": 9,
      "line": 25,
      "label": "int distanceTo(Coordinate other)"
    },
    {
      "id": 10,
      "line": 26,
      "label": "Objects.requireNonNull(other, 'other must not be null')"
    },
    {
      "id": 11,
      "line": 27,
      "label": "int dx = x - other.x"
    },
    {
      "id": 12,
      "line": 28,
      "label": "int dy = y - other.y"
    },
    {
      "id": 13,
      "line": 29,
      "label": "return (int) Math.round(Math.sqrt(dx * dx + dy * dy));"
    },
    {
      "id": 14,
      "line": 33,
      "label": "boolean equals(Object o)"
    },
    {
      "id": 15,
      "line": 34,
      "label": "if (this == o)"
    },
    {
      "id": 16,
      "line": 34,
      "label": "return true;"
    },
    {
      "id": 17,
      "line": 0,
      "label": "endif"
    },
    {
      "id": 18,
      "line": 35,
      "label": "if (!(o instanceof Coordinate))"
    },
    {
      "id": 19,
      "line": 35,
      "label": "return false;"
    },
    {
      "id": 20,
      "line": 0,
      "label": "endif"
    },
    {
      "id": 21,
      "line": 36,
      "label": "Coordinate that = (Coordinate) o"
    },
    {
      "id": 22,
      "line": 37,
      "label": "return x == that.x && y == that.y;"
    },
    {
      "id": 23,
      "line": 41,
      "label": "int hashCode()"
    },
    {
      "id": 24,
      "line": 42,
      "label": "return Objects.hash(x, y);"
    },
    {
      "id": 25,
      "line": 46,
      "label": "String toString()"
    },
    {
      "id": 26,
      "line": 47,
      "label": "return '(' + x + ', ' + y + ')';"
    }
  ],

  "edges": [
    {
      "id": 0,
      "source": 0,
      "target": 1,
      "label": ""
    },
    {
      "id": 1,
      "source": 1,
      "target": 2,
      "label": ""
    },
    {
      "id": 2,
      "source": 3,
      "target": 4,
      "label": ""
    },
    {
      "id": 3,
      "source": 5,
      "target": 6,
      "label": ""
    },
    {
      "id": 4,
      "source": 7,
      "target": 8,
      "label": ""
    },
    {
      "id": 5,
      "source": 9,
      "target": 10,
      "label": ""
    },
    {
      "id": 6,
      "source": 10,
      "target": 11,
      "label": ""
    },
    {
      "id": 7,
      "source": 11,
      "target": 12,
      "label": ""
    },
    {
      "id": 8,
      "source": 12,
      "target": 13,
      "label": ""
    },
    {
      "id": 9,
      "source": 14,
      "target": 15,
      "label": ""
    },
    {
      "id": 10,
      "source": 15,
      "target": 16,
      "label": "True"
    },
    {
      "id": 11,
      "source": 15,
      "target": 17,
      "label": "False"
    },
    {
      "id": 12,
      "source": 17,
      "target": 18,
      "label": ""
    },
    {
      "id": 13,
      "source": 18,
      "target": 19,
      "label": "True"
    },
    {
      "id": 14,
      "source": 18,
      "target": 20,
      "label": "False"
    },
    {
      "id": 15,
      "source": 20,
      "target": 21,
      "label": ""
    },
    {
      "id": 16,
      "source": 21,
      "target": 22,
      "label": ""
    },
    {
      "id": 17,
      "source": 23,
      "target": 24,
      "label": ""
    },
    {
      "id": 18,
      "source": 25,
      "target": 26,
      "label": ""
    }
  ]
}
