{
  "directed": true,
  "multigraph": true,
  "label": "CFG of 39711.java",
  "type": "Control Flow Graph (CFG)",
  "file": "39711.java",
  "package": "",

  "nodes": [
    {
      "id": 0,
      "line": 2,
      "label": "boolean overlaps(long start1, long end1, long start2, long end2)"
    },
    {
      "id": 1,
      "line": 3,
      "label": "if (start1 > end1 || start2 > end2)"
    },
    {
      "id": 2,
      "line": 4,
      "label": "throw new IllegalArgumentException('Start must be less than or equal to End')"
    },
    {
      "id": 3,
      "line": 0,
      "label": "endif"
    },
    {
      "id": 4,
      "line": 6,
      "label": "return Math.max(start1, start2) <= Math.min(end1, end2);"
    },
    {
      "id": 5,
      "line": 9,
      "label": "long overlapLength(long start1, long end1, long start2, long end2)"
    },
    {
      "id": 6,
      "line": 10,
      "label": "if (start1 > end1 || start2 > end2)"
    },
    {
      "id": 7,
      "line": 11,
      "label": "throw new IllegalArgumentException('Start must be less than or equal to End')"
    },
    {
      "id": 8,
      "line": 0,
      "label": "endif"
    },
    {
      "id": 9,
      "line": 13,
      "label": "long maxStart = Math.max(start1, start2)"
    },
    {
      "id": 10,
      "line": 14,
      "label": "long minEnd = Math.min(end1, end2)"
    },
    {
      "id": 11,
      "line": 15,
      "label": "return Math.max(0, minEnd - maxStart);"
    }
  ],

  "edges": [
    {
      "id": 0,
      "source": 0,
      "target": 1,
      "label": ""
    },
    {
      "id": 1,
      "source": 1,
      "target": 2,
      "label": "True"
    },
    {
      "id": 2,
      "source": 1,
      "target": 3,
      "label": "False"
    },
    {
      "id": 3,
      "source": 3,
      "target": 4,
      "label": ""
    },
    {
      "id": 4,
      "source": 5,
      "target": 6,
      "label": ""
    },
    {
      "id": 5,
      "source": 6,
      "target": 7,
      "label": "True"
    },
    {
      "id": 6,
      "source": 6,
      "target": 8,
      "label": "False"
    },
    {
      "id": 7,
      "source": 8,
      "target": 9,
      "label": ""
    },
    {
      "id": 8,
      "source": 9,
      "target": 10,
      "label": ""
    },
    {
      "id": 9,
      "source": 10,
      "target": 11,
      "label": ""
    }
  ]
}
