{
  "directed": true,
  "multigraph": true,
  "label": "CFG of 39782.java",
  "type": "Control Flow Graph (CFG)",
  "file": "39782.java",
  "package": "com.example",

  "nodes": [
    {
      "id": 0,
      "line": 13,
      "label": "EmailValidator ()"
    },
    {
      "id": 1,
      "line": 14,
      "label": "throw new AssertionError('Utility class')"
    },
    {
      "id": 2,
      "line": 17,
      "label": "boolean isValid(String email)"
    },
    {
      "id": 3,
      "line": 18,
      "label": "return email != null && EMAIL_PATTERN.matcher(email).matches();"
    },
    {
      "id": 4,
      "line": 21,
      "label": "void validate(String email)"
    },
    {
      "id": 5,
      "line": 22,
      "label": "if (!isValid(email))"
    },
    {
      "id": 6,
      "line": 23,
      "label": "throw new IllegalArgumentException('Invalid email: ' + email)"
    },
    {
      "id": 7,
      "line": 0,
      "label": "endif"
    },
    {
      "id": 8,
      "line": 27,
      "label": "String normalize(String email)"
    },
    {
      "id": 9,
      "line": 28,
      "label": "Objects.requireNonNull(email, 'email must not be null')"
    },
    {
      "id": 10,
      "line": 29,
      "label": "String normalized = email.trim().toLowerCase()"
    },
    {
      "id": 11,
      "line": 30,
      "label": "validate(normalized)"
    },
    {
      "id": 12,
      "line": 31,
      "label": "return normalized;"
    }
  ],

  "edges": [
    {
      "id": 0,
      "source": 0,
      "target": 1,
      "label": ""
    },
    {
      "id": 1,
      "source": 2,
      "target": 3,
      "label": ""
    },
    {
      "id": 2,
      "source": 4,
      "target": 5,
      "label": ""
    },
    {
      "id": 3,
      "source": 5,
      "target": 6,
      "label": "True"
    },
    {
      "id": 4,
      "source": 5,
      "target": 7,
      "label": "False"
    },
    {
      "id": 5,
      "source": 8,
      "target": 9,
      "label": ""
    },
    {
      "id": 6,
      "source": 9,
      "target": 10,
      "label": ""
    },
    {
      "id": 7,
      "source": 10,
      "target": 11,
      "label": ""
    },
    {
      "id": 8,
      "source": 11,
      "target": 12,
      "label": ""
    }
  ]
}
