{
  "directed": true,
  "multigraph": true,
  "label": "CFG of 39783.java",
  "type": "Control Flow Graph (CFG)",
  "file": "39783.java",
  "package": "",

  "nodes": [
    {
      "id": 0,
      "line": 17,
      "label": "RandomStringGenerator (int length)"
    },
    {
      "id": 1,
      "line": 18,
      "label": "this(length, true, true, true, DEFAULT_RANDOM)"
    },
    {
      "id": 2,
      "line": 21,
      "label": "RandomStringGenerator (int length, boolean useUpper, boolean useLower, boolean useDigits)"
    },
    {
      "id": 3,
      "line": 22,
      "label": "this(length, useUpper, useLower, useDigits, DEFAULT_RANDOM)"
    },
    {
      "id": 4,
      "line": 25,
      "label": "RandomStringGenerator (int length, boolean useUpper, boolean useLower, boolean useDigits, Random random)"
    },
    {
      "id": 5,
      "line": 26,
      "label": "if (length <= 0)"
    },
    {
      "id": 6,
      "line": 26,
      "label": "throw new IllegalArgumentException('Length must be > 0')"
    },
    {
      "id": 7,
      "line": 0,
      "label": "endif"
    },
    {
      "id": 8,
      "line": 27,
      "label": "if (random == null)"
    },
    {
      "id": 9,
      "line": 27,
      "label": "throw new NullPointerException('Random must not be null')"
    },
    {
      "id": 10,
      "line": 0,
      "label": "endif"
    },
    {
      "id": 11,
      "line": 28,
      "label": "this.random = random"
    },
    {
      "id": 12,
      "line": 29,
      "label": "this.buffer = new char[length]"
    },
    {
      "id": 13,
      "line": 31,
      "label": "int symbolCount = 0"
    },
    {
      "id": 14,
      "line": 32,
      "label": "if (useUpper)"
    },
    {
      "id": 15,
      "line": 32,
      "label": "symbolCount += UPPER.length"
    },
    {
      "id": 16,
      "line": 0,
      "label": "endif"
    },
    {
      "id": 17,
      "line": 33,
      "label": "if (useLower)"
    },
    {
      "id": 18,
      "line": 33,
      "label": "symbolCount += LOWER.length"
    },
    {
      "id": 19,
      "line": 0,
      "label": "endif"
    },
    {
      "id": 20,
      "line": 34,
      "label": "if (useDigits)"
    },
    {
      "id": 21,
      "line": 34,
      "label": "symbolCount += DIGITS.length"
    },
    {
      "id": 22,
      "line": 0,
      "label": "endif"
    },
    {
      "id": 23,
      "line": 36,
      "label": "if (symbolCount == 0)"
    },
    {
      "id": 24,
      "line": 36,
      "label": "throw new IllegalArgumentException('At least one character group must be enabled')"
    },
    {
      "id": 25,
      "line": 0,
      "label": "endif"
    },
    {
      "id": 26,
      "line": 38,
      "label": "symbols = new char[symbolCount]"
    },
    {
      "id": 27,
      "line": 39,
      "label": "int pos = 0"
    },
    {
      "id": 28,
      "line": 40,
      "label": "if (useUpper)"
    },
    {
      "id": 29,
      "line": 40,
      "label": "System.arraycopy(UPPER, 0, symbols, pos, UPPER.length)"
    },
    {
      "id": 30,
      "line": 40,
      "label": "pos += UPPER.length"
    },
    {
      "id": 31,
      "line": 0,
      "label": "endif"
    },
    {
      "id": 32,
      "line": 41,
      "label": "if (useLower)"
    },
    {
      "id": 33,
      "line": 41,
      "label": "System.arraycopy(LOWER, 0, symbols, pos, LOWER.length)"
    },
    {
      "id": 34,
      "line": 41,
      "label": "pos += LOWER.length"
    },
    {
      "id": 35,
      "line": 0,
      "label": "endif"
    },
    {
      "id": 36,
      "line": 42,
      "label": "if (useDigits)"
    },
    {
      "id": 37,
      "line": 42,
      "label": "System.arraycopy(DIGITS, 0, symbols, pos, DIGITS.length)"
    },
    {
      "id": 38,
      "line": 0,
      "label": "endif"
    },
    {
      "id": 39,
      "line": 45,
      "label": "String next()"
    },
    {
      "id": 40,
      "line": 46,
      "label": "int idx = 0"
    },
    {
      "id": 41,
      "line": 46,
      "label": "for (idx < buffer.length)"
    },
    {
      "id": 42,
      "line": 46,
      "label": "++idx"
    },
    {
      "id": 43,
      "line": 0,
      "label": "endfor"
    },
    {
      "id": 44,
      "line": 47,
      "label": "buffer[idx] = symbols[random.nextInt(symbols.length)]"
    },
    {
      "id": 45,
      "line": 49,
      "label": "return new String(buffer);"
    },
    {
      "id": 46,
      "line": 52,
      "label": "String randomAlphanumeric(int length)"
    },
    {
      "id": 47,
      "line": 53,
      "label": "if (length <= 0)"
    },
    {
      "id": 48,
      "line": 53,
      "label": "throw new IllegalArgumentException('Length must be > 0')"
    },
    {
      "id": 49,
      "line": 0,
      "label": "endif"
    },
    {
      "id": 50,
      "line": 54,
      "label": "char[] buf = new char[length]"
    },
    {
      "id": 51,
      "line": 55,
      "label": "int i = 0"
    },
    {
      "id": 52,
      "line": 55,
      "label": "for (i < length)"
    },
    {
      "id": 53,
      "line": 55,
      "label": "++i"
    },
    {
      "id": 54,
      "line": 0,
      "label": "endfor"
    },
    {
      "id": 55,
      "line": 56,
      "label": "buf[i] = ALPHANUM[DEFAULT_RANDOM.nextInt(ALPHANUM.length)]"
    },
    {
      "id": 56,
      "line": 58,
      "label": "return new String(buf);"
    },
    {
      "id": 57,
      "line": 61,
      "label": "String randomAlphabetic(int length)"
    },
    {
      "id": 58,
      "line": 62,
      "label": "return new RandomStringGenerator(length, true, true, false).next();"
    },
    {
      "id": 59,
      "line": 65,
      "label": "String randomNumeric(int length)"
    },
    {
      "id": 60,
      "line": 66,
      "label": "if (length <= 0)"
    },
    {
      "id": 61,
      "line": 66,
      "label": "throw new IllegalArgumentException('Length must be > 0')"
    },
    {
      "id": 62,
      "line": 0,
      "label": "endif"
    },
    {
      "id": 63,
      "line": 67,
      "label": "char[] buf = new char[length]"
    },
    {
      "id": 64,
      "line": 68,
      "label": "int i = 0"
    },
    {
      "id": 65,
      "line": 68,
      "label": "for (i < length)"
    },
    {
      "id": 66,
      "line": 68,
      "label": "++i"
    },
    {
      "id": 67,
      "line": 0,
      "label": "endfor"
    },
    {
      "id": 68,
      "line": 69,
      "label": "buf[i] = DIGITS[DEFAULT_RANDOM.nextInt(DIGITS.length)]"
    },
    {
      "id": 69,
      "line": 71,
      "label": "return new String(buf);"
    },
    {
      "id": 70,
      "line": 74,
      "label": "String random(int length)"
    },
    {
      "id": 71,
      "line": 75,
      "label": "return randomAlphanumeric(length);"
    }
  ],

  "edges": [
    {
      "id": 0,
      "source": 0,
      "target": 1,
      "label": ""
    },
    {
      "id": 1,
      "source": 2,
      "target": 3,
      "label": ""
    },
    {
      "id": 2,
      "source": 4,
      "target": 5,
      "label": ""
    },
    {
      "id": 3,
      "source": 5,
      "target": 6,
      "label": "True"
    },
    {
      "id": 4,
      "source": 5,
      "target": 7,
      "label": "False"
    },
    {
      "id": 5,
      "source": 7,
      "target": 8,
      "label": ""
    },
    {
      "id": 6,
      "source": 8,
      "target": 9,
      "label": "True"
    },
    {
      "id": 7,
      "source": 8,
      "target": 10,
      "label": "False"
    },
    {
      "id": 8,
      "source": 10,
      "target": 11,
      "label": ""
    },
    {
      "id": 9,
      "source": 11,
      "target": 12,
      "label": ""
    },
    {
      "id": 10,
      "source": 12,
      "target": 13,
      "label": ""
    },
    {
      "id": 11,
      "source": 13,
      "target": 14,
      "label": ""
    },
    {
      "id": 12,
      "source": 14,
      "target": 15,
      "label": "True"
    },
    {
      "id": 13,
      "source": 15,
      "target": 16,
      "label": ""
    },
    {
      "id": 14,
      "source": 14,
      "target": 16,
      "label": "False"
    },
    {
      "id": 15,
      "source": 16,
      "target": 17,
      "label": ""
    },
    {
      "id": 16,
      "source": 17,
      "target": 18,
      "label": "True"
    },
    {
      "id": 17,
      "source": 18,
      "target": 19,
      "label": ""
    },
    {
      "id": 18,
      "source": 17,
      "target": 19,
      "label": "False"
    },
    {
      "id": 19,
      "source": 19,
      "target": 20,
      "label": ""
    },
    {
      "id": 20,
      "source": 20,
      "target": 21,
      "label": "True"
    },
    {
      "id": 21,
      "source": 21,
      "target": 22,
      "label": ""
    },
    {
      "id": 22,
      "source": 20,
      "target": 22,
      "label": "False"
    },
    {
      "id": 23,
      "source": 22,
      "target": 23,
      "label": ""
    },
    {
      "id": 24,
      "source": 23,
      "target": 24,
      "label": "True"
    },
    {
      "id": 25,
      "source": 23,
      "target": 25,
      "label": "False"
    },
    {
      "id": 26,
      "source": 25,
      "target": 26,
      "label": ""
    },
    {
      "id": 27,
      "source": 26,
      "target": 27,
      "label": ""
    },
    {
      "id": 28,
      "source": 27,
      "target": 28,
      "label": ""
    },
    {
      "id": 29,
      "source": 28,
      "target": 29,
      "label": "True"
    },
    {
      "id": 30,
      "source": 29,
      "target": 30,
      "label": ""
    },
    {
      "id": 31,
      "source": 30,
      "target": 31,
      "label": ""
    },
    {
      "id": 32,
      "source": 28,
      "target": 31,
      "label": "False"
    },
    {
      "id": 33,
      "source": 31,
      "target": 32,
      "label": ""
    },
    {
      "id": 34,
      "source": 32,
      "target": 33,
      "label": "True"
    },
    {
      "id": 35,
      "source": 33,
      "target": 34,
      "label": ""
    },
    {
      "id": 36,
      "source": 34,
      "target": 35,
      "label": ""
    },
    {
      "id": 37,
      "source": 32,
      "target": 35,
      "label": "False"
    },
    {
      "id": 38,
      "source": 35,
      "target": 36,
      "label": ""
    },
    {
      "id": 39,
      "source": 36,
      "target": 37,
      "label": "True"
    },
    {
      "id": 40,
      "source": 37,
      "target": 38,
      "label": ""
    },
    {
      "id": 41,
      "source": 36,
      "target": 38,
      "label": "False"
    },
    {
      "id": 42,
      "source": 39,
      "target": 40,
      "label": ""
    },
    {
      "id": 43,
      "source": 40,
      "target": 41,
      "label": ""
    },
    {
      "id": 44,
      "source": 41,
      "target": 43,
      "label": "False"
    },
    {
      "id": 45,
      "source": 41,
      "target": 44,
      "label": "True"
    },
    {
      "id": 46,
      "source": 44,
      "target": 42,
      "label": ""
    },
    {
      "id": 47,
      "source": 42,
      "target": 41,
      "label": ""
    },
    {
      "id": 48,
      "source": 43,
      "target": 45,
      "label": ""
    },
    {
      "id": 49,
      "source": 46,
      "target": 47,
      "label": ""
    },
    {
      "id": 50,
      "source": 47,
      "target": 48,
      "label": "True"
    },
    {
      "id": 51,
      "source": 47,
      "target": 49,
      "label": "False"
    },
    {
      "id": 52,
      "source": 49,
      "target": 50,
      "label": ""
    },
    {
      "id": 53,
      "source": 50,
      "target": 51,
      "label": ""
    },
    {
      "id": 54,
      "source": 51,
      "target": 52,
      "label": ""
    },
    {
      "id": 55,
      "source": 52,
      "target": 54,
      "label": "False"
    },
    {
      "id": 56,
      "source": 52,
      "target": 55,
      "label": "True"
    },
    {
      "id": 57,
      "source": 55,
      "target": 53,
      "label": ""
    },
    {
      "id": 58,
      "source": 53,
      "target": 52,
      "label": ""
    },
    {
      "id": 59,
      "source": 54,
      "target": 56,
      "label": ""
    },
    {
      "id": 60,
      "source": 57,
      "target": 58,
      "label": ""
    },
    {
      "id": 61,
      "source": 59,
      "target": 60,
      "label": ""
    },
    {
      "id": 62,
      "source": 60,
      "target": 61,
      "label": "True"
    },
    {
      "id": 63,
      "source": 60,
      "target": 62,
      "label": "False"
    },
    {
      "id": 64,
      "source": 62,
      "target": 63,
      "label": ""
    },
    {
      "id": 65,
      "source": 63,
      "target": 64,
      "label": ""
    },
    {
      "id": 66,
      "source": 64,
      "target": 65,
      "label": ""
    },
    {
      "id": 67,
      "source": 65,
      "target": 67,
      "label": "False"
    },
    {
      "id": 68,
      "source": 65,
      "target": 68,
      "label": "True"
    },
    {
      "id": 69,
      "source": 68,
      "target": 66,
      "label": ""
    },
    {
      "id": 70,
      "source": 66,
      "target": 65,
      "label": ""
    },
    {
      "id": 71,
      "source": 67,
      "target": 69,
      "label": ""
    },
    {
      "id": 72,
      "source": 70,
      "target": 71,
      "label": ""
    }
  ]
}
