{
  "directed": true,
  "multigraph": true,
  "label": "CFG of 39974.java",
  "type": "Control Flow Graph (CFG)",
  "file": "39974.java",
  "package": "",

  "nodes": [
    {
      "id": 0,
      "line": 2,
      "label": "String toRoman(int num)"
    },
    {
      "id": 1,
      "line": 3,
      "label": "if (num < 1 || num > 3999)"
    },
    {
      "id": 2,
      "line": 4,
      "label": "throw new IllegalArgumentException('Input must be between 1 and 3999')"
    },
    {
      "id": 3,
      "line": 0,
      "label": "endif"
    },
    {
      "id": 4,
      "line": 6,
      "label": "int[] values = {1000, 900, 500, 400, 100, 90, 50, 40, 10, 9, 5, 4, 1}"
    },
    {
      "id": 5,
      "line": 7,
      "label": "String[] symbols = {'M', 'CM', 'D', 'CD', 'C', 'XC', 'L', 'XL', 'X', 'IX', 'V', 'IV', 'I'}"
    },
    {
      "id": 6,
      "line": 8,
      "label": "StringBuilder roman = new StringBuilder()"
    },
    {
      "id": 7,
      "line": 9,
      "label": "int i = 0"
    },
    {
      "id": 8,
      "line": 9,
      "label": "for (i < values.length)"
    },
    {
      "id": 9,
      "line": 9,
      "label": "i++"
    },
    {
      "id": 10,
      "line": 0,
      "label": "endfor"
    },
    {
      "id": 11,
      "line": 10,
      "label": "while (num >= values[i])"
    },
    {
      "id": 12,
      "line": 0,
      "label": "endwhile"
    },
    {
      "id": 13,
      "line": 11,
      "label": "roman.append(symbols[i])"
    },
    {
      "id": 14,
      "line": 12,
      "label": "num -= values[i]"
    },
    {
      "id": 15,
      "line": 15,
      "label": "return roman.toString();"
    }
  ],

  "edges": [
    {
      "id": 0,
      "source": 0,
      "target": 1,
      "label": ""
    },
    {
      "id": 1,
      "source": 1,
      "target": 2,
      "label": "True"
    },
    {
      "id": 2,
      "source": 1,
      "target": 3,
      "label": "False"
    },
    {
      "id": 3,
      "source": 3,
      "target": 4,
      "label": ""
    },
    {
      "id": 4,
      "source": 4,
      "target": 5,
      "label": ""
    },
    {
      "id": 5,
      "source": 5,
      "target": 6,
      "label": ""
    },
    {
      "id": 6,
      "source": 6,
      "target": 7,
      "label": ""
    },
    {
      "id": 7,
      "source": 7,
      "target": 8,
      "label": ""
    },
    {
      "id": 8,
      "source": 8,
      "target": 10,
      "label": "False"
    },
    {
      "id": 9,
      "source": 8,
      "target": 11,
      "label": "True"
    },
    {
      "id": 10,
      "source": 11,
      "target": 12,
      "label": "False"
    },
    {
      "id": 11,
      "source": 11,
      "target": 13,
      "label": "True"
    },
    {
      "id": 12,
      "source": 13,
      "target": 14,
      "label": ""
    },
    {
      "id": 13,
      "source": 14,
      "target": 11,
      "label": ""
    },
    {
      "id": 14,
      "source": 12,
      "target": 9,
      "label": ""
    },
    {
      "id": 15,
      "source": 9,
      "target": 8,
      "label": ""
    },
    {
      "id": 16,
      "source": 10,
      "target": 15,
      "label": ""
    }
  ]
}
