{
  "directed": true,
  "multigraph": true,
  "label": "CFG of 40060.java",
  "type": "Control Flow Graph (CFG)",
  "file": "40060.java",
  "package": "",

  "nodes": [
    {
      "id": 0,
      "line": 2,
      "label": "String reverse(String input)"
    },
    {
      "id": 1,
      "line": 3,
      "label": "if (input == null || input.isEmpty())"
    },
    {
      "id": 2,
      "line": 4,
      "label": "return input;"
    },
    {
      "id": 3,
      "line": 0,
      "label": "endif"
    },
    {
      "id": 4,
      "line": 6,
      "label": "StringBuilder sb = new StringBuilder(input)"
    },
    {
      "id": 5,
      "line": 7,
      "label": "return sb.reverse().toString();"
    }
  ],

  "edges": [
    {
      "id": 0,
      "source": 0,
      "target": 1,
      "label": ""
    },
    {
      "id": 1,
      "source": 1,
      "target": 2,
      "label": "True"
    },
    {
      "id": 2,
      "source": 1,
      "target": 3,
      "label": "False"
    },
    {
      "id": 3,
      "source": 3,
      "target": 4,
      "label": ""
    },
    {
      "id": 4,
      "source": 4,
      "target": 5,
      "label": ""
    }
  ]
}
