{
  "directed": true,
  "multigraph": true,
  "label": "CFG of 40169.java",
  "type": "Control Flow Graph (CFG)",
  "file": "40169.java",
  "package": "",

  "nodes": [
    {
      "id": 0,
      "line": 4,
      "label": "Optional<String> reverse(String str)"
    },
    {
      "id": 1,
      "line": 5,
      "label": "if (str == null || str.isEmpty())"
    },
    {
      "id": 2,
      "line": 6,
      "label": "return Optional.empty();"
    },
    {
      "id": 3,
      "line": 0,
      "label": "endif"
    },
    {
      "id": 4,
      "line": 8,
      "label": "return Optional.of(new StringBuilder(str).reverse().toString());"
    }
  ],

  "edges": [
    {
      "id": 0,
      "source": 0,
      "target": 1,
      "label": ""
    },
    {
      "id": 1,
      "source": 1,
      "target": 2,
      "label": "True"
    },
    {
      "id": 2,
      "source": 1,
      "target": 3,
      "label": "False"
    },
    {
      "id": 3,
      "source": 3,
      "target": 4,
      "label": ""
    }
  ]
}
