{
  "directed": true,
  "multigraph": true,
  "label": "CFG of 40207.java",
  "type": "Control Flow Graph (CFG)",
  "file": "40207.java",
  "package": "",

  "nodes": [
    {
      "id": 0,
      "line": 4,
      "label": "int romanToInt(String s)"
    },
    {
      "id": 1,
      "line": 5,
      "label": "int result = 0"
    },
    {
      "id": 2,
      "line": 6,
      "label": "int prevValue = 0"
    },
    {
      "id": 3,
      "line": 7,
      "label": "int i = s.length() - 1"
    },
    {
      "id": 4,
      "line": 7,
      "label": "for (i >= 0)"
    },
    {
      "id": 5,
      "line": 7,
      "label": "i--"
    },
    {
      "id": 6,
      "line": 0,
      "label": "endfor"
    },
    {
      "id": 7,
      "line": 8,
      "label": "int currentValue = mapRomanToInt(s.charAt(i))"
    },
    {
      "id": 8,
      "line": 9,
      "label": "if (currentValue < prevValue)"
    },
    {
      "id": 9,
      "line": 10,
      "label": "result -= currentValue"
    },
    {
      "id": 10,
      "line": 0,
      "label": "endif"
    },
    {
      "id": 11,
      "line": 12,
      "label": "result += currentValue"
    },
    {
      "id": 12,
      "line": 14,
      "label": "prevValue = currentValue"
    },
    {
      "id": 13,
      "line": 16,
      "label": "return result;"
    },
    {
      "id": 14,
      "line": 19,
      "label": "int mapRomanToInt(char roman)"
    },
    {
      "id": 15,
      "line": 20,
      "label": "switch (roman)"
    },
    {
      "id": 16,
      "line": 0,
      "label": "end-switch"
    },
    {
      "id": 17,
      "line": 21,
      "label": "case 'I':"
    },
    {
      "id": 18,
      "line": 22,
      "label": "return 1;"
    },
    {
      "id": 19,
      "line": 23,
      "label": "case 'V':"
    },
    {
      "id": 20,
      "line": 24,
      "label": "return 5;"
    },
    {
      "id": 21,
      "line": 25,
      "label": "case 'X':"
    },
    {
      "id": 22,
      "line": 26,
      "label": "return 10;"
    },
    {
      "id": 23,
      "line": 27,
      "label": "case 'L':"
    },
    {
      "id": 24,
      "line": 28,
      "label": "return 50;"
    },
    {
      "id": 25,
      "line": 29,
      "label": "case 'C':"
    },
    {
      "id": 26,
      "line": 30,
      "label": "return 100;"
    },
    {
      "id": 27,
      "line": 31,
      "label": "case 'D':"
    },
    {
      "id": 28,
      "line": 32,
      "label": "return 500;"
    },
    {
      "id": 29,
      "line": 33,
      "label": "case 'M':"
    },
    {
      "id": 30,
      "line": 34,
      "label": "return 1000;"
    },
    {
      "id": 31,
      "line": 35,
      "label": "default:"
    },
    {
      "id": 32,
      "line": 36,
      "label": "throw new IllegalArgumentException('Invalid Roman numeral: ' + roman)"
    },
    {
      "id": 33,
      "line": 40,
      "label": "void main(String[] args)"
    },
    {
      "id": 34,
      "line": 41,
      "label": "Scanner scanner = new Scanner(System.in)"
    },
    {
      "id": 35,
      "line": 42,
      "label": "System.out.print('Enter a Roman numeral: ')"
    },
    {
      "id": 36,
      "line": 43,
      "label": "String romanNumeral = scanner.nextLine()"
    },
    {
      "id": 37,
      "line": 44,
      "label": "int integerValue = romanToInt(romanNumeral)"
    },
    {
      "id": 38,
      "line": 45,
      "label": "System.out.println('Integer value: ' + integerValue)"
    }
  ],

  "edges": [
    {
      "id": 0,
      "source": 0,
      "target": 1,
      "label": ""
    },
    {
      "id": 1,
      "source": 1,
      "target": 2,
      "label": ""
    },
    {
      "id": 2,
      "source": 2,
      "target": 3,
      "label": ""
    },
    {
      "id": 3,
      "source": 3,
      "target": 4,
      "label": ""
    },
    {
      "id": 4,
      "source": 4,
      "target": 6,
      "label": "False"
    },
    {
      "id": 5,
      "source": 4,
      "target": 7,
      "label": "True"
    },
    {
      "id": 6,
      "source": 7,
      "target": 8,
      "label": ""
    },
    {
      "id": 7,
      "source": 8,
      "target": 9,
      "label": "True"
    },
    {
      "id": 8,
      "source": 9,
      "target": 10,
      "label": ""
    },
    {
      "id": 9,
      "source": 8,
      "target": 11,
      "label": "False"
    },
    {
      "id": 10,
      "source": 11,
      "target": 10,
      "label": ""
    },
    {
      "id": 11,
      "source": 10,
      "target": 12,
      "label": ""
    },
    {
      "id": 12,
      "source": 12,
      "target": 5,
      "label": ""
    },
    {
      "id": 13,
      "source": 5,
      "target": 4,
      "label": ""
    },
    {
      "id": 14,
      "source": 6,
      "target": 13,
      "label": ""
    },
    {
      "id": 15,
      "source": 14,
      "target": 15,
      "label": ""
    },
    {
      "id": 16,
      "source": 15,
      "target": 17,
      "label": ""
    },
    {
      "id": 17,
      "source": 17,
      "target": 18,
      "label": "True"
    },
    {
      "id": 18,
      "source": 17,
      "target": 19,
      "label": "False"
    },
    {
      "id": 19,
      "source": 19,
      "target": 20,
      "label": "True"
    },
    {
      "id": 20,
      "source": 19,
      "target": 21,
      "label": "False"
    },
    {
      "id": 21,
      "source": 21,
      "target": 22,
      "label": "True"
    },
    {
      "id": 22,
      "source": 21,
      "target": 23,
      "label": "False"
    },
    {
      "id": 23,
      "source": 23,
      "target": 24,
      "label": "True"
    },
    {
      "id": 24,
      "source": 23,
      "target": 25,
      "label": "False"
    },
    {
      "id": 25,
      "source": 25,
      "target": 26,
      "label": "True"
    },
    {
      "id": 26,
      "source": 25,
      "target": 27,
      "label": "False"
    },
    {
      "id": 27,
      "source": 27,
      "target": 28,
      "label": "True"
    },
    {
      "id": 28,
      "source": 27,
      "target": 29,
      "label": "False"
    },
    {
      "id": 29,
      "source": 29,
      "target": 30,
      "label": "True"
    },
    {
      "id": 30,
      "source": 29,
      "target": 31,
      "label": "False"
    },
    {
      "id": 31,
      "source": 31,
      "target": 32,
      "label": ""
    },
    {
      "id": 32,
      "source": 33,
      "target": 34,
      "label": ""
    },
    {
      "id": 33,
      "source": 34,
      "target": 35,
      "label": ""
    },
    {
      "id": 34,
      "source": 35,
      "target": 36,
      "label": ""
    },
    {
      "id": 35,
      "source": 36,
      "target": 37,
      "label": ""
    },
    {
      "id": 36,
      "source": 37,
      "target": 38,
      "label": ""
    }
  ]
}
