{
  "directed": true,
  "multigraph": true,
  "label": "CFG of 40206.java",
  "type": "Control Flow Graph (CFG)",
  "file": "40206.java",
  "package": "",

  "nodes": [
    {
      "id": 0,
      "line": 6,
      "label": "void main(String[] args)"
    },
    {
      "id": 1,
      "line": 7,
      "label": "try"
    },
    {
      "id": 2,
      "line": 7,
      "label": "BufferedReader reader = new BufferedReader(new InputStreamReader(System.in))"
    },
    {
      "id": 3,
      "line": 0,
      "label": "end-try"
    },
    {
      "id": 4,
      "line": 8,
      "label": "System.out.print('Enter a non-negative integer: ')"
    },
    {
      "id": 5,
      "line": 9,
      "label": "int number = Integer.parseInt(reader.readLine())"
    },
    {
      "id": 6,
      "line": 10,
      "label": "if (number < 0)"
    },
    {
      "id": 7,
      "line": 11,
      "label": "throw new IllegalArgumentException('Input must be non-negative.')"
    },
    {
      "id": 8,
      "line": 0,
      "label": "endif"
    },
    {
      "id": 9,
      "line": 13,
      "label": "long factorial = calculateFactorial(number)"
    },
    {
      "id": 10,
      "line": 14,
      "label": "System.out.println('Factorial of ' + number + ' is: ' + factorial)"
    },
    {
      "id": 11,
      "line": 0,
      "label": "end-catch"
    },
    {
      "id": 12,
      "line": 15,
      "label": "catch (IOException|IllegalArgumentException e)"
    },
    {
      "id": 13,
      "line": 16,
      "label": "System.err.println('Error: ' + e.getMessage())"
    },
    {
      "id": 14,
      "line": 20,
      "label": "long calculateFactorial(int n)"
    },
    {
      "id": 15,
      "line": 21,
      "label": "if (n == 0)"
    },
    {
      "id": 16,
      "line": 22,
      "label": "return 1;"
    },
    {
      "id": 17,
      "line": 0,
      "label": "endif"
    },
    {
      "id": 18,
      "line": 24,
      "label": "return n * calculateFactorial(n - 1);"
    }
  ],

  "edges": [
    {
      "id": 0,
      "source": 0,
      "target": 1,
      "label": ""
    },
    {
      "id": 1,
      "source": 1,
      "target": 2,
      "label": ""
    },
    {
      "id": 2,
      "source": 2,
      "target": 4,
      "label": ""
    },
    {
      "id": 3,
      "source": 4,
      "target": 5,
      "label": ""
    },
    {
      "id": 4,
      "source": 5,
      "target": 6,
      "label": ""
    },
    {
      "id": 5,
      "source": 6,
      "target": 7,
      "label": "True"
    },
    {
      "id": 6,
      "source": 7,
      "target": 3,
      "label": "Throws"
    },
    {
      "id": 7,
      "source": 6,
      "target": 8,
      "label": "False"
    },
    {
      "id": 8,
      "source": 8,
      "target": 9,
      "label": ""
    },
    {
      "id": 9,
      "source": 9,
      "target": 10,
      "label": ""
    },
    {
      "id": 10,
      "source": 10,
      "target": 3,
      "label": ""
    },
    {
      "id": 11,
      "source": 3,
      "target": 12,
      "label": "Throws"
    },
    {
      "id": 12,
      "source": 12,
      "target": 13,
      "label": ""
    },
    {
      "id": 13,
      "source": 13,
      "target": 11,
      "label": ""
    },
    {
      "id": 14,
      "source": 11,
      "target": 3,
      "label": ""
    },
    {
      "id": 15,
      "source": 14,
      "target": 15,
      "label": ""
    },
    {
      "id": 16,
      "source": 15,
      "target": 16,
      "label": "True"
    },
    {
      "id": 17,
      "source": 15,
      "target": 17,
      "label": "False"
    },
    {
      "id": 18,
      "source": 17,
      "target": 18,
      "label": ""
    }
  ]
}
