{
  "directed": true,
  "multigraph": true,
  "label": "CFG of 40294.java",
  "type": "Control Flow Graph (CFG)",
  "file": "40294.java",
  "package": "",

  "nodes": [
    {
      "id": 0,
      "line": 8,
      "label": "boolean isValidEmail(String email)"
    },
    {
      "id": 1,
      "line": 9,
      "label": "if (email == null || email.isEmpty())"
    },
    {
      "id": 2,
      "line": 10,
      "label": "return false;"
    },
    {
      "id": 3,
      "line": 0,
      "label": "endif"
    },
    {
      "id": 4,
      "line": 12,
      "label": "Matcher matcher = pattern.matcher(email)"
    },
    {
      "id": 5,
      "line": 13,
      "label": "return matcher.find();"
    },
    {
      "id": 6,
      "line": 16,
      "label": "void main(String[] args)"
    },
    {
      "id": 7,
      "line": 17,
      "label": "System.out.println(isValidEmail('test@example.com'))"
    },
    {
      "id": 8,
      "line": 18,
      "label": "System.out.println(isValidEmail('invalid_email'))"
    }
  ],

  "edges": [
    {
      "id": 0,
      "source": 0,
      "target": 1,
      "label": ""
    },
    {
      "id": 1,
      "source": 1,
      "target": 2,
      "label": "True"
    },
    {
      "id": 2,
      "source": 1,
      "target": 3,
      "label": "False"
    },
    {
      "id": 3,
      "source": 3,
      "target": 4,
      "label": ""
    },
    {
      "id": 4,
      "source": 4,
      "target": 5,
      "label": ""
    },
    {
      "id": 5,
      "source": 6,
      "target": 7,
      "label": ""
    },
    {
      "id": 6,
      "source": 7,
      "target": 8,
      "label": ""
    }
  ]
}
