{
  "directed": true,
  "multigraph": true,
  "label": "CFG of 40295.java",
  "type": "Control Flow Graph (CFG)",
  "file": "40295.java",
  "package": "",

  "nodes": [
    {
      "id": 0,
      "line": 7,
      "label": "String generate(int length)"
    },
    {
      "id": 1,
      "line": 8,
      "label": "if (length <= 0)"
    },
    {
      "id": 2,
      "line": 9,
      "label": "throw new IllegalArgumentException('Length must be positive')"
    },
    {
      "id": 3,
      "line": 0,
      "label": "endif"
    },
    {
      "id": 4,
      "line": 11,
      "label": "final String characters = 'ABCDEFGHIJKLMNOPQRSTUVWXYZabcdefghijklmnopqrstuvwxyz0123456789'"
    },
    {
      "id": 5,
      "line": 12,
      "label": "StringBuilder sb"
    },
    {
      "id": 6,
      "line": 13,
      "label": "String result"
    },
    {
      "id": 7,
      "line": 14,
      "label": "do"
    },
    {
      "id": 8,
      "line": 20,
      "label": "while (!generated.add(result))"
    },
    {
      "id": 9,
      "line": 0,
      "label": "end-do-while"
    },
    {
      "id": 10,
      "line": 15,
      "label": "sb = new StringBuilder(length)"
    },
    {
      "id": 11,
      "line": 16,
      "label": "int i = 0"
    },
    {
      "id": 12,
      "line": 16,
      "label": "for (i < length)"
    },
    {
      "id": 13,
      "line": 16,
      "label": "i++"
    },
    {
      "id": 14,
      "line": 0,
      "label": "endfor"
    },
    {
      "id": 15,
      "line": 17,
      "label": "sb.append(characters.charAt(random.nextInt(characters.length())))"
    },
    {
      "id": 16,
      "line": 19,
      "label": "result = sb.toString()"
    },
    {
      "id": 17,
      "line": 21,
      "label": "return result;"
    },
    {
      "id": 18,
      "line": 24,
      "label": "void main(String[] args)"
    },
    {
      "id": 19,
      "line": 25,
      "label": "UniqueStringGenerator generator = new UniqueStringGenerator()"
    },
    {
      "id": 20,
      "line": 26,
      "label": "System.out.println(generator.generate(10))"
    }
  ],

  "edges": [
    {
      "id": 0,
      "source": 0,
      "target": 1,
      "label": ""
    },
    {
      "id": 1,
      "source": 1,
      "target": 2,
      "label": "True"
    },
    {
      "id": 2,
      "source": 1,
      "target": 3,
      "label": "False"
    },
    {
      "id": 3,
      "source": 3,
      "target": 4,
      "label": ""
    },
    {
      "id": 4,
      "source": 4,
      "target": 5,
      "label": ""
    },
    {
      "id": 5,
      "source": 5,
      "target": 6,
      "label": ""
    },
    {
      "id": 6,
      "source": 6,
      "target": 7,
      "label": ""
    },
    {
      "id": 7,
      "source": 7,
      "target": 10,
      "label": ""
    },
    {
      "id": 8,
      "source": 10,
      "target": 11,
      "label": ""
    },
    {
      "id": 9,
      "source": 11,
      "target": 12,
      "label": ""
    },
    {
      "id": 10,
      "source": 12,
      "target": 14,
      "label": "False"
    },
    {
      "id": 11,
      "source": 12,
      "target": 15,
      "label": "True"
    },
    {
      "id": 12,
      "source": 15,
      "target": 13,
      "label": ""
    },
    {
      "id": 13,
      "source": 13,
      "target": 12,
      "label": ""
    },
    {
      "id": 14,
      "source": 14,
      "target": 16,
      "label": ""
    },
    {
      "id": 15,
      "source": 16,
      "target": 8,
      "label": ""
    },
    {
      "id": 16,
      "source": 8,
      "target": 7,
      "label": "True"
    },
    {
      "id": 17,
      "source": 8,
      "target": 9,
      "label": "False"
    },
    {
      "id": 18,
      "source": 9,
      "target": 17,
      "label": ""
    },
    {
      "id": 19,
      "source": 18,
      "target": 19,
      "label": ""
    },
    {
      "id": 20,
      "source": 19,
      "target": 20,
      "label": ""
    }
  ]
}
