{
  "directed": true,
  "multigraph": true,
  "label": "CFG of 40535.java",
  "type": "Control Flow Graph (CFG)",
  "file": "40535.java",
  "package": "",

  "nodes": [
    {
      "id": 0,
      "line": 4,
      "label": "String reverse(String input)"
    },
    {
      "id": 1,
      "line": 5,
      "label": "Objects.requireNonNull(input, 'Input string cannot be null')"
    },
    {
      "id": 2,
      "line": 6,
      "label": "char[] arr = input.toCharArray()"
    },
    {
      "id": 3,
      "line": 7,
      "label": "int left = 0, right = arr.length - 1"
    },
    {
      "id": 4,
      "line": 8,
      "label": "while (left < right)"
    },
    {
      "id": 5,
      "line": 0,
      "label": "endwhile"
    },
    {
      "id": 6,
      "line": 9,
      "label": "char temp = arr[left]"
    },
    {
      "id": 7,
      "line": 10,
      "label": "arr[left] = arr[right]"
    },
    {
      "id": 8,
      "line": 11,
      "label": "arr[right] = temp"
    },
    {
      "id": 9,
      "line": 12,
      "label": "left++"
    },
    {
      "id": 10,
      "line": 13,
      "label": "right--"
    },
    {
      "id": 11,
      "line": 15,
      "label": "return new String(arr);"
    },
    {
      "id": 12,
      "line": 18,
      "label": "void main(String[] args)"
    },
    {
      "id": 13,
      "line": 19,
      "label": "System.out.println(reverse('Hello World'))"
    }
  ],

  "edges": [
    {
      "id": 0,
      "source": 0,
      "target": 1,
      "label": ""
    },
    {
      "id": 1,
      "source": 1,
      "target": 2,
      "label": ""
    },
    {
      "id": 2,
      "source": 2,
      "target": 3,
      "label": ""
    },
    {
      "id": 3,
      "source": 3,
      "target": 4,
      "label": ""
    },
    {
      "id": 4,
      "source": 4,
      "target": 5,
      "label": "False"
    },
    {
      "id": 5,
      "source": 4,
      "target": 6,
      "label": "True"
    },
    {
      "id": 6,
      "source": 6,
      "target": 7,
      "label": ""
    },
    {
      "id": 7,
      "source": 7,
      "target": 8,
      "label": ""
    },
    {
      "id": 8,
      "source": 8,
      "target": 9,
      "label": ""
    },
    {
      "id": 9,
      "source": 9,
      "target": 10,
      "label": ""
    },
    {
      "id": 10,
      "source": 10,
      "target": 4,
      "label": ""
    },
    {
      "id": 11,
      "source": 5,
      "target": 11,
      "label": ""
    },
    {
      "id": 12,
      "source": 12,
      "target": 13,
      "label": ""
    }
  ]
}
