{
  "directed": true,
  "multigraph": true,
  "label": "CFG of 40534.java",
  "type": "Control Flow Graph (CFG)",
  "file": "40534.java",
  "package": "",

  "nodes": [
    {
      "id": 0,
      "line": 6,
      "label": "boolean isValid(String phoneNumber)"
    },
    {
      "id": 1,
      "line": 7,
      "label": "if (phoneNumber == null || phoneNumber.isEmpty())"
    },
    {
      "id": 2,
      "line": 8,
      "label": "throw new IllegalArgumentException('Phone number cannot be null or empty')"
    },
    {
      "id": 3,
      "line": 0,
      "label": "endif"
    },
    {
      "id": 4,
      "line": 10,
      "label": "return PHONE_NUMBER_PATTERN.matcher(phoneNumber).matches();"
    },
    {
      "id": 5,
      "line": 13,
      "label": "void main(String[] args)"
    },
    {
      "id": 6,
      "line": 14,
      "label": "PhoneNumberValidator validator = new PhoneNumberValidator()"
    },
    {
      "id": 7,
      "line": 15,
      "label": "System.out.println(validator.isValid('+1 123-456-7890'))"
    },
    {
      "id": 8,
      "line": 16,
      "label": "System.out.println(validator.isValid('(123) 456-7890'))"
    },
    {
      "id": 9,
      "line": 17,
      "label": "System.out.println(validator.isValid('123.456.7890'))"
    },
    {
      "id": 10,
      "line": 18,
      "label": "System.out.println(validator.isValid('1234567890'))"
    },
    {
      "id": 11,
      "line": 19,
      "label": "System.out.println(validator.isValid('123-456-789'))"
    },
    {
      "id": 12,
      "line": 20,
      "label": "try"
    },
    {
      "id": 13,
      "line": 0,
      "label": "end-try"
    },
    {
      "id": 14,
      "line": 21,
      "label": "System.out.println(validator.isValid(null))"
    },
    {
      "id": 15,
      "line": 0,
      "label": "end-catch"
    },
    {
      "id": 16,
      "line": 22,
      "label": "catch (IllegalArgumentException e)"
    },
    {
      "id": 17,
      "line": 23,
      "label": "System.out.println(e.getMessage())"
    }
  ],

  "edges": [
    {
      "id": 0,
      "source": 0,
      "target": 1,
      "label": ""
    },
    {
      "id": 1,
      "source": 1,
      "target": 2,
      "label": "True"
    },
    {
      "id": 2,
      "source": 1,
      "target": 3,
      "label": "False"
    },
    {
      "id": 3,
      "source": 3,
      "target": 4,
      "label": ""
    },
    {
      "id": 4,
      "source": 5,
      "target": 6,
      "label": ""
    },
    {
      "id": 5,
      "source": 6,
      "target": 7,
      "label": ""
    },
    {
      "id": 6,
      "source": 7,
      "target": 8,
      "label": ""
    },
    {
      "id": 7,
      "source": 8,
      "target": 9,
      "label": ""
    },
    {
      "id": 8,
      "source": 9,
      "target": 10,
      "label": ""
    },
    {
      "id": 9,
      "source": 10,
      "target": 11,
      "label": ""
    },
    {
      "id": 10,
      "source": 11,
      "target": 12,
      "label": ""
    },
    {
      "id": 11,
      "source": 12,
      "target": 14,
      "label": ""
    },
    {
      "id": 12,
      "source": 14,
      "target": 13,
      "label": ""
    },
    {
      "id": 13,
      "source": 13,
      "target": 16,
      "label": "Throws"
    },
    {
      "id": 14,
      "source": 16,
      "target": 17,
      "label": ""
    },
    {
      "id": 15,
      "source": 17,
      "target": 15,
      "label": ""
    },
    {
      "id": 16,
      "source": 15,
      "target": 13,
      "label": ""
    }
  ]
}
