{
  "directed": true,
  "multigraph": true,
  "label": "CFG of 40752.java",
  "type": "Control Flow Graph (CFG)",
  "file": "40752.java",
  "package": "com.example.temporal",

  "nodes": [
    {
      "id": 0,
      "line": 21,
      "label": "AstronomicalChronometer ()"
    },
    {
      "id": 1,
      "line": 33,
      "label": "String marsDurationBetween(String isoStart, String isoEnd)"
    },
    {
      "id": 2,
      "line": 34,
      "label": "Objects.requireNonNull(isoStart, 'start')"
    },
    {
      "id": 3,
      "line": 35,
      "label": "Objects.requireNonNull(isoEnd, 'end')"
    },
    {
      "id": 4,
      "line": 37,
      "label": "LocalDateTime start = LocalDateTime.parse(isoStart, DateTimeFormatter.ISO_LOCAL_DATE_TIME)"
    },
    {
      "id": 5,
      "line": 38,
      "label": "LocalDateTime end = LocalDateTime.parse(isoEnd, DateTimeFormatter.ISO_LOCAL_DATE_TIME)"
    },
    {
      "id": 6,
      "line": 40,
      "label": "if (end.isBefore(start))"
    },
    {
      "id": 7,
      "line": 41,
      "label": "throw new IllegalArgumentException('End timestamp precedes start')"
    },
    {
      "id": 8,
      "line": 0,
      "label": "endif"
    },
    {
      "id": 9,
      "line": 44,
      "label": "Duration earthDelta = Duration.between(start, end)"
    },
    {
      "id": 10,
      "line": 45,
      "label": "double marsSeconds  = earthDelta.getSeconds() * EARTH_SECOND_RATIO + earthDelta.getNano() * 1e-9 * EARTH_SECOND_RATIO"
    },
    {
      "id": 11,
      "line": 48,
      "label": "long wholeSols = (long) (marsSeconds / MARS_SOL_SECONDS)"
    },
    {
      "id": 12,
      "line": 49,
      "label": "double remainder = marsSeconds % MARS_SOL_SECONDS"
    },
    {
      "id": 13,
      "line": 51,
      "label": "long hours = (long) (remainder / 3600)"
    },
    {
      "id": 14,
      "line": 52,
      "label": "remainder %= 3600"
    },
    {
      "id": 15,
      "line": 53,
      "label": "long minutes = (long) (remainder / 60)"
    },
    {
      "id": 16,
      "line": 54,
      "label": "double seconds = remainder % 60"
    },
    {
      "id": 17,
      "line": 56,
      "label": "return String.format('%d Sols %02d:%02d:%06.3f MTC', wholeSols, hours, minutes, seconds);"
    },
    {
      "id": 18,
      "line": 67,
      "label": "Instant solToEarthUtc(double sol)"
    },
    {
      "id": 19,
      "line": 68,
      "label": "if (sol < 0)"
    },
    {
      "id": 20,
      "line": 68,
      "label": "throw new IllegalArgumentException('Sol cannot be negative')"
    },
    {
      "id": 21,
      "line": 0,
      "label": "endif"
    },
    {
      "id": 22,
      "line": 70,
      "label": "double secondsSinceEpoch = sol * MARS_SOL_SECONDS / EARTH_SECOND_RATIO"
    },
    {
      "id": 23,
      "line": 71,
      "label": "return Instant.parse('2000-01-06T00:00:00Z').plusSeconds((long) secondsSinceEpoch);"
    }
  ],

  "edges": [
    {
      "id": 0,
      "source": 1,
      "target": 2,
      "label": ""
    },
    {
      "id": 1,
      "source": 2,
      "target": 3,
      "label": ""
    },
    {
      "id": 2,
      "source": 3,
      "target": 4,
      "label": ""
    },
    {
      "id": 3,
      "source": 4,
      "target": 5,
      "label": ""
    },
    {
      "id": 4,
      "source": 5,
      "target": 6,
      "label": ""
    },
    {
      "id": 5,
      "source": 6,
      "target": 7,
      "label": "True"
    },
    {
      "id": 6,
      "source": 6,
      "target": 8,
      "label": "False"
    },
    {
      "id": 7,
      "source": 8,
      "target": 9,
      "label": ""
    },
    {
      "id": 8,
      "source": 9,
      "target": 10,
      "label": ""
    },
    {
      "id": 9,
      "source": 10,
      "target": 11,
      "label": ""
    },
    {
      "id": 10,
      "source": 11,
      "target": 12,
      "label": ""
    },
    {
      "id": 11,
      "source": 12,
      "target": 13,
      "label": ""
    },
    {
      "id": 12,
      "source": 13,
      "target": 14,
      "label": ""
    },
    {
      "id": 13,
      "source": 14,
      "target": 15,
      "label": ""
    },
    {
      "id": 14,
      "source": 15,
      "target": 16,
      "label": ""
    },
    {
      "id": 15,
      "source": 16,
      "target": 17,
      "label": ""
    },
    {
      "id": 16,
      "source": 18,
      "target": 19,
      "label": ""
    },
    {
      "id": 17,
      "source": 19,
      "target": 20,
      "label": "True"
    },
    {
      "id": 18,
      "source": 19,
      "target": 21,
      "label": "False"
    },
    {
      "id": 19,
      "source": 21,
      "target": 22,
      "label": ""
    },
    {
      "id": 20,
      "source": 22,
      "target": 23,
      "label": ""
    }
  ]
}
