{
  "directed": true,
  "multigraph": true,
  "label": "CFG of 40753.java",
  "type": "Control Flow Graph (CFG)",
  "file": "40753.java",
  "package": "com.opticalinterferometry.tolerance",

  "nodes": [
    {
      "id": 0,
      "line": 22,
      "label": "WavefrontBudget (double d, double lambda, double b)"
    },
    {
      "id": 1,
      "line": 23,
      "label": "this.telescopeDiameterM = d"
    },
    {
      "id": 2,
      "line": 24,
      "label": "this.observingWavelengthM = lambda"
    },
    {
      "id": 3,
      "line": 25,
      "label": "this.baselineM = b"
    },
    {
      "id": 4,
      "line": 28,
      "label": "WavefrontBudget forInstrument(double diameterMeters, double lambdaMeters, double baselineMeters)"
    },
    {
      "id": 5,
      "line": 31,
      "label": "if (diameterMeters <= 0 || lambdaMeters <= 0 || baselineMeters <= 0)"
    },
    {
      "id": 6,
      "line": 32,
      "label": "throw new IllegalArgumentException('All parameters must be strictly positive')"
    },
    {
      "id": 7,
      "line": 0,
      "label": "endif"
    },
    {
      "id": 8,
      "line": 34,
      "label": "return new WavefrontBudget(diameterMeters, lambdaMeters, baselineMeters);"
    },
    {
      "id": 9,
      "line": 45,
      "label": "double computeZenithOpticalPathTolerance(double desiredV, double tau0)"
    },
    {
      "id": 10,
      "line": 46,
      "label": "if (desiredV <= 0 || desiredV > 1)"
    },
    {
      "id": 11,
      "line": 47,
      "label": "throw new IllegalArgumentException('desiredV must be in (0,1]')"
    },
    {
      "id": 12,
      "line": 0,
      "label": "endif"
    },
    {
      "id": 13,
      "line": 49,
      "label": "if (tau0 <= 0)"
    },
    {
      "id": 14,
      "line": 50,
      "label": "throw new IllegalArgumentException('tau0 must be positive')"
    },
    {
      "id": 15,
      "line": 0,
      "label": "endif"
    },
    {
      "id": 16,
      "line": 54,
      "label": "double varianceUpperBound = -2 * Math.log(desiredV)"
    },
    {
      "id": 17,
      "line": 58,
      "label": "double pistonVarianceLimit = varianceUpperBound / Math.pow(2 * Math.PI / observingWavelengthM, 2)"
    },
    {
      "id": 18,
      "line": 61,
      "label": "double friedParamEffective = Math.pow((baselineM * KOLMOGOROV_CONSTANT) * Math.pow(tau0, -0.6), 3.0 / 5.0)"
    },
    {
      "id": 19,
      "line": 62,
      "label": "double couplingFactor = 1 + Math.pow(baselineM / friedParamEffective, 5.0 / 3.0)"
    },
    {
      "id": 20,
      "line": 63,
      "label": "pistonVarianceLimit /= couplingFactor"
    },
    {
      "id": 21,
      "line": 65,
      "label": "return Math.sqrt(pistonVarianceLimit);"
    },
    {
      "id": 22,
      "line": 71,
      "label": "double maximumResolvableAngularDiameter()"
    },
    {
      "id": 23,
      "line": 74,
      "label": "double xZero = 3.8317"
    },
    {
      "id": 24,
      "line": 75,
      "label": "double thetaRad = (xZero * observingWavelengthM) / (Math.PI * baselineM)"
    },
    {
      "id": 25,
      "line": 76,
      "label": "return Math.toDegrees(thetaRad) * 3_600_000;"
    },
    {
      "id": 26,
      "line": 80,
      "label": "boolean equals(Object o)"
    },
    {
      "id": 27,
      "line": 81,
      "label": "if (this == o)"
    },
    {
      "id": 28,
      "line": 81,
      "label": "return true;"
    },
    {
      "id": 29,
      "line": 0,
      "label": "endif"
    },
    {
      "id": 30,
      "line": 82,
      "label": "if (!(o instanceof WavefrontBudget))"
    },
    {
      "id": 31,
      "line": 82,
      "label": "return false;"
    },
    {
      "id": 32,
      "line": 0,
      "label": "endif"
    },
    {
      "id": 33,
      "line": 83,
      "label": "WavefrontBudget that = (WavefrontBudget) o"
    },
    {
      "id": 34,
      "line": 84,
      "label": "return Double.compare(telescopeDiameterM, that.telescopeDiameterM) == 0 &&  Double.compare(observingWavelengthM, that.observingWavelengthM) == 0 &&  Double.compare(baselineM, that.baselineM) == 0;"
    },
    {
      "id": 35,
      "line": 90,
      "label": "int hashCode()"
    },
    {
      "id": 36,
      "line": 91,
      "label": "return Objects.hash(telescopeDiameterM, observingWavelengthM, baselineM);"
    }
  ],

  "edges": [
    {
      "id": 0,
      "source": 0,
      "target": 1,
      "label": ""
    },
    {
      "id": 1,
      "source": 1,
      "target": 2,
      "label": ""
    },
    {
      "id": 2,
      "source": 2,
      "target": 3,
      "label": ""
    },
    {
      "id": 3,
      "source": 4,
      "target": 5,
      "label": ""
    },
    {
      "id": 4,
      "source": 5,
      "target": 6,
      "label": "True"
    },
    {
      "id": 5,
      "source": 5,
      "target": 7,
      "label": "False"
    },
    {
      "id": 6,
      "source": 7,
      "target": 8,
      "label": ""
    },
    {
      "id": 7,
      "source": 9,
      "target": 10,
      "label": ""
    },
    {
      "id": 8,
      "source": 10,
      "target": 11,
      "label": "True"
    },
    {
      "id": 9,
      "source": 10,
      "target": 12,
      "label": "False"
    },
    {
      "id": 10,
      "source": 12,
      "target": 13,
      "label": ""
    },
    {
      "id": 11,
      "source": 13,
      "target": 14,
      "label": "True"
    },
    {
      "id": 12,
      "source": 13,
      "target": 15,
      "label": "False"
    },
    {
      "id": 13,
      "source": 15,
      "target": 16,
      "label": ""
    },
    {
      "id": 14,
      "source": 16,
      "target": 17,
      "label": ""
    },
    {
      "id": 15,
      "source": 17,
      "target": 18,
      "label": ""
    },
    {
      "id": 16,
      "source": 18,
      "target": 19,
      "label": ""
    },
    {
      "id": 17,
      "source": 19,
      "target": 20,
      "label": ""
    },
    {
      "id": 18,
      "source": 20,
      "target": 21,
      "label": ""
    },
    {
      "id": 19,
      "source": 22,
      "target": 23,
      "label": ""
    },
    {
      "id": 20,
      "source": 23,
      "target": 24,
      "label": ""
    },
    {
      "id": 21,
      "source": 24,
      "target": 25,
      "label": ""
    },
    {
      "id": 22,
      "source": 26,
      "target": 27,
      "label": ""
    },
    {
      "id": 23,
      "source": 27,
      "target": 28,
      "label": "True"
    },
    {
      "id": 24,
      "source": 27,
      "target": 29,
      "label": "False"
    },
    {
      "id": 25,
      "source": 29,
      "target": 30,
      "label": ""
    },
    {
      "id": 26,
      "source": 30,
      "target": 31,
      "label": "True"
    },
    {
      "id": 27,
      "source": 30,
      "target": 32,
      "label": "False"
    },
    {
      "id": 28,
      "source": 32,
      "target": 33,
      "label": ""
    },
    {
      "id": 29,
      "source": 33,
      "target": 34,
      "label": ""
    },
    {
      "id": 30,
      "source": 35,
      "target": 36,
      "label": ""
    }
  ]
}
