{
  "directed": true,
  "multigraph": true,
  "label": "CFG of 41154.java",
  "type": "Control Flow Graph (CFG)",
  "file": "41154.java",
  "package": "astro.temporal",

  "nodes": [
    {
      "id": 0,
      "line": 34,
      "label": "TerrestrialDynamicTimeCorrector (Instant utc)"
    },
    {
      "id": 1,
      "line": 35,
      "label": "Objects.requireNonNull(utc, 'UTC instant must not be null')"
    },
    {
      "id": 2,
      "line": 36,
      "label": "this.utc = utc"
    },
    {
      "id": 3,
      "line": 37,
      "label": "this.deltaT = computeDeltaT(utc)"
    },
    {
      "id": 4,
      "line": 43,
      "label": "TerrestrialDynamicTimeCorrector ofUtc(String isoUtc)"
    },
    {
      "id": 5,
      "line": 44,
      "label": "Objects.requireNonNull(isoUtc, 'isoUtc')"
    },
    {
      "id": 6,
      "line": 45,
      "label": "Instant instant = Instant.parse(isoUtc)"
    },
    {
      "id": 7,
      "line": 46,
      "label": "return new TerrestrialDynamicTimeCorrector(instant);"
    },
    {
      "id": 8,
      "line": 52,
      "label": "double getDeltaT()"
    },
    {
      "id": 9,
      "line": 53,
      "label": "return deltaT;"
    },
    {
      "id": 10,
      "line": 61,
      "label": "Instant toTdt()"
    },
    {
      "id": 11,
      "line": 62,
      "label": "return utc.plusMillis(Math.round(deltaT));"
    },
    {
      "id": 12,
      "line": 68,
      "label": "Instant getUtc()"
    },
    {
      "id": 13,
      "line": 69,
      "label": "return utc;"
    },
    {
      "id": 14,
      "line": 72,
      "label": "double computeDeltaT(Instant utc)"
    },
    {
      "id": 15,
      "line": 76,
      "label": "double t = (utc.getEpochSecond() - EPOCH_J2000_SEC) / JULIAN_CENTURY_SEC"
    },
    {
      "id": 16,
      "line": 82,
      "label": "double delta"
    },
    {
      "id": 17,
      "line": 83,
      "label": "if (t < -30.0)"
    },
    {
      "id": 18,
      "line": 84,
      "label": "delta = -20.0 + 31.0 * Math.pow(t / 100.0, 2)"
    },
    {
      "id": 19,
      "line": 0,
      "label": "endif"
    },
    {
      "id": 20,
      "line": 85,
      "label": "if (t < -7.5)"
    },
    {
      "id": 21,
      "line": 86,
      "label": "delta = 2177.0 + (-497.0 * t) + 44.4 * t * t + 0.5 * t * t * t"
    },
    {
      "id": 22,
      "line": 0,
      "label": "endif"
    },
    {
      "id": 23,
      "line": 87,
      "label": "if (t < 10.0)"
    },
    {
      "id": 24,
      "line": 88,
      "label": "delta = 102.0 + 102.0 * t + 25.3 * t * t + 0.7 * t * t * t"
    },
    {
      "id": 25,
      "line": 0,
      "label": "endif"
    },
    {
      "id": 26,
      "line": 90,
      "label": "delta = 102.0 + 25.3 * t * t"
    },
    {
      "id": 27,
      "line": 92,
      "label": "return delta * 1000.0;"
    },
    {
      "id": 28,
      "line": 96,
      "label": "String toString()"
    },
    {
      "id": 29,
      "line": 97,
      "label": "return String.format( 'TerrestrialDynamicTimeCorrector[UTC=%s, ?T=%.3f ms, TDT=%s]', utc, deltaT, toTdt());"
    }
  ],

  "edges": [
    {
      "id": 0,
      "source": 0,
      "target": 1,
      "label": ""
    },
    {
      "id": 1,
      "source": 1,
      "target": 2,
      "label": ""
    },
    {
      "id": 2,
      "source": 2,
      "target": 3,
      "label": ""
    },
    {
      "id": 3,
      "source": 4,
      "target": 5,
      "label": ""
    },
    {
      "id": 4,
      "source": 5,
      "target": 6,
      "label": ""
    },
    {
      "id": 5,
      "source": 6,
      "target": 7,
      "label": ""
    },
    {
      "id": 6,
      "source": 8,
      "target": 9,
      "label": ""
    },
    {
      "id": 7,
      "source": 10,
      "target": 11,
      "label": ""
    },
    {
      "id": 8,
      "source": 12,
      "target": 13,
      "label": ""
    },
    {
      "id": 9,
      "source": 14,
      "target": 15,
      "label": ""
    },
    {
      "id": 10,
      "source": 15,
      "target": 16,
      "label": ""
    },
    {
      "id": 11,
      "source": 16,
      "target": 17,
      "label": ""
    },
    {
      "id": 12,
      "source": 17,
      "target": 18,
      "label": "True"
    },
    {
      "id": 13,
      "source": 18,
      "target": 19,
      "label": ""
    },
    {
      "id": 14,
      "source": 17,
      "target": 20,
      "label": "False"
    },
    {
      "id": 15,
      "source": 20,
      "target": 21,
      "label": "True"
    },
    {
      "id": 16,
      "source": 21,
      "target": 22,
      "label": ""
    },
    {
      "id": 17,
      "source": 20,
      "target": 23,
      "label": "False"
    },
    {
      "id": 18,
      "source": 23,
      "target": 24,
      "label": "True"
    },
    {
      "id": 19,
      "source": 24,
      "target": 25,
      "label": ""
    },
    {
      "id": 20,
      "source": 23,
      "target": 26,
      "label": "False"
    },
    {
      "id": 21,
      "source": 26,
      "target": 25,
      "label": ""
    },
    {
      "id": 22,
      "source": 25,
      "target": 22,
      "label": ""
    },
    {
      "id": 23,
      "source": 22,
      "target": 19,
      "label": ""
    },
    {
      "id": 24,
      "source": 19,
      "target": 27,
      "label": ""
    },
    {
      "id": 25,
      "source": 28,
      "target": 29,
      "label": ""
    }
  ]
}
