{
  "directed": true,
  "multigraph": true,
  "label": "CFG of 41155.java",
  "type": "Control Flow Graph (CFG)",
  "file": "41155.java",
  "package": "com.astrodynamics",

  "nodes": [
    {
      "id": 0,
      "line": 35,
      "label": "CislunarPerturbationEngine ()"
    },
    {
      "id": 1,
      "line": 51,
      "label": "double[] computePerturbation(double[] scState,  double mass,  double area,  double cr,  double cd,  double cosBeta)"
    },
    {
      "id": 2,
      "line": 57,
      "label": "validate(scState, mass, area, cr, cd, cosBeta)"
    },
    {
      "id": 3,
      "line": 59,
      "label": "double[] j2 = computeJ2(scState)"
    },
    {
      "id": 4,
      "line": 60,
      "label": "double[] srp = computeSRP(area, mass, cr, cosBeta)"
    },
    {
      "id": 5,
      "line": 61,
      "label": "double[] moonThirdBody = computeLunarGravity(scState)"
    },
    {
      "id": 6,
      "line": 62,
      "label": "double[] drag = computeResidualDrag(scState, area, mass, cd)"
    },
    {
      "id": 7,
      "line": 64,
      "label": "double[] total = new double[3]"
    },
    {
      "id": 8,
      "line": 65,
      "label": "int i = 0"
    },
    {
      "id": 9,
      "line": 65,
      "label": "for (i < 3)"
    },
    {
      "id": 10,
      "line": 65,
      "label": "i++"
    },
    {
      "id": 11,
      "line": 0,
      "label": "endfor"
    },
    {
      "id": 12,
      "line": 66,
      "label": "total[i] = j2[i] + srp[i] + moonThirdBody[i] + drag[i]"
    },
    {
      "id": 13,
      "line": 68,
      "label": "return total;"
    },
    {
      "id": 14,
      "line": 71,
      "label": "void validate(double[] sc, double m, double a,  double cr, double cd, double beta)"
    },
    {
      "id": 15,
      "line": 73,
      "label": "if (sc == null || sc.length != 3)"
    },
    {
      "id": 16,
      "line": 74,
      "label": "throw new IllegalArgumentException('Spacecraft state must be double[3]')"
    },
    {
      "id": 17,
      "line": 0,
      "label": "endif"
    },
    {
      "id": 18,
      "line": 75,
      "label": "if (m <= 0)"
    },
    {
      "id": 19,
      "line": 76,
      "label": "throw new IllegalArgumentException('Mass must be > 0')"
    },
    {
      "id": 20,
      "line": 0,
      "label": "endif"
    },
    {
      "id": 21,
      "line": 77,
      "label": "if (a <= 0)"
    },
    {
      "id": 22,
      "line": 78,
      "label": "throw new IllegalArgumentException('Area must be > 0')"
    },
    {
      "id": 23,
      "line": 0,
      "label": "endif"
    },
    {
      "id": 24,
      "line": 79,
      "label": "if (cr < 0 || cd < 0)"
    },
    {
      "id": 25,
      "line": 80,
      "label": "throw new IllegalArgumentException('Coefficients must be non-negative')"
    },
    {
      "id": 26,
      "line": 0,
      "label": "endif"
    },
    {
      "id": 27,
      "line": 81,
      "label": "if (Math.abs(beta) > 1.0001)"
    },
    {
      "id": 28,
      "line": 82,
      "label": "throw new IllegalArgumentException('Cosine beta must be within [-1,1]')"
    },
    {
      "id": 29,
      "line": 0,
      "label": "endif"
    },
    {
      "id": 30,
      "line": 85,
      "label": "double[] computeJ2(double[] r)"
    },
    {
      "id": 31,
      "line": 86,
      "label": "double rMag = Math.sqrt(r[0] * r[0] + r[1] * r[1] + r[2] * r[2])"
    },
    {
      "id": 32,
      "line": 87,
      "label": "double factor = -1.5 * MU_EARTH * J2_EARTH * R_EARTH * R_EARTH / Math.pow(rMag, 5)"
    },
    {
      "id": 33,
      "line": 88,
      "label": "double z2 = r[2] * r[2]"
    },
    {
      "id": 34,
      "line": 89,
      "label": "double r2 = rMag * rMag"
    },
    {
      "id": 35,
      "line": 91,
      "label": "double acc = factor * (5 * z2 / r2 - 1)"
    },
    {
      "id": 36,
      "line": 92,
      "label": "return new double[] { acc * r[0], acc * r[1], acc * r[2] * (5 * z2 / r2 - 3) };"
    },
    {
      "id": 37,
      "line": 95,
      "label": "double[] computeSRP(double area, double mass, double cr, double cosBeta)"
    },
    {
      "id": 38,
      "line": 96,
      "label": "double magnitude = SOLAR_FLUX * cr * area / mass"
    },
    {
      "id": 39,
      "line": 97,
      "label": "double[] sunDir = new double[] {1.0, 0.0, 0.0}"
    },
    {
      "id": 40,
      "line": 98,
      "label": "double[] acc = new double[3]"
    },
    {
      "id": 41,
      "line": 99,
      "label": "int i = 0"
    },
    {
      "id": 42,
      "line": 99,
      "label": "for (i < 3)"
    },
    {
      "id": 43,
      "line": 99,
      "label": "i++"
    },
    {
      "id": 44,
      "line": 0,
      "label": "endfor"
    },
    {
      "id": 45,
      "line": 99,
      "label": "acc[i] = magnitude * sunDir[i] * Math.max(0, cosBeta)"
    },
    {
      "id": 46,
      "line": 100,
      "label": "return acc;"
    },
    {
      "id": 47,
      "line": 103,
      "label": "double[] computeLunarGravity(double[] sc)"
    },
    {
      "id": 48,
      "line": 105,
      "label": "double[] moonPos = new double[] { R_MOON_ORBIT, 0, 0 }"
    },
    {
      "id": 49,
      "line": 106,
      "label": "double[] rel = new double[3]"
    },
    {
      "id": 50,
      "line": 107,
      "label": "int i = 0"
    },
    {
      "id": 51,
      "line": 107,
      "label": "for (i < 3)"
    },
    {
      "id": 52,
      "line": 107,
      "label": "i++"
    },
    {
      "id": 53,
      "line": 0,
      "label": "endfor"
    },
    {
      "id": 54,
      "line": 107,
      "label": "rel[i] = sc[i] - moonPos[i]"
    },
    {
      "id": 55,
      "line": 108,
      "label": "double d2 = rel[0] * rel[0] + rel[1] * rel[1] + rel[2] * rel[2]"
    },
    {
      "id": 56,
      "line": 109,
      "label": "double d = Math.sqrt(d2)"
    },
    {
      "id": 57,
      "line": 111,
      "label": "double factor = MU_MOON / d2"
    },
    {
      "id": 58,
      "line": 112,
      "label": "double[] acc = new double[3]"
    },
    {
      "id": 59,
      "line": 113,
      "label": "int i = 0"
    },
    {
      "id": 60,
      "line": 113,
      "label": "for (i < 3)"
    },
    {
      "id": 61,
      "line": 113,
      "label": "i++"
    },
    {
      "id": 62,
      "line": 0,
      "label": "endfor"
    },
    {
      "id": 63,
      "line": 113,
      "label": "acc[i] = -factor * rel[i] / d"
    },
    {
      "id": 64,
      "line": 114,
      "label": "return acc;"
    },
    {
      "id": 65,
      "line": 117,
      "label": "double[] computeResidualDrag(double[] sc, double area, double mass, double cd)"
    },
    {
      "id": 66,
      "line": 118,
      "label": "double rMag = Math.sqrt(sc[0] * sc[0] + sc[1] * sc[1] + sc[2] * sc[2])"
    },
    {
      "id": 67,
      "line": 119,
      "label": "double orbitalV = Math.sqrt(MU_EARTH / rMag)"
    },
    {
      "id": 68,
      "line": 120,
      "label": "double accMag = 0.5 * RHO_GAS_L1 * cd * area / mass * orbitalV * orbitalV"
    },
    {
      "id": 69,
      "line": 123,
      "label": "double vx = -sc[1]"
    },
    {
      "id": 70,
      "line": 124,
      "label": "double vy =  sc[0]"
    },
    {
      "id": 71,
      "line": 125,
      "label": "double vz = 0"
    },
    {
      "id": 72,
      "line": 126,
      "label": "double vMag = Math.sqrt(vx * vx + vy * vy + vz * vz)"
    },
    {
      "id": 73,
      "line": 127,
      "label": "double[] acc = new double[3]"
    },
    {
      "id": 74,
      "line": 128,
      "label": "if (vMag > 0)"
    },
    {
      "id": 75,
      "line": 129,
      "label": "int i = 0"
    },
    {
      "id": 76,
      "line": 129,
      "label": "for (i < 3)"
    },
    {
      "id": 77,
      "line": 129,
      "label": "i++"
    },
    {
      "id": 78,
      "line": 0,
      "label": "endfor"
    },
    {
      "id": 79,
      "line": 130,
      "label": "acc[0] = accMag * vx / vMag"
    },
    {
      "id": 80,
      "line": 131,
      "label": "acc[1] = accMag * vy / vMag"
    },
    {
      "id": 81,
      "line": 132,
      "label": "acc[2] = accMag * vz / vMag"
    },
    {
      "id": 82,
      "line": 0,
      "label": "endif"
    },
    {
      "id": 83,
      "line": 135,
      "label": "return acc;"
    }
  ],

  "edges": [
    {
      "id": 0,
      "source": 1,
      "target": 2,
      "label": ""
    },
    {
      "id": 1,
      "source": 2,
      "target": 3,
      "label": ""
    },
    {
      "id": 2,
      "source": 3,
      "target": 4,
      "label": ""
    },
    {
      "id": 3,
      "source": 4,
      "target": 5,
      "label": ""
    },
    {
      "id": 4,
      "source": 5,
      "target": 6,
      "label": ""
    },
    {
      "id": 5,
      "source": 6,
      "target": 7,
      "label": ""
    },
    {
      "id": 6,
      "source": 7,
      "target": 8,
      "label": ""
    },
    {
      "id": 7,
      "source": 8,
      "target": 9,
      "label": ""
    },
    {
      "id": 8,
      "source": 9,
      "target": 11,
      "label": "False"
    },
    {
      "id": 9,
      "source": 9,
      "target": 12,
      "label": "True"
    },
    {
      "id": 10,
      "source": 12,
      "target": 10,
      "label": ""
    },
    {
      "id": 11,
      "source": 10,
      "target": 9,
      "label": ""
    },
    {
      "id": 12,
      "source": 11,
      "target": 13,
      "label": ""
    },
    {
      "id": 13,
      "source": 14,
      "target": 15,
      "label": ""
    },
    {
      "id": 14,
      "source": 15,
      "target": 16,
      "label": "True"
    },
    {
      "id": 15,
      "source": 15,
      "target": 17,
      "label": "False"
    },
    {
      "id": 16,
      "source": 17,
      "target": 18,
      "label": ""
    },
    {
      "id": 17,
      "source": 18,
      "target": 19,
      "label": "True"
    },
    {
      "id": 18,
      "source": 18,
      "target": 20,
      "label": "False"
    },
    {
      "id": 19,
      "source": 20,
      "target": 21,
      "label": ""
    },
    {
      "id": 20,
      "source": 21,
      "target": 22,
      "label": "True"
    },
    {
      "id": 21,
      "source": 21,
      "target": 23,
      "label": "False"
    },
    {
      "id": 22,
      "source": 23,
      "target": 24,
      "label": ""
    },
    {
      "id": 23,
      "source": 24,
      "target": 25,
      "label": "True"
    },
    {
      "id": 24,
      "source": 24,
      "target": 26,
      "label": "False"
    },
    {
      "id": 25,
      "source": 26,
      "target": 27,
      "label": ""
    },
    {
      "id": 26,
      "source": 27,
      "target": 28,
      "label": "True"
    },
    {
      "id": 27,
      "source": 27,
      "target": 29,
      "label": "False"
    },
    {
      "id": 28,
      "source": 30,
      "target": 31,
      "label": ""
    },
    {
      "id": 29,
      "source": 31,
      "target": 32,
      "label": ""
    },
    {
      "id": 30,
      "source": 32,
      "target": 33,
      "label": ""
    },
    {
      "id": 31,
      "source": 33,
      "target": 34,
      "label": ""
    },
    {
      "id": 32,
      "source": 34,
      "target": 35,
      "label": ""
    },
    {
      "id": 33,
      "source": 35,
      "target": 36,
      "label": ""
    },
    {
      "id": 34,
      "source": 37,
      "target": 38,
      "label": ""
    },
    {
      "id": 35,
      "source": 38,
      "target": 39,
      "label": ""
    },
    {
      "id": 36,
      "source": 39,
      "target": 40,
      "label": ""
    },
    {
      "id": 37,
      "source": 40,
      "target": 41,
      "label": ""
    },
    {
      "id": 38,
      "source": 41,
      "target": 42,
      "label": ""
    },
    {
      "id": 39,
      "source": 42,
      "target": 44,
      "label": "False"
    },
    {
      "id": 40,
      "source": 42,
      "target": 45,
      "label": "True"
    },
    {
      "id": 41,
      "source": 45,
      "target": 43,
      "label": ""
    },
    {
      "id": 42,
      "source": 43,
      "target": 42,
      "label": ""
    },
    {
      "id": 43,
      "source": 44,
      "target": 46,
      "label": ""
    },
    {
      "id": 44,
      "source": 47,
      "target": 48,
      "label": ""
    },
    {
      "id": 45,
      "source": 48,
      "target": 49,
      "label": ""
    },
    {
      "id": 46,
      "source": 49,
      "target": 50,
      "label": ""
    },
    {
      "id": 47,
      "source": 50,
      "target": 51,
      "label": ""
    },
    {
      "id": 48,
      "source": 51,
      "target": 53,
      "label": "False"
    },
    {
      "id": 49,
      "source": 51,
      "target": 54,
      "label": "True"
    },
    {
      "id": 50,
      "source": 54,
      "target": 52,
      "label": ""
    },
    {
      "id": 51,
      "source": 52,
      "target": 51,
      "label": ""
    },
    {
      "id": 52,
      "source": 53,
      "target": 55,
      "label": ""
    },
    {
      "id": 53,
      "source": 55,
      "target": 56,
      "label": ""
    },
    {
      "id": 54,
      "source": 56,
      "target": 57,
      "label": ""
    },
    {
      "id": 55,
      "source": 57,
      "target": 58,
      "label": ""
    },
    {
      "id": 56,
      "source": 58,
      "target": 59,
      "label": ""
    },
    {
      "id": 57,
      "source": 59,
      "target": 60,
      "label": ""
    },
    {
      "id": 58,
      "source": 60,
      "target": 62,
      "label": "False"
    },
    {
      "id": 59,
      "source": 60,
      "target": 63,
      "label": "True"
    },
    {
      "id": 60,
      "source": 63,
      "target": 61,
      "label": ""
    },
    {
      "id": 61,
      "source": 61,
      "target": 60,
      "label": ""
    },
    {
      "id": 62,
      "source": 62,
      "target": 64,
      "label": ""
    },
    {
      "id": 63,
      "source": 65,
      "target": 66,
      "label": ""
    },
    {
      "id": 64,
      "source": 66,
      "target": 67,
      "label": ""
    },
    {
      "id": 65,
      "source": 67,
      "target": 68,
      "label": ""
    },
    {
      "id": 66,
      "source": 68,
      "target": 69,
      "label": ""
    },
    {
      "id": 67,
      "source": 69,
      "target": 70,
      "label": ""
    },
    {
      "id": 68,
      "source": 70,
      "target": 71,
      "label": ""
    },
    {
      "id": 69,
      "source": 71,
      "target": 72,
      "label": ""
    },
    {
      "id": 70,
      "source": 72,
      "target": 73,
      "label": ""
    },
    {
      "id": 71,
      "source": 73,
      "target": 74,
      "label": ""
    },
    {
      "id": 72,
      "source": 74,
      "target": 75,
      "label": "True"
    },
    {
      "id": 73,
      "source": 75,
      "target": 76,
      "label": ""
    },
    {
      "id": 74,
      "source": 76,
      "target": 78,
      "label": "False"
    },
    {
      "id": 75,
      "source": 76,
      "target": 79,
      "label": "True"
    },
    {
      "id": 76,
      "source": 79,
      "target": 80,
      "label": ""
    },
    {
      "id": 77,
      "source": 80,
      "target": 81,
      "label": ""
    },
    {
      "id": 78,
      "source": 81,
      "target": 77,
      "label": ""
    },
    {
      "id": 79,
      "source": 77,
      "target": 76,
      "label": ""
    },
    {
      "id": 80,
      "source": 78,
      "target": 82,
      "label": ""
    },
    {
      "id": 81,
      "source": 74,
      "target": 82,
      "label": "False"
    },
    {
      "id": 82,
      "source": 82,
      "target": 83,
      "label": ""
    }
  ]
}
