{
  "directed": true,
  "multigraph": true,
  "label": "CFG of 41333.java",
  "type": "Control Flow Graph (CFG)",
  "file": "41333.java",
  "package": "com.astro",

  "nodes": [
    {
      "id": 0,
      "line": 31,
      "label": "Observation (double mjd, double vel, double uncertainty)"
    },
    {
      "id": 1,
      "line": 32,
      "label": "if (mjd < 0 || Double.isNaN(mjd))"
    },
    {
      "id": 2,
      "line": 33,
      "label": "throw new IllegalArgumentException('MJD must be non-negative')"
    },
    {
      "id": 3,
      "line": 0,
      "label": "endif"
    },
    {
      "id": 4,
      "line": 34,
      "label": "if (uncertainty <= 0)"
    },
    {
      "id": 5,
      "line": 35,
      "label": "throw new IllegalArgumentException('Uncertainty must be positive')"
    },
    {
      "id": 6,
      "line": 0,
      "label": "endif"
    },
    {
      "id": 7,
      "line": 37,
      "label": "this.mjd = mjd"
    },
    {
      "id": 8,
      "line": 38,
      "label": "this.vel = vel"
    },
    {
      "id": 9,
      "line": 39,
      "label": "this.uncertainty = uncertainty"
    },
    {
      "id": 10,
      "line": 43,
      "label": "void addObservation(double mjd, double velocity, double uncertainty)"
    },
    {
      "id": 11,
      "line": 44,
      "label": "observations.add(new Observation(mjd, velocity, uncertainty))"
    },
    {
      "id": 12,
      "line": 54,
      "label": "double getBarycentricCorrection(double targetMjd)"
    },
    {
      "id": 13,
      "line": 55,
      "label": "validateEpoch(targetMjd)"
    },
    {
      "id": 14,
      "line": 58,
      "label": "final double dt = (targetMjd - TDB_BASE_MJD) / 36525.0"
    },
    {
      "id": 15,
      "line": 61,
      "label": "double[] coeffs = new double[]{0.9999999991, 0.000005940, -0.000006283,  0.000000053, -0.000000007, 0.000000002}"
    },
    {
      "id": 16,
      "line": 64,
      "label": "double sum = 0, t = 2 * dt"
    },
    {
      "id": 17,
      "line": 65,
      "label": "double p0 = 1, p1 = t"
    },
    {
      "id": 18,
      "line": 66,
      "label": "int k = 0"
    },
    {
      "id": 19,
      "line": 66,
      "label": "for (k < coeffs.length)"
    },
    {
      "id": 20,
      "line": 66,
      "label": "k++"
    },
    {
      "id": 21,
      "line": 0,
      "label": "endfor"
    },
    {
      "id": 22,
      "line": 67,
      "label": "sum += coeffs[k] * p0"
    },
    {
      "id": 23,
      "line": 68,
      "label": "double p2 = 2 * t * p1 - p0"
    },
    {
      "id": 24,
      "line": 69,
      "label": "p0 = p1"
    },
    {
      "id": 25,
      "line": 70,
      "label": "p1 = p2"
    },
    {
      "id": 26,
      "line": 74,
      "label": "final double vOrb = 29.784852 * Math.cos(Math.toRadians( 357.52911 + 35999.05029 * dt - 0.0001559 * dt * dt))"
    },
    {
      "id": 27,
      "line": 78,
      "label": "final double r = 1.0 / (1.0 + vOrb / C)"
    },
    {
      "id": 28,
      "line": 80,
      "label": "return vOrb * sum * r;"
    },
    {
      "id": 29,
      "line": 87,
      "label": "double getRelativisticTimeDilationOffset()"
    },
    {
      "id": 30,
      "line": 88,
      "label": "if (observations.isEmpty())"
    },
    {
      "id": 31,
      "line": 89,
      "label": "throw new IllegalStateException('No observations loaded')"
    },
    {
      "id": 32,
      "line": 0,
      "label": "endif"
    },
    {
      "id": 33,
      "line": 91,
      "label": "double wSum = 0, wCov = 0, wVar = 0"
    },
    {
      "id": 34,
      "line": 93,
      "label": "for (Observation obs : observations)"
    },
    {
      "id": 35,
      "line": 0,
      "label": "endfor"
    },
    {
      "id": 36,
      "line": 94,
      "label": "double w = 1.0 / (obs.uncertainty * obs.uncertainty)"
    },
    {
      "id": 37,
      "line": 95,
      "label": "wSum += w"
    },
    {
      "id": 38,
      "line": 96,
      "label": "wCov += w * (obs.vel - getBarycentricCorrection(obs.mjd))"
    },
    {
      "id": 39,
      "line": 98,
      "label": "if (wSum == 0)"
    },
    {
      "id": 40,
      "line": 99,
      "label": "throw new ArithmeticException('Division by zero in weights')"
    },
    {
      "id": 41,
      "line": 0,
      "label": "endif"
    },
    {
      "id": 42,
      "line": 101,
      "label": "return wCov / wSum;"
    },
    {
      "id": 43,
      "line": 107,
      "label": "List<Observation> getObservations()"
    },
    {
      "id": 44,
      "line": 108,
      "label": "return observations.stream()  .sorted(Comparator.comparingDouble(o -> o.mjd))  .collect(Collectors.toList());"
    },
    {
      "id": 45,
      "line": 113,
      "label": "void validateEpoch(double mjd)"
    },
    {
      "id": 46,
      "line": 114,
      "label": "if (mjd < 51000 || mjd > 61000)"
    },
    {
      "id": 47,
      "line": 115,
      "label": "throw new IllegalArgumentException('MJD outside support interval 5100061000')"
    },
    {
      "id": 48,
      "line": 0,
      "label": "endif"
    }
  ],

  "edges": [
    {
      "id": 0,
      "source": 0,
      "target": 1,
      "label": ""
    },
    {
      "id": 1,
      "source": 1,
      "target": 2,
      "label": "True"
    },
    {
      "id": 2,
      "source": 1,
      "target": 3,
      "label": "False"
    },
    {
      "id": 3,
      "source": 3,
      "target": 4,
      "label": ""
    },
    {
      "id": 4,
      "source": 4,
      "target": 5,
      "label": "True"
    },
    {
      "id": 5,
      "source": 4,
      "target": 6,
      "label": "False"
    },
    {
      "id": 6,
      "source": 6,
      "target": 7,
      "label": ""
    },
    {
      "id": 7,
      "source": 7,
      "target": 8,
      "label": ""
    },
    {
      "id": 8,
      "source": 8,
      "target": 9,
      "label": ""
    },
    {
      "id": 9,
      "source": 10,
      "target": 11,
      "label": ""
    },
    {
      "id": 10,
      "source": 12,
      "target": 13,
      "label": ""
    },
    {
      "id": 11,
      "source": 13,
      "target": 14,
      "label": ""
    },
    {
      "id": 12,
      "source": 14,
      "target": 15,
      "label": ""
    },
    {
      "id": 13,
      "source": 15,
      "target": 16,
      "label": ""
    },
    {
      "id": 14,
      "source": 16,
      "target": 17,
      "label": ""
    },
    {
      "id": 15,
      "source": 17,
      "target": 18,
      "label": ""
    },
    {
      "id": 16,
      "source": 18,
      "target": 19,
      "label": ""
    },
    {
      "id": 17,
      "source": 19,
      "target": 21,
      "label": "False"
    },
    {
      "id": 18,
      "source": 19,
      "target": 22,
      "label": "True"
    },
    {
      "id": 19,
      "source": 22,
      "target": 23,
      "label": ""
    },
    {
      "id": 20,
      "source": 23,
      "target": 24,
      "label": ""
    },
    {
      "id": 21,
      "source": 24,
      "target": 25,
      "label": ""
    },
    {
      "id": 22,
      "source": 25,
      "target": 20,
      "label": ""
    },
    {
      "id": 23,
      "source": 20,
      "target": 19,
      "label": ""
    },
    {
      "id": 24,
      "source": 21,
      "target": 26,
      "label": ""
    },
    {
      "id": 25,
      "source": 26,
      "target": 27,
      "label": ""
    },
    {
      "id": 26,
      "source": 27,
      "target": 28,
      "label": ""
    },
    {
      "id": 27,
      "source": 29,
      "target": 30,
      "label": ""
    },
    {
      "id": 28,
      "source": 30,
      "target": 31,
      "label": "True"
    },
    {
      "id": 29,
      "source": 30,
      "target": 32,
      "label": "False"
    },
    {
      "id": 30,
      "source": 32,
      "target": 33,
      "label": ""
    },
    {
      "id": 31,
      "source": 33,
      "target": 34,
      "label": ""
    },
    {
      "id": 32,
      "source": 34,
      "target": 35,
      "label": "False"
    },
    {
      "id": 33,
      "source": 34,
      "target": 36,
      "label": "True"
    },
    {
      "id": 34,
      "source": 36,
      "target": 37,
      "label": ""
    },
    {
      "id": 35,
      "source": 37,
      "target": 38,
      "label": ""
    },
    {
      "id": 36,
      "source": 38,
      "target": 34,
      "label": ""
    },
    {
      "id": 37,
      "source": 35,
      "target": 39,
      "label": ""
    },
    {
      "id": 38,
      "source": 39,
      "target": 40,
      "label": "True"
    },
    {
      "id": 39,
      "source": 39,
      "target": 41,
      "label": "False"
    },
    {
      "id": 40,
      "source": 41,
      "target": 42,
      "label": ""
    },
    {
      "id": 41,
      "source": 43,
      "target": 44,
      "label": ""
    },
    {
      "id": 42,
      "source": 45,
      "target": 46,
      "label": ""
    },
    {
      "id": 43,
      "source": 46,
      "target": 47,
      "label": "True"
    },
    {
      "id": 44,
      "source": 46,
      "target": 48,
      "label": "False"
    }
  ]
}
