{
  "directed": true,
  "multigraph": true,
  "label": "CFG of 41400.java",
  "type": "Control Flow Graph (CFG)",
  "file": "41400.java",
  "package": "org.dilithium.network.quantum",

  "nodes": [
    {
      "id": 0,
      "line": 35,
      "label": "MicroDilithiumEngine ()"
    },
    {
      "id": 1,
      "line": 36,
      "label": "this(new SecureRandom())"
    },
    {
      "id": 2,
      "line": 39,
      "label": "MicroDilithiumEngine (SecureRandom rng)"
    },
    {
      "id": 3,
      "line": 40,
      "label": "this.rng = rng != null ? rng : new SecureRandom()"
    },
    {
      "id": 4,
      "line": 50,
      "label": "PublicKey (byte[] rho, byte[] t1Bytes)"
    },
    {
      "id": 5,
      "line": 51,
      "label": "this.rho = Arrays.copyOf(rho, rho.length)"
    },
    {
      "id": 6,
      "line": 52,
      "label": "this.t1Bytes = Arrays.copyOf(t1Bytes, t1Bytes.length)"
    },
    {
      "id": 7,
      "line": 55,
      "label": "byte[] serialize()"
    },
    {
      "id": 8,
      "line": 56,
      "label": "return ByteBuffer.allocate(rho.length + t1Bytes.length)  .put(rho)  .put(t1Bytes)  .array();"
    },
    {
      "id": 9,
      "line": 62,
      "label": "PublicKey deserialize(byte[] src)"
    },
    {
      "id": 10,
      "line": 63,
      "label": "if (src.length != SEED_SZ + K * 32)"
    },
    {
      "id": 11,
      "line": 64,
      "label": "throw new IllegalArgumentException('Invalid public-key bytes')"
    },
    {
      "id": 12,
      "line": 0,
      "label": "endif"
    },
    {
      "id": 13,
      "line": 65,
      "label": "ByteBuffer buf = ByteBuffer.wrap(src)"
    },
    {
      "id": 14,
      "line": 66,
      "label": "byte[] rho = new byte[SEED_SZ]"
    },
    {
      "id": 15,
      "line": 67,
      "label": "byte[] t1 = new byte[K * 32]"
    },
    {
      "id": 16,
      "line": 68,
      "label": "buf.get(rho).get(t1)"
    },
    {
      "id": 17,
      "line": 69,
      "label": "return new PublicKey(rho, t1);"
    },
    {
      "id": 18,
      "line": 82,
      "label": "SecretKey (byte[] keySeed, byte[] rho)"
    },
    {
      "id": 19,
      "line": 83,
      "label": "this.keySeed = Arrays.copyOf(keySeed, keySeed.length)"
    },
    {
      "id": 20,
      "line": 84,
      "label": "this.rho = Arrays.copyOf(rho, rho.length)"
    },
    {
      "id": 21,
      "line": 87,
      "label": "byte[] serialize()"
    },
    {
      "id": 22,
      "line": 88,
      "label": "return ByteBuffer.allocate(keySeed.length + rho.length)  .put(keySeed)  .put(rho)  .array();"
    },
    {
      "id": 23,
      "line": 94,
      "label": "SecretKey deserialize(byte[] src)"
    },
    {
      "id": 24,
      "line": 95,
      "label": "if (src.length != 2 * SEED_SZ)"
    },
    {
      "id": 25,
      "line": 96,
      "label": "throw new IllegalArgumentException('Invalid secret-key bytes')"
    },
    {
      "id": 26,
      "line": 0,
      "label": "endif"
    },
    {
      "id": 27,
      "line": 97,
      "label": "ByteBuffer buf = ByteBuffer.wrap(src)"
    },
    {
      "id": 28,
      "line": 98,
      "label": "byte[] keySeed = new byte[SEED_SZ]"
    },
    {
      "id": 29,
      "line": 99,
      "label": "byte[] rho = new byte[SEED_SZ]"
    },
    {
      "id": 30,
      "line": 100,
      "label": "buf.get(keySeed).get(rho)"
    },
    {
      "id": 31,
      "line": 101,
      "label": "return new SecretKey(keySeed, rho);"
    },
    {
      "id": 32,
      "line": 115,
      "label": "Signature (byte[] z1, byte[] z2, byte[] cTilde)"
    },
    {
      "id": 33,
      "line": 116,
      "label": "this.z1 = Arrays.copyOf(z1, z1.length)"
    },
    {
      "id": 34,
      "line": 117,
      "label": "this.z2 = Arrays.copyOf(z2, z2.length)"
    },
    {
      "id": 35,
      "line": 118,
      "label": "this.cTilde = Arrays.copyOf(cTilde, cTilde.length)"
    },
    {
      "id": 36,
      "line": 121,
      "label": "byte[] serialize()"
    },
    {
      "id": 37,
      "line": 122,
      "label": "return ByteBuffer.allocate(z1.length + z2.length + cTilde.length)  .put(z1)  .put(z2)  .put(cTilde)  .array();"
    },
    {
      "id": 38,
      "line": 129,
      "label": "Signature deserialize(byte[] src)"
    },
    {
      "id": 39,
      "line": 130,
      "label": "if (src.length != SIGNATURE_EXPANSION)"
    },
    {
      "id": 40,
      "line": 131,
      "label": "throw new IllegalArgumentException('Invalid signature bytes')"
    },
    {
      "id": 41,
      "line": 0,
      "label": "endif"
    },
    {
      "id": 42,
      "line": 132,
      "label": "ByteBuffer buf = ByteBuffer.wrap(src)"
    },
    {
      "id": 43,
      "line": 133,
      "label": "int z1Len = L * 32 * (2 * ETA_BOUND + 1)"
    },
    {
      "id": 44,
      "line": 134,
      "label": "int z2Len = K * 32 * (2 * ETA_BOUND + 1)"
    },
    {
      "id": 45,
      "line": 135,
      "label": "byte[] z1 = new byte[z1Len]"
    },
    {
      "id": 46,
      "line": 136,
      "label": "byte[] z2 = new byte[z2Len]"
    },
    {
      "id": 47,
      "line": 137,
      "label": "byte[] cTilde = new byte[SEED_SZ]"
    },
    {
      "id": 48,
      "line": 138,
      "label": "buf.get(z1).get(z2).get(cTilde)"
    },
    {
      "id": 49,
      "line": 139,
      "label": "return new Signature(z1, z2, cTilde);"
    },
    {
      "id": 50,
      "line": 148,
      "label": "KeyPair keyGen(byte[] seed32)"
    },
    {
      "id": 51,
      "line": 149,
      "label": "if (seed32 == null || seed32.length != SEED_SZ)"
    },
    {
      "id": 52,
      "line": 150,
      "label": "throw new IllegalArgumentException('Seed must be 32 bytes')"
    },
    {
      "id": 53,
      "line": 0,
      "label": "endif"
    },
    {
      "id": 54,
      "line": 152,
      "label": "byte[] rho = Arrays.copyOfRange(seed32, 0, SEED_SZ)"
    },
    {
      "id": 55,
      "line": 155,
      "label": "byte[] sigma = expandSigma(seed32)"
    },
    {
      "id": 56,
      "line": 159,
      "label": "byte[] t1Bytes = new byte[K * 32]"
    },
    {
      "id": 57,
      "line": 160,
      "label": "rng.nextBytes(t1Bytes)"
    },
    {
      "id": 58,
      "line": 162,
      "label": "SecretKey sk = new SecretKey(seed32, rho)"
    },
    {
      "id": 59,
      "line": 163,
      "label": "PublicKey pk = new PublicKey(rho, t1Bytes)"
    },
    {
      "id": 60,
      "line": 164,
      "label": "return new KeyPair(pk, sk);"
    },
    {
      "id": 61,
      "line": 170,
      "label": "Signature sign(byte[] digest, SecretKey sk)"
    },
    {
      "id": 62,
      "line": 171,
      "label": "if (digest == null || digest.length != SIGMA_SZ)"
    },
    {
      "id": 63,
      "line": 172,
      "label": "throw new IllegalArgumentException('Digest must be 32 bytes')"
    },
    {
      "id": 64,
      "line": 0,
      "label": "endif"
    },
    {
      "id": 65,
      "line": 173,
      "label": "if (sk == null)"
    },
    {
      "id": 66,
      "line": 174,
      "label": "throw new IllegalArgumentException('Secret key required')"
    },
    {
      "id": 67,
      "line": 0,
      "label": "endif"
    },
    {
      "id": 68,
      "line": 176,
      "label": "byte[] rho = sk.rho"
    },
    {
      "id": 69,
      "line": 177,
      "label": "byte[] challenge = shake128(rho, digest)"
    },
    {
      "id": 70,
      "line": 179,
      "label": "byte[] z1 = new byte[L * 32 * (2 * ETA_BOUND + 1)]"
    },
    {
      "id": 71,
      "line": 180,
      "label": "byte[] z2 = new byte[K * 32 * (2 * ETA_BOUND + 1)]"
    },
    {
      "id": 72,
      "line": 181,
      "label": "rng.nextBytes(z1)"
    },
    {
      "id": 73,
      "line": 182,
      "label": "rng.nextBytes(z2)"
    },
    {
      "id": 74,
      "line": 183,
      "label": "return new Signature(z1, z2, challenge);"
    },
    {
      "id": 75,
      "line": 189,
      "label": "boolean verify(byte[] digest, Signature sig, PublicKey pk)"
    },
    {
      "id": 76,
      "line": 190,
      "label": "if (digest == null || digest.length != SIGMA_SZ)"
    },
    {
      "id": 77,
      "line": 190,
      "label": "return false;"
    },
    {
      "id": 78,
      "line": 0,
      "label": "endif"
    },
    {
      "id": 79,
      "line": 191,
      "label": "if (sig == null || pk == null)"
    },
    {
      "id": 80,
      "line": 191,
      "label": "return false;"
    },
    {
      "id": 81,
      "line": 0,
      "label": "endif"
    },
    {
      "id": 82,
      "line": 193,
      "label": "byte[] challenge = shake128(pk.rho, digest)"
    },
    {
      "id": 83,
      "line": 194,
      "label": "return Arrays.equals(challenge, sig.cTilde);"
    },
    {
      "id": 84,
      "line": 199,
      "label": "byte[] expandSigma(byte[] seed)"
    },
    {
      "id": 85,
      "line": 200,
      "label": "try"
    },
    {
      "id": 86,
      "line": 0,
      "label": "end-try"
    },
    {
      "id": 87,
      "line": 201,
      "label": "MessageDigest md = MessageDigest.getInstance('SHA-256')"
    },
    {
      "id": 88,
      "line": 202,
      "label": "md.update(seed)"
    },
    {
      "id": 89,
      "line": 203,
      "label": "return md.digest();"
    },
    {
      "id": 90,
      "line": 0,
      "label": "end-catch"
    },
    {
      "id": 91,
      "line": 204,
      "label": "catch (NoSuchAlgorithmException ex)"
    },
    {
      "id": 92,
      "line": 205,
      "label": "throw new IllegalStateException('SHA-256 mandatory', ex)"
    },
    {
      "id": 93,
      "line": 209,
      "label": "byte[] shake128(byte[] rho, byte[] digest)"
    },
    {
      "id": 94,
      "line": 210,
      "label": "try"
    },
    {
      "id": 95,
      "line": 0,
      "label": "end-try"
    },
    {
      "id": 96,
      "line": 211,
      "label": "MessageDigest digestFunc = MessageDigest.getInstance('SHA-256')"
    },
    {
      "id": 97,
      "line": 212,
      "label": "digestFunc.update(rho)"
    },
    {
      "id": 98,
      "line": 213,
      "label": "digestFunc.update(digest)"
    },
    {
      "id": 99,
      "line": 214,
      "label": "return Arrays.copyOfRange(digestFunc.digest(), 0, SEED_SZ);"
    },
    {
      "id": 100,
      "line": 0,
      "label": "end-catch"
    },
    {
      "id": 101,
      "line": 215,
      "label": "catch (NoSuchAlgorithmException ex)"
    },
    {
      "id": 102,
      "line": 216,
      "label": "throw new IllegalStateException('SHA-256 mandatory', ex)"
    },
    {
      "id": 103,
      "line": 224,
      "label": "KeyPair (PublicKey pk, SecretKey sk)"
    },
    {
      "id": 104,
      "line": 225,
      "label": "this.publicKey = pk"
    },
    {
      "id": 105,
      "line": 226,
      "label": "this.secretKey = sk"
    }
  ],

  "edges": [
    {
      "id": 0,
      "source": 0,
      "target": 1,
      "label": ""
    },
    {
      "id": 1,
      "source": 2,
      "target": 3,
      "label": ""
    },
    {
      "id": 2,
      "source": 4,
      "target": 5,
      "label": ""
    },
    {
      "id": 3,
      "source": 5,
      "target": 6,
      "label": ""
    },
    {
      "id": 4,
      "source": 7,
      "target": 8,
      "label": ""
    },
    {
      "id": 5,
      "source": 9,
      "target": 10,
      "label": ""
    },
    {
      "id": 6,
      "source": 10,
      "target": 11,
      "label": "True"
    },
    {
      "id": 7,
      "source": 10,
      "target": 12,
      "label": "False"
    },
    {
      "id": 8,
      "source": 12,
      "target": 13,
      "label": ""
    },
    {
      "id": 9,
      "source": 13,
      "target": 14,
      "label": ""
    },
    {
      "id": 10,
      "source": 14,
      "target": 15,
      "label": ""
    },
    {
      "id": 11,
      "source": 15,
      "target": 16,
      "label": ""
    },
    {
      "id": 12,
      "source": 16,
      "target": 17,
      "label": ""
    },
    {
      "id": 13,
      "source": 18,
      "target": 19,
      "label": ""
    },
    {
      "id": 14,
      "source": 19,
      "target": 20,
      "label": ""
    },
    {
      "id": 15,
      "source": 21,
      "target": 22,
      "label": ""
    },
    {
      "id": 16,
      "source": 23,
      "target": 24,
      "label": ""
    },
    {
      "id": 17,
      "source": 24,
      "target": 25,
      "label": "True"
    },
    {
      "id": 18,
      "source": 24,
      "target": 26,
      "label": "False"
    },
    {
      "id": 19,
      "source": 26,
      "target": 27,
      "label": ""
    },
    {
      "id": 20,
      "source": 27,
      "target": 28,
      "label": ""
    },
    {
      "id": 21,
      "source": 28,
      "target": 29,
      "label": ""
    },
    {
      "id": 22,
      "source": 29,
      "target": 30,
      "label": ""
    },
    {
      "id": 23,
      "source": 30,
      "target": 31,
      "label": ""
    },
    {
      "id": 24,
      "source": 32,
      "target": 33,
      "label": ""
    },
    {
      "id": 25,
      "source": 33,
      "target": 34,
      "label": ""
    },
    {
      "id": 26,
      "source": 34,
      "target": 35,
      "label": ""
    },
    {
      "id": 27,
      "source": 36,
      "target": 37,
      "label": ""
    },
    {
      "id": 28,
      "source": 38,
      "target": 39,
      "label": ""
    },
    {
      "id": 29,
      "source": 39,
      "target": 40,
      "label": "True"
    },
    {
      "id": 30,
      "source": 39,
      "target": 41,
      "label": "False"
    },
    {
      "id": 31,
      "source": 41,
      "target": 42,
      "label": ""
    },
    {
      "id": 32,
      "source": 42,
      "target": 43,
      "label": ""
    },
    {
      "id": 33,
      "source": 43,
      "target": 44,
      "label": ""
    },
    {
      "id": 34,
      "source": 44,
      "target": 45,
      "label": ""
    },
    {
      "id": 35,
      "source": 45,
      "target": 46,
      "label": ""
    },
    {
      "id": 36,
      "source": 46,
      "target": 47,
      "label": ""
    },
    {
      "id": 37,
      "source": 47,
      "target": 48,
      "label": ""
    },
    {
      "id": 38,
      "source": 48,
      "target": 49,
      "label": ""
    },
    {
      "id": 39,
      "source": 50,
      "target": 51,
      "label": ""
    },
    {
      "id": 40,
      "source": 51,
      "target": 52,
      "label": "True"
    },
    {
      "id": 41,
      "source": 51,
      "target": 53,
      "label": "False"
    },
    {
      "id": 42,
      "source": 53,
      "target": 54,
      "label": ""
    },
    {
      "id": 43,
      "source": 54,
      "target": 55,
      "label": ""
    },
    {
      "id": 44,
      "source": 55,
      "target": 56,
      "label": ""
    },
    {
      "id": 45,
      "source": 56,
      "target": 57,
      "label": ""
    },
    {
      "id": 46,
      "source": 57,
      "target": 58,
      "label": ""
    },
    {
      "id": 47,
      "source": 58,
      "target": 59,
      "label": ""
    },
    {
      "id": 48,
      "source": 59,
      "target": 60,
      "label": ""
    },
    {
      "id": 49,
      "source": 61,
      "target": 62,
      "label": ""
    },
    {
      "id": 50,
      "source": 62,
      "target": 63,
      "label": "True"
    },
    {
      "id": 51,
      "source": 62,
      "target": 64,
      "label": "False"
    },
    {
      "id": 52,
      "source": 64,
      "target": 65,
      "label": ""
    },
    {
      "id": 53,
      "source": 65,
      "target": 66,
      "label": "True"
    },
    {
      "id": 54,
      "source": 65,
      "target": 67,
      "label": "False"
    },
    {
      "id": 55,
      "source": 67,
      "target": 68,
      "label": ""
    },
    {
      "id": 56,
      "source": 68,
      "target": 69,
      "label": ""
    },
    {
      "id": 57,
      "source": 69,
      "target": 70,
      "label": ""
    },
    {
      "id": 58,
      "source": 70,
      "target": 71,
      "label": ""
    },
    {
      "id": 59,
      "source": 71,
      "target": 72,
      "label": ""
    },
    {
      "id": 60,
      "source": 72,
      "target": 73,
      "label": ""
    },
    {
      "id": 61,
      "source": 73,
      "target": 74,
      "label": ""
    },
    {
      "id": 62,
      "source": 75,
      "target": 76,
      "label": ""
    },
    {
      "id": 63,
      "source": 76,
      "target": 77,
      "label": "True"
    },
    {
      "id": 64,
      "source": 76,
      "target": 78,
      "label": "False"
    },
    {
      "id": 65,
      "source": 78,
      "target": 79,
      "label": ""
    },
    {
      "id": 66,
      "source": 79,
      "target": 80,
      "label": "True"
    },
    {
      "id": 67,
      "source": 79,
      "target": 81,
      "label": "False"
    },
    {
      "id": 68,
      "source": 81,
      "target": 82,
      "label": ""
    },
    {
      "id": 69,
      "source": 82,
      "target": 83,
      "label": ""
    },
    {
      "id": 70,
      "source": 84,
      "target": 85,
      "label": ""
    },
    {
      "id": 71,
      "source": 85,
      "target": 87,
      "label": ""
    },
    {
      "id": 72,
      "source": 87,
      "target": 88,
      "label": ""
    },
    {
      "id": 73,
      "source": 88,
      "target": 89,
      "label": ""
    },
    {
      "id": 74,
      "source": 86,
      "target": 91,
      "label": "Throws"
    },
    {
      "id": 75,
      "source": 91,
      "target": 92,
      "label": ""
    },
    {
      "id": 76,
      "source": 92,
      "target": 86,
      "label": "Throws"
    },
    {
      "id": 77,
      "source": 90,
      "target": 86,
      "label": ""
    },
    {
      "id": 78,
      "source": 93,
      "target": 94,
      "label": ""
    },
    {
      "id": 79,
      "source": 94,
      "target": 96,
      "label": ""
    },
    {
      "id": 80,
      "source": 96,
      "target": 97,
      "label": ""
    },
    {
      "id": 81,
      "source": 97,
      "target": 98,
      "label": ""
    },
    {
      "id": 82,
      "source": 98,
      "target": 99,
      "label": ""
    },
    {
      "id": 83,
      "source": 95,
      "target": 101,
      "label": "Throws"
    },
    {
      "id": 84,
      "source": 101,
      "target": 102,
      "label": ""
    },
    {
      "id": 85,
      "source": 102,
      "target": 95,
      "label": "Throws"
    },
    {
      "id": 86,
      "source": 100,
      "target": 95,
      "label": ""
    },
    {
      "id": 87,
      "source": 103,
      "target": 104,
      "label": ""
    },
    {
      "id": 88,
      "source": 104,
      "target": 105,
      "label": ""
    }
  ]
}
