{
  "directed": true,
  "multigraph": true,
  "label": "CFG of 41401.java",
  "type": "Control Flow Graph (CFG)",
  "file": "41401.java",
  "package": "com.hydroponics",

  "nodes": [
    {
      "id": 0,
      "line": 25,
      "label": "void main(String[] args)"
    },
    {
      "id": 1,
      "line": 26,
      "label": "try"
    },
    {
      "id": 2,
      "line": 0,
      "label": "end-try"
    },
    {
      "id": 3,
      "line": 27,
      "label": "ParsedArgs parsed = new ParsedArgs(args)"
    },
    {
      "id": 4,
      "line": 28,
      "label": "StageRecipe target = STAGE_RECIPES.get(parsed.stage)"
    },
    {
      "id": 5,
      "line": 29,
      "label": "if (target == null)"
    },
    {
      "id": 6,
      "line": 29,
      "label": "throw new IllegalArgumentException('Unknown stage: ' + parsed.stage)"
    },
    {
      "id": 7,
      "line": 0,
      "label": "endif"
    },
    {
      "id": 8,
      "line": 31,
      "label": "WaterProfile water = new WaterProfile(parsed.waterMap)"
    },
    {
      "id": 9,
      "line": 32,
      "label": "SolutionCalculator calc = new SolutionCalculator(target, water, parsed.volume, parsed.targetEc)"
    },
    {
      "id": 10,
      "line": 34,
      "label": "Map<String, Double> result = calc.compute()"
    },
    {
      "id": 11,
      "line": 35,
      "label": "double finalPh = SolutionCalculator.adjustPh(parsed.targetPh, result)"
    },
    {
      "id": 12,
      "line": 37,
      "label": "System.out.printf(Locale.US, 'Add (g): %s%n', result)"
    },
    {
      "id": 13,
      "line": 38,
      "label": "System.out.printf(Locale.US, 'Approx. final pH: %.2f%n', finalPh)"
    },
    {
      "id": 14,
      "line": 0,
      "label": "end-catch"
    },
    {
      "id": 15,
      "line": 39,
      "label": "catch (IllegalArgumentException ex)"
    },
    {
      "id": 16,
      "line": 40,
      "label": "System.err.println('Error: ' + ex.getMessage())"
    },
    {
      "id": 17,
      "line": 41,
      "label": "System.exit(1)"
    },
    {
      "id": 18,
      "line": 42,
      "label": "catch (Exception ex)"
    },
    {
      "id": 19,
      "line": 43,
      "label": "ex.printStackTrace()"
    },
    {
      "id": 20,
      "line": 44,
      "label": "System.exit(2)"
    },
    {
      "id": 21,
      "line": 56,
      "label": "ParsedArgs (String[] args)"
    },
    {
      "id": 22,
      "line": 57,
      "label": "Map<String, String> map = new HashMap<>()"
    },
    {
      "id": 23,
      "line": 58,
      "label": "Pattern kv = Pattern.compile('(?<key>--\\\\w+)=?(?<value>.*)')"
    },
    {
      "id": 24,
      "line": 59,
      "label": "for (String a : args)"
    },
    {
      "id": 25,
      "line": 0,
      "label": "endfor"
    },
    {
      "id": 26,
      "line": 60,
      "label": "var m = kv.matcher(a)"
    },
    {
      "id": 27,
      "line": 61,
      "label": "if (!m.matches())"
    },
    {
      "id": 28,
      "line": 61,
      "label": "throw new IllegalArgumentException('Bad argument: ' + a)"
    },
    {
      "id": 29,
      "line": 0,
      "label": "endif"
    },
    {
      "id": 30,
      "line": 62,
      "label": "map.put(m.group('key').substring(2), m.group('value'))"
    },
    {
      "id": 31,
      "line": 65,
      "label": "crop = map.getOrDefault('crop', 'CUSTOM')"
    },
    {
      "id": 32,
      "line": 66,
      "label": "stage = map.getOrDefault('stage', 'VEG2')"
    },
    {
      "id": 33,
      "line": 67,
      "label": "volume = Double.parseDouble(map.getOrDefault('vol', '100L').replace('L', ''))"
    },
    {
      "id": 34,
      "line": 68,
      "label": "targetEc = Double.parseDouble(map.getOrDefault('targetEc', '2.0'))"
    },
    {
      "id": 35,
      "line": 69,
      "label": "targetPh = Double.parseDouble(map.getOrDefault('targetPh', '5.8'))"
    },
    {
      "id": 36,
      "line": 71,
      "label": "String waterRaw = map.getOrDefault('water', '')"
    },
    {
      "id": 37,
      "line": 72,
      "label": "if (!waterRaw.isEmpty())"
    },
    {
      "id": 38,
      "line": 73,
      "label": "for (String s : waterRaw.split(','))"
    },
    {
      "id": 39,
      "line": 0,
      "label": "endfor"
    },
    {
      "id": 40,
      "line": 74,
      "label": "String[] kv2 = s.trim().split('=')"
    },
    {
      "id": 41,
      "line": 75,
      "label": "waterMap.put(kv2[0], Double.valueOf(kv2[1]))"
    },
    {
      "id": 42,
      "line": 0,
      "label": "endif"
    },
    {
      "id": 43,
      "line": 81,
      "label": "record StageRecipe(Map<String, Integer> ppm)"
    },
    {
      "id": 44,
      "line": 83,
      "label": "record WaterProfile(Map<String,"
    },
    {
      "id": 45,
      "line": 0,
      "label": "block"
    },
    {
      "id": 46,
      "line": 84,
      "label": "WaterProfile(Map<String, Double> m)"
    },
    {
      "id": 47,
      "line": 85,
      "label": "super(new HashMap<>(m))"
    },
    {
      "id": 48,
      "line": 102,
      "label": "SolutionCalculator (StageRecipe target, WaterProfile water, double volume, double targetEc)"
    },
    {
      "id": 49,
      "line": 103,
      "label": "this.target = target"
    },
    {
      "id": 50,
      "line": 104,
      "label": "this.water = water"
    },
    {
      "id": 51,
      "line": 105,
      "label": "this.volume = volume"
    },
    {
      "id": 52,
      "line": 106,
      "label": "this.targetEc = targetEc"
    },
    {
      "id": 53,
      "line": 109,
      "label": "Map<String,Double> compute()"
    },
    {
      "id": 54,
      "line": 110,
      "label": "Map<String, Double> required = new HashMap<>()"
    },
    {
      "id": 55,
      "line": 111,
      "label": "for (Map.Entry<String, Integer> e : target.ppm().entrySet())"
    },
    {
      "id": 56,
      "line": 0,
      "label": "endfor"
    },
    {
      "id": 57,
      "line": 112,
      "label": "double needed = Math.max(0, e.getValue() - water.mgPerL().getOrDefault(e.getKey(), 0.0))"
    },
    {
      "id": 58,
      "line": 113,
      "label": "required.put(e.getKey(), gramsOfFertilizer(e.getKey(), needed))"
    },
    {
      "id": 59,
      "line": 116,
      "label": "double totalEcEstimate = required.values().stream() .map(g -> g * 1000 / volume) .reduce(0.0, Double::sum) * 0.6"
    },
    {
      "id": 60,
      "line": 120,
      "label": "double factor = targetEc / Math.max(0.01, totalEcEstimate)"
    },
    {
      "id": 61,
      "line": 121,
      "label": "required.replaceAll((k, v) -> v * factor)"
    },
    {
      "id": 62,
      "line": 123,
      "label": "return required;"
    },
    {
      "id": 63,
      "line": 126,
      "label": "double gramsOfFertilizer(String ion, double mgPerLNeeded)"
    },
    {
      "id": 64,
      "line": 127,
      "label": "return mgPerLNeeded * volume / 1000.0;"
    },
    {
      "id": 65,
      "line": 130,
      "label": "double adjustPh(double target, Map<String, Double> nutrientGrams)"
    },
    {
      "id": 66,
      "line": 132,
      "label": "double acid = nutrientGrams.getOrDefault('P', 0.0) * 0.01"
    },
    {
      "id": 67,
      "line": 133,
      "label": "double base = nutrientGrams.getOrDefault('K', 0.0) * 0.005"
    },
    {
      "id": 68,
      "line": 134,
      "label": "return 7.0 + acid - base;"
    }
  ],

  "edges": [
    {
      "id": 0,
      "source": 0,
      "target": 1,
      "label": ""
    },
    {
      "id": 1,
      "source": 1,
      "target": 3,
      "label": ""
    },
    {
      "id": 2,
      "source": 3,
      "target": 4,
      "label": ""
    },
    {
      "id": 3,
      "source": 4,
      "target": 5,
      "label": ""
    },
    {
      "id": 4,
      "source": 5,
      "target": 6,
      "label": "True"
    },
    {
      "id": 5,
      "source": 6,
      "target": 2,
      "label": "Throws"
    },
    {
      "id": 6,
      "source": 5,
      "target": 7,
      "label": "False"
    },
    {
      "id": 7,
      "source": 7,
      "target": 8,
      "label": ""
    },
    {
      "id": 8,
      "source": 8,
      "target": 9,
      "label": ""
    },
    {
      "id": 9,
      "source": 9,
      "target": 10,
      "label": ""
    },
    {
      "id": 10,
      "source": 10,
      "target": 11,
      "label": ""
    },
    {
      "id": 11,
      "source": 11,
      "target": 12,
      "label": ""
    },
    {
      "id": 12,
      "source": 12,
      "target": 13,
      "label": ""
    },
    {
      "id": 13,
      "source": 13,
      "target": 2,
      "label": ""
    },
    {
      "id": 14,
      "source": 2,
      "target": 15,
      "label": "Throws"
    },
    {
      "id": 15,
      "source": 15,
      "target": 16,
      "label": ""
    },
    {
      "id": 16,
      "source": 16,
      "target": 17,
      "label": ""
    },
    {
      "id": 17,
      "source": 17,
      "target": 14,
      "label": ""
    },
    {
      "id": 18,
      "source": 2,
      "target": 18,
      "label": "Throws"
    },
    {
      "id": 19,
      "source": 18,
      "target": 19,
      "label": ""
    },
    {
      "id": 20,
      "source": 19,
      "target": 20,
      "label": ""
    },
    {
      "id": 21,
      "source": 20,
      "target": 14,
      "label": ""
    },
    {
      "id": 22,
      "source": 14,
      "target": 2,
      "label": ""
    },
    {
      "id": 23,
      "source": 21,
      "target": 22,
      "label": ""
    },
    {
      "id": 24,
      "source": 22,
      "target": 23,
      "label": ""
    },
    {
      "id": 25,
      "source": 23,
      "target": 24,
      "label": ""
    },
    {
      "id": 26,
      "source": 24,
      "target": 25,
      "label": "False"
    },
    {
      "id": 27,
      "source": 24,
      "target": 26,
      "label": "True"
    },
    {
      "id": 28,
      "source": 26,
      "target": 27,
      "label": ""
    },
    {
      "id": 29,
      "source": 27,
      "target": 28,
      "label": "True"
    },
    {
      "id": 30,
      "source": 27,
      "target": 29,
      "label": "False"
    },
    {
      "id": 31,
      "source": 29,
      "target": 30,
      "label": ""
    },
    {
      "id": 32,
      "source": 30,
      "target": 24,
      "label": ""
    },
    {
      "id": 33,
      "source": 25,
      "target": 31,
      "label": ""
    },
    {
      "id": 34,
      "source": 31,
      "target": 32,
      "label": ""
    },
    {
      "id": 35,
      "source": 32,
      "target": 33,
      "label": ""
    },
    {
      "id": 36,
      "source": 33,
      "target": 34,
      "label": ""
    },
    {
      "id": 37,
      "source": 34,
      "target": 35,
      "label": ""
    },
    {
      "id": 38,
      "source": 35,
      "target": 36,
      "label": ""
    },
    {
      "id": 39,
      "source": 36,
      "target": 37,
      "label": ""
    },
    {
      "id": 40,
      "source": 37,
      "target": 38,
      "label": "True"
    },
    {
      "id": 41,
      "source": 38,
      "target": 39,
      "label": "False"
    },
    {
      "id": 42,
      "source": 38,
      "target": 40,
      "label": "True"
    },
    {
      "id": 43,
      "source": 40,
      "target": 41,
      "label": ""
    },
    {
      "id": 44,
      "source": 41,
      "target": 38,
      "label": ""
    },
    {
      "id": 45,
      "source": 39,
      "target": 42,
      "label": ""
    },
    {
      "id": 46,
      "source": 37,
      "target": 42,
      "label": "False"
    },
    {
      "id": 47,
      "source": 45,
      "target": 46,
      "label": ""
    },
    {
      "id": 48,
      "source": 46,
      "target": 47,
      "label": ""
    },
    {
      "id": 49,
      "source": 48,
      "target": 49,
      "label": ""
    },
    {
      "id": 50,
      "source": 49,
      "target": 50,
      "label": ""
    },
    {
      "id": 51,
      "source": 50,
      "target": 51,
      "label": ""
    },
    {
      "id": 52,
      "source": 51,
      "target": 52,
      "label": ""
    },
    {
      "id": 53,
      "source": 53,
      "target": 54,
      "label": ""
    },
    {
      "id": 54,
      "source": 54,
      "target": 55,
      "label": ""
    },
    {
      "id": 55,
      "source": 55,
      "target": 56,
      "label": "False"
    },
    {
      "id": 56,
      "source": 55,
      "target": 57,
      "label": "True"
    },
    {
      "id": 57,
      "source": 57,
      "target": 58,
      "label": ""
    },
    {
      "id": 58,
      "source": 58,
      "target": 55,
      "label": ""
    },
    {
      "id": 59,
      "source": 56,
      "target": 59,
      "label": ""
    },
    {
      "id": 60,
      "source": 59,
      "target": 60,
      "label": ""
    },
    {
      "id": 61,
      "source": 60,
      "target": 61,
      "label": ""
    },
    {
      "id": 62,
      "source": 61,
      "target": 62,
      "label": ""
    },
    {
      "id": 63,
      "source": 63,
      "target": 64,
      "label": ""
    },
    {
      "id": 64,
      "source": 65,
      "target": 66,
      "label": ""
    },
    {
      "id": 65,
      "source": 66,
      "target": 67,
      "label": ""
    },
    {
      "id": 66,
      "source": 67,
      "target": 68,
      "label": ""
    }
  ]
}
