{
  "directed": true,
  "multigraph": true,
  "label": "CFG of 41493.java",
  "type": "Control Flow Graph (CFG)",
  "file": "41493.java",
  "package": "cern.schumann.detector",

  "nodes": [
    {
      "id": 0,
      "line": 14,
      "label": "MuonicQuarkFlavorAnalyzer ()"
    },
    {
      "id": 1,
      "line": 15,
      "label": "this.rawSpectrum = new TreeMap<>()"
    },
    {
      "id": 2,
      "line": 19,
      "label": "double yield(int energyBin)"
    },
    {
      "id": 3,
      "line": 20,
      "label": "return rawSpectrum.getOrDefault(energyBin, 0.0);"
    },
    {
      "id": 4,
      "line": 24,
      "label": "void record(int energyBin, double counts)"
    },
    {
      "id": 5,
      "line": 25,
      "label": "if (energyBin < 0)"
    },
    {
      "id": 6,
      "line": 25,
      "label": "throw new IllegalArgumentException('Energy bin must be non-negative')"
    },
    {
      "id": 7,
      "line": 0,
      "label": "endif"
    },
    {
      "id": 8,
      "line": 26,
      "label": "if (Double.isNaN(counts) || counts < 0)"
    },
    {
      "id": 9,
      "line": 27,
      "label": "throw new IllegalArgumentException('Counts must be a non-negative real value')"
    },
    {
      "id": 10,
      "line": 0,
      "label": "endif"
    },
    {
      "id": 11,
      "line": 28,
      "label": "rawSpectrum.put(energyBin, counts)"
    },
    {
      "id": 12,
      "line": 34,
      "label": "FlavorDecorator (ParticleSpectrum delegate)"
    },
    {
      "id": 13,
      "line": 35,
      "label": "if (delegate == null)"
    },
    {
      "id": 14,
      "line": 35,
      "label": "throw new NullPointerException('Delegate spectrum must exist')"
    },
    {
      "id": 15,
      "line": 0,
      "label": "endif"
    },
    {
      "id": 16,
      "line": 36,
      "label": "this.delegate = delegate"
    },
    {
      "id": 17,
      "line": 40,
      "label": "double yield(int energyBin)"
    },
    {
      "id": 18,
      "line": 44,
      "label": "CharmFilter (ParticleSpectrum delegate)"
    },
    {
      "id": 19,
      "line": 44,
      "label": "super(delegate)"
    },
    {
      "id": 20,
      "line": 47,
      "label": "double yield(int energyBin)"
    },
    {
      "id": 21,
      "line": 48,
      "label": "double y = delegate.yield(energyBin)"
    },
    {
      "id": 22,
      "line": 49,
      "label": "return y > TOLERANCE ? y * 0.12 : 0.0;"
    },
    {
      "id": 23,
      "line": 55,
      "label": "BeautyNormalization (ParticleSpectrum delegate, String flavorKey)"
    },
    {
      "id": 24,
      "line": 56,
      "label": "super(delegate)"
    },
    {
      "id": 25,
      "line": 57,
      "label": "if (flavorKey == null || !VALID_FLAVOR_PATTERN.matcher(flavorKey).matches())"
    },
    {
      "id": 26,
      "line": 58,
      "label": "throw new IllegalArgumentException('Invalid flavor key supplied')"
    },
    {
      "id": 27,
      "line": 0,
      "label": "endif"
    },
    {
      "id": 28,
      "line": 59,
      "label": "this.flavorKey = flavorKey"
    },
    {
      "id": 29,
      "line": 63,
      "label": "double yield(int energyBin)"
    },
    {
      "id": 30,
      "line": 64,
      "label": "double y = delegate.yield(energyBin)"
    },
    {
      "id": 31,
      "line": 65,
      "label": "if (flavorKey.contains('B'))"
    },
    {
      "id": 32,
      "line": 66,
      "label": "double correction = Math.log(energyBin + 1) / 5.0"
    },
    {
      "id": 33,
      "line": 67,
      "label": "return y * (1 + correction);"
    },
    {
      "id": 34,
      "line": 0,
      "label": "endif"
    },
    {
      "id": 35,
      "line": 69,
      "label": "return y;"
    },
    {
      "id": 36,
      "line": 75,
      "label": "TopThresholdSmearing (ParticleSpectrum delegate)"
    },
    {
      "id": 37,
      "line": 76,
      "label": "super(delegate)"
    },
    {
      "id": 38,
      "line": 77,
      "label": "this.rng = new Random()"
    },
    {
      "id": 39,
      "line": 81,
      "label": "double yield(int energyBin)"
    },
    {
      "id": 40,
      "line": 82,
      "label": "double base = delegate.yield(energyBin)"
    },
    {
      "id": 41,
      "line": 83,
      "label": "if (energyBin < 173)"
    },
    {
      "id": 42,
      "line": 83,
      "label": "return base;"
    },
    {
      "id": 43,
      "line": 0,
      "label": "endif"
    },
    {
      "id": 44,
      "line": 84,
      "label": "double smear = (rng.nextGaussian() * 0.05) + 1.0"
    },
    {
      "id": 45,
      "line": 85,
      "label": "return base * Math.max(0.0, smear);"
    },
    {
      "id": 46,
      "line": 91,
      "label": "CPViolationPhase (ParticleSpectrum delegate, double phaseShift)"
    },
    {
      "id": 47,
      "line": 92,
      "label": "super(delegate)"
    },
    {
      "id": 48,
      "line": 93,
      "label": "this.phaseShift = phaseShift"
    },
    {
      "id": 49,
      "line": 97,
      "label": "double yield(int energyBin)"
    },
    {
      "id": 50,
      "line": 98,
      "label": "double y = delegate.yield(energyBin)"
    },
    {
      "id": 51,
      "line": 99,
      "label": "double modulation = 1 + 0.02 * Math.sin(phaseShift + energyBin * 0.1)"
    },
    {
      "id": 52,
      "line": 100,
      "label": "return y * modulation;"
    },
    {
      "id": 53,
      "line": 104,
      "label": "void main(String[] args)"
    },
    {
      "id": 54,
      "line": 105,
      "label": "MuonicQuarkFlavorAnalyzer raw = new MuonicQuarkFlavorAnalyzer()"
    },
    {
      "id": 55,
      "line": 106,
      "label": "raw.record(120, 840)"
    },
    {
      "id": 56,
      "line": 107,
      "label": "raw.record(175, 350)"
    },
    {
      "id": 57,
      "line": 109,
      "label": "ParticleSpectrum decorated = new CharmFilter( new BeautyNormalization( new TopThresholdSmearing( new CPViolationPhase(raw, Math.PI / 4)), 'BU' ) ) )"
    },
    {
      "id": 58,
      "line": 118,
      "label": "for (int e : new int[]{120, 175})"
    },
    {
      "id": 59,
      "line": 0,
      "label": "endfor"
    },
    {
      "id": 60,
      "line": 119,
      "label": "System.out.printf('E=%d GeV ? %.3f counts %n', e, decorated.yield(e))"
    }
  ],

  "edges": [
    {
      "id": 0,
      "source": 0,
      "target": 1,
      "label": ""
    },
    {
      "id": 1,
      "source": 2,
      "target": 3,
      "label": ""
    },
    {
      "id": 2,
      "source": 4,
      "target": 5,
      "label": ""
    },
    {
      "id": 3,
      "source": 5,
      "target": 6,
      "label": "True"
    },
    {
      "id": 4,
      "source": 5,
      "target": 7,
      "label": "False"
    },
    {
      "id": 5,
      "source": 7,
      "target": 8,
      "label": ""
    },
    {
      "id": 6,
      "source": 8,
      "target": 9,
      "label": "True"
    },
    {
      "id": 7,
      "source": 8,
      "target": 10,
      "label": "False"
    },
    {
      "id": 8,
      "source": 10,
      "target": 11,
      "label": ""
    },
    {
      "id": 9,
      "source": 12,
      "target": 13,
      "label": ""
    },
    {
      "id": 10,
      "source": 13,
      "target": 14,
      "label": "True"
    },
    {
      "id": 11,
      "source": 13,
      "target": 15,
      "label": "False"
    },
    {
      "id": 12,
      "source": 15,
      "target": 16,
      "label": ""
    },
    {
      "id": 13,
      "source": 18,
      "target": 19,
      "label": ""
    },
    {
      "id": 14,
      "source": 20,
      "target": 21,
      "label": ""
    },
    {
      "id": 15,
      "source": 21,
      "target": 22,
      "label": ""
    },
    {
      "id": 16,
      "source": 23,
      "target": 24,
      "label": ""
    },
    {
      "id": 17,
      "source": 24,
      "target": 25,
      "label": ""
    },
    {
      "id": 18,
      "source": 25,
      "target": 26,
      "label": "True"
    },
    {
      "id": 19,
      "source": 25,
      "target": 27,
      "label": "False"
    },
    {
      "id": 20,
      "source": 27,
      "target": 28,
      "label": ""
    },
    {
      "id": 21,
      "source": 29,
      "target": 30,
      "label": ""
    },
    {
      "id": 22,
      "source": 30,
      "target": 31,
      "label": ""
    },
    {
      "id": 23,
      "source": 31,
      "target": 32,
      "label": "True"
    },
    {
      "id": 24,
      "source": 32,
      "target": 33,
      "label": ""
    },
    {
      "id": 25,
      "source": 31,
      "target": 34,
      "label": "False"
    },
    {
      "id": 26,
      "source": 34,
      "target": 35,
      "label": ""
    },
    {
      "id": 27,
      "source": 36,
      "target": 37,
      "label": ""
    },
    {
      "id": 28,
      "source": 37,
      "target": 38,
      "label": ""
    },
    {
      "id": 29,
      "source": 39,
      "target": 40,
      "label": ""
    },
    {
      "id": 30,
      "source": 40,
      "target": 41,
      "label": ""
    },
    {
      "id": 31,
      "source": 41,
      "target": 42,
      "label": "True"
    },
    {
      "id": 32,
      "source": 41,
      "target": 43,
      "label": "False"
    },
    {
      "id": 33,
      "source": 43,
      "target": 44,
      "label": ""
    },
    {
      "id": 34,
      "source": 44,
      "target": 45,
      "label": ""
    },
    {
      "id": 35,
      "source": 46,
      "target": 47,
      "label": ""
    },
    {
      "id": 36,
      "source": 47,
      "target": 48,
      "label": ""
    },
    {
      "id": 37,
      "source": 49,
      "target": 50,
      "label": ""
    },
    {
      "id": 38,
      "source": 50,
      "target": 51,
      "label": ""
    },
    {
      "id": 39,
      "source": 51,
      "target": 52,
      "label": ""
    },
    {
      "id": 40,
      "source": 53,
      "target": 54,
      "label": ""
    },
    {
      "id": 41,
      "source": 54,
      "target": 55,
      "label": ""
    },
    {
      "id": 42,
      "source": 55,
      "target": 56,
      "label": ""
    },
    {
      "id": 43,
      "source": 56,
      "target": 57,
      "label": ""
    },
    {
      "id": 44,
      "source": 57,
      "target": 58,
      "label": ""
    },
    {
      "id": 45,
      "source": 58,
      "target": 59,
      "label": "False"
    },
    {
      "id": 46,
      "source": 58,
      "target": 60,
      "label": "True"
    },
    {
      "id": 47,
      "source": 60,
      "target": 58,
      "label": ""
    }
  ]
}
