{
  "directed": true,
  "multigraph": true,
  "label": "CFG of 41492.java",
  "type": "Control Flow Graph (CFG)",
  "file": "41492.java",
  "package": "io.forge.observatory.signal.radiance",

  "nodes": [
    {
      "id": 0,
      "line": 26,
      "label": "LiveRadianceObserver ()"
    },
    {
      "id": 1,
      "line": 28,
      "label": "LiveRadianceObserver getInstance()"
    },
    {
      "id": 2,
      "line": 29,
      "label": "return INSTANCE;"
    },
    {
      "id": 3,
      "line": 32,
      "label": "void registerListener(RadianceListener l)"
    },
    {
      "id": 4,
      "line": 33,
      "label": "Objects.requireNonNull(l, 'Listener cannot be null')"
    },
    {
      "id": 5,
      "line": 34,
      "label": "listeners.add(l)"
    },
    {
      "id": 6,
      "line": 37,
      "label": "void deregisterListener(RadianceListener l)"
    },
    {
      "id": 7,
      "line": 38,
      "label": "listeners.remove(l)"
    },
    {
      "id": 8,
      "line": 49,
      "label": "void arrive(Instant arrivalTime, double energyTeV, int catalogId)"
    },
    {
      "id": 9,
      "line": 50,
      "label": "if (arrivalTime == null)"
    },
    {
      "id": 10,
      "line": 50,
      "label": "throw new IllegalArgumentException('arrivalTime null')"
    },
    {
      "id": 11,
      "line": 0,
      "label": "endif"
    },
    {
      "id": 12,
      "line": 51,
      "label": "if (catalogId < 0 || catalogId > 4)"
    },
    {
      "id": 13,
      "line": 51,
      "label": "throw new IllegalArgumentException('Invalid catalogId')"
    },
    {
      "id": 14,
      "line": 0,
      "label": "endif"
    },
    {
      "id": 15,
      "line": 53,
      "label": "removeOld(arrivalTime)"
    },
    {
      "id": 16,
      "line": 54,
      "label": "photonTimestamps.put(arrivalTime, Double.doubleToLongBits(energyTeV))"
    },
    {
      "id": 17,
      "line": 56,
      "label": "double observed = photonTimestamps.size()"
    },
    {
      "id": 18,
      "line": 57,
      "label": "double expected = catalogFlux.get(catalogId) * WINDOW_MS / 1000.0"
    },
    {
      "id": 19,
      "line": 58,
      "label": "double deviation = (observed - expected) / Math.sqrt(expected)"
    },
    {
      "id": 20,
      "line": 60,
      "label": "if (Math.abs(deviation) >= SIGNIFICANCE_SIGMA && lastAlert.isBefore(arrivalTime.minusSeconds(5)))"
    },
    {
      "id": 21,
      "line": 62,
      "label": "lastAlert = arrivalTime"
    },
    {
      "id": 22,
      "line": 63,
      "label": "RadianceEvent evt = new RadianceEvent(arrivalTime, deviation, energyTeV, catalogId)"
    },
    {
      "id": 23,
      "line": 64,
      "label": "for (RadianceListener l : listeners)"
    },
    {
      "id": 24,
      "line": 0,
      "label": "endfor"
    },
    {
      "id": 25,
      "line": 65,
      "label": "try"
    },
    {
      "id": 26,
      "line": 0,
      "label": "end-try"
    },
    {
      "id": 27,
      "line": 66,
      "label": "l.onFluxAnomaly(evt)"
    },
    {
      "id": 28,
      "line": 0,
      "label": "end-catch"
    },
    {
      "id": 29,
      "line": 67,
      "label": "catch (Exception ex)"
    },
    {
      "id": 30,
      "line": 0,
      "label": "endif"
    },
    {
      "id": 31,
      "line": 74,
      "label": "void removeOld(Instant now)"
    },
    {
      "id": 32,
      "line": 75,
      "label": "Instant cut = now.minusMillis(WINDOW_MS)"
    },
    {
      "id": 33,
      "line": 76,
      "label": "photonTimestamps.headMap(cut, true).clear()"
    },
    {
      "id": 34,
      "line": 79,
      "label": "Map<Instant,Long> getCurrentWindow()"
    },
    {
      "id": 35,
      "line": 80,
      "label": "return Collections.unmodifiableNavigableMap(new TreeMap<>(photonTimestamps));"
    },
    {
      "id": 36,
      "line": 91,
      "label": "record RadianceEvent(Instant time, double sigmaDeviation, double energyTeV, int catalogId)"
    }
  ],

  "edges": [
    {
      "id": 0,
      "source": 1,
      "target": 2,
      "label": ""
    },
    {
      "id": 1,
      "source": 3,
      "target": 4,
      "label": ""
    },
    {
      "id": 2,
      "source": 4,
      "target": 5,
      "label": ""
    },
    {
      "id": 3,
      "source": 6,
      "target": 7,
      "label": ""
    },
    {
      "id": 4,
      "source": 8,
      "target": 9,
      "label": ""
    },
    {
      "id": 5,
      "source": 9,
      "target": 10,
      "label": "True"
    },
    {
      "id": 6,
      "source": 9,
      "target": 11,
      "label": "False"
    },
    {
      "id": 7,
      "source": 11,
      "target": 12,
      "label": ""
    },
    {
      "id": 8,
      "source": 12,
      "target": 13,
      "label": "True"
    },
    {
      "id": 9,
      "source": 12,
      "target": 14,
      "label": "False"
    },
    {
      "id": 10,
      "source": 14,
      "target": 15,
      "label": ""
    },
    {
      "id": 11,
      "source": 15,
      "target": 16,
      "label": ""
    },
    {
      "id": 12,
      "source": 16,
      "target": 17,
      "label": ""
    },
    {
      "id": 13,
      "source": 17,
      "target": 18,
      "label": ""
    },
    {
      "id": 14,
      "source": 18,
      "target": 19,
      "label": ""
    },
    {
      "id": 15,
      "source": 19,
      "target": 20,
      "label": ""
    },
    {
      "id": 16,
      "source": 20,
      "target": 21,
      "label": "True"
    },
    {
      "id": 17,
      "source": 21,
      "target": 22,
      "label": ""
    },
    {
      "id": 18,
      "source": 22,
      "target": 23,
      "label": ""
    },
    {
      "id": 19,
      "source": 23,
      "target": 24,
      "label": "False"
    },
    {
      "id": 20,
      "source": 23,
      "target": 25,
      "label": "True"
    },
    {
      "id": 21,
      "source": 25,
      "target": 27,
      "label": ""
    },
    {
      "id": 22,
      "source": 27,
      "target": 26,
      "label": ""
    },
    {
      "id": 23,
      "source": 26,
      "target": 29,
      "label": "Throws"
    },
    {
      "id": 24,
      "source": 29,
      "target": 28,
      "label": ""
    },
    {
      "id": 25,
      "source": 28,
      "target": 26,
      "label": ""
    },
    {
      "id": 26,
      "source": 26,
      "target": 23,
      "label": ""
    },
    {
      "id": 27,
      "source": 24,
      "target": 30,
      "label": ""
    },
    {
      "id": 28,
      "source": 20,
      "target": 30,
      "label": "False"
    },
    {
      "id": 29,
      "source": 31,
      "target": 32,
      "label": ""
    },
    {
      "id": 30,
      "source": 32,
      "target": 33,
      "label": ""
    },
    {
      "id": 31,
      "source": 34,
      "target": 35,
      "label": ""
    }
  ]
}
