{
  "directed": true,
  "multigraph": true,
  "label": "CFG of 41509.java",
  "type": "Control Flow Graph (CFG)",
  "file": "41509.java",
  "package": "com.cryptochroma.vault",

  "nodes": [
    {
      "id": 0,
      "line": 29,
      "label": "CryptochromeBlender ()"
    },
    {
      "id": 1,
      "line": 41,
      "label": "String blend(String plainText, String passphrase)"
    },
    {
      "id": 2,
      "line": 42,
      "label": "validateInputs(plainText, passphrase)"
    },
    {
      "id": 3,
      "line": 44,
      "label": "try"
    },
    {
      "id": 4,
      "line": 0,
      "label": "end-try"
    },
    {
      "id": 5,
      "line": 45,
      "label": "byte[] iv = generateIv()"
    },
    {
      "id": 6,
      "line": 46,
      "label": "SecretKeySpec keySpec = deriveKey(passphrase, iv)"
    },
    {
      "id": 7,
      "line": 48,
      "label": "Cipher cipher = Cipher.getInstance(MODE)"
    },
    {
      "id": 8,
      "line": 49,
      "label": "cipher.init(Cipher.ENCRYPT_MODE, keySpec, new IvParameterSpec(iv))"
    },
    {
      "id": 9,
      "line": 51,
      "label": "byte[] cipherBytes = cipher.doFinal(plainText.getBytes(StandardCharsets.UTF_8))"
    },
    {
      "id": 10,
      "line": 54,
      "label": "byte[] pack = new byte[iv.length + cipherBytes.length]"
    },
    {
      "id": 11,
      "line": 55,
      "label": "System.arraycopy(iv, 0, pack, 0, iv.length)"
    },
    {
      "id": 12,
      "line": 56,
      "label": "System.arraycopy(cipherBytes, 0, pack, iv.length, cipherBytes.length)"
    },
    {
      "id": 13,
      "line": 58,
      "label": "return Base64.getUrlEncoder().withoutPadding().encodeToString(pack);"
    },
    {
      "id": 14,
      "line": 0,
      "label": "end-catch"
    },
    {
      "id": 15,
      "line": 59,
      "label": "catch (Exception e)"
    },
    {
      "id": 16,
      "line": 60,
      "label": "throw new SecurityException('Palette encryption failed', e)"
    },
    {
      "id": 17,
      "line": 74,
      "label": "String unblend(String blendedText, String passphrase)"
    },
    {
      "id": 18,
      "line": 75,
      "label": "validateInputs(blendedText, passphrase)"
    },
    {
      "id": 19,
      "line": 77,
      "label": "try"
    },
    {
      "id": 20,
      "line": 0,
      "label": "end-try"
    },
    {
      "id": 21,
      "line": 78,
      "label": "byte[] pack = Base64.getUrlDecoder().decode(blendedText)"
    },
    {
      "id": 22,
      "line": 79,
      "label": "if (pack.length < IV_LENGTH_BYTES)"
    },
    {
      "id": 23,
      "line": 80,
      "label": "throw new IllegalArgumentException('Truncated palette')"
    },
    {
      "id": 24,
      "line": 0,
      "label": "endif"
    },
    {
      "id": 25,
      "line": 83,
      "label": "byte[] iv = Arrays.copyOfRange(pack, 0, IV_LENGTH_BYTES)"
    },
    {
      "id": 26,
      "line": 84,
      "label": "SecretKeySpec keySpec = deriveKey(passphrase, iv)"
    },
    {
      "id": 27,
      "line": 86,
      "label": "Cipher cipher = Cipher.getInstance(MODE)"
    },
    {
      "id": 28,
      "line": 87,
      "label": "cipher.init(Cipher.DECRYPT_MODE, keySpec, new IvParameterSpec(iv))"
    },
    {
      "id": 29,
      "line": 89,
      "label": "byte[] plainBytes = cipher.doFinal(pack, IV_LENGTH_BYTES, pack.length - IV_LENGTH_BYTES)"
    },
    {
      "id": 30,
      "line": 91,
      "label": "return new String(plainBytes, StandardCharsets.UTF_8);"
    },
    {
      "id": 31,
      "line": 0,
      "label": "end-catch"
    },
    {
      "id": 32,
      "line": 92,
      "label": "catch (Exception e)"
    },
    {
      "id": 33,
      "line": 93,
      "label": "throw new SecurityException('Palette decryption failed', e)"
    },
    {
      "id": 34,
      "line": 101,
      "label": "SecretKeySpec deriveKey(String passphrase, byte[] iv)"
    },
    {
      "id": 35,
      "line": 102,
      "label": "MessageDigest md = MessageDigest.getInstance('SHA-256')"
    },
    {
      "id": 36,
      "line": 103,
      "label": "md.update(passphrase.getBytes(StandardCharsets.UTF_8))"
    },
    {
      "id": 37,
      "line": 104,
      "label": "md.update(iv)"
    },
    {
      "id": 38,
      "line": 105,
      "label": "byte[] key = md.digest()"
    },
    {
      "id": 39,
      "line": 106,
      "label": "return new SecretKeySpec(key, ALGORITHM);"
    },
    {
      "id": 40,
      "line": 109,
      "label": "byte[] generateIv()"
    },
    {
      "id": 41,
      "line": 110,
      "label": "byte[] iv = new byte[IV_LENGTH_BYTES]"
    },
    {
      "id": 42,
      "line": 111,
      "label": "new SecureRandom().nextBytes(iv)"
    },
    {
      "id": 43,
      "line": 112,
      "label": "return iv;"
    },
    {
      "id": 44,
      "line": 115,
      "label": "void validateInputs(String text, String passphrase)"
    },
    {
      "id": 45,
      "line": 116,
      "label": "if (text == null || text.length() == 0)"
    },
    {
      "id": 46,
      "line": 117,
      "label": "throw new IllegalArgumentException('Plain/cipher text must be non-empty')"
    },
    {
      "id": 47,
      "line": 0,
      "label": "endif"
    },
    {
      "id": 48,
      "line": 119,
      "label": "if (text.length() > 1024)"
    },
    {
      "id": 49,
      "line": 120,
      "label": "throw new IllegalArgumentException('Input exceeds 1024 chars')"
    },
    {
      "id": 50,
      "line": 0,
      "label": "endif"
    },
    {
      "id": 51,
      "line": 122,
      "label": "if (passphrase == null || passphrase.trim().isEmpty())"
    },
    {
      "id": 52,
      "line": 123,
      "label": "throw new IllegalArgumentException('Passphrase must be non-empty')"
    },
    {
      "id": 53,
      "line": 0,
      "label": "endif"
    }
  ],

  "edges": [
    {
      "id": 0,
      "source": 1,
      "target": 2,
      "label": ""
    },
    {
      "id": 1,
      "source": 2,
      "target": 3,
      "label": ""
    },
    {
      "id": 2,
      "source": 3,
      "target": 5,
      "label": ""
    },
    {
      "id": 3,
      "source": 5,
      "target": 6,
      "label": ""
    },
    {
      "id": 4,
      "source": 6,
      "target": 7,
      "label": ""
    },
    {
      "id": 5,
      "source": 7,
      "target": 8,
      "label": ""
    },
    {
      "id": 6,
      "source": 8,
      "target": 9,
      "label": ""
    },
    {
      "id": 7,
      "source": 9,
      "target": 10,
      "label": ""
    },
    {
      "id": 8,
      "source": 10,
      "target": 11,
      "label": ""
    },
    {
      "id": 9,
      "source": 11,
      "target": 12,
      "label": ""
    },
    {
      "id": 10,
      "source": 12,
      "target": 13,
      "label": ""
    },
    {
      "id": 11,
      "source": 4,
      "target": 15,
      "label": "Throws"
    },
    {
      "id": 12,
      "source": 15,
      "target": 16,
      "label": ""
    },
    {
      "id": 13,
      "source": 16,
      "target": 4,
      "label": "Throws"
    },
    {
      "id": 14,
      "source": 14,
      "target": 4,
      "label": ""
    },
    {
      "id": 15,
      "source": 17,
      "target": 18,
      "label": ""
    },
    {
      "id": 16,
      "source": 18,
      "target": 19,
      "label": ""
    },
    {
      "id": 17,
      "source": 19,
      "target": 21,
      "label": ""
    },
    {
      "id": 18,
      "source": 21,
      "target": 22,
      "label": ""
    },
    {
      "id": 19,
      "source": 22,
      "target": 23,
      "label": "True"
    },
    {
      "id": 20,
      "source": 23,
      "target": 20,
      "label": "Throws"
    },
    {
      "id": 21,
      "source": 22,
      "target": 24,
      "label": "False"
    },
    {
      "id": 22,
      "source": 24,
      "target": 25,
      "label": ""
    },
    {
      "id": 23,
      "source": 25,
      "target": 26,
      "label": ""
    },
    {
      "id": 24,
      "source": 26,
      "target": 27,
      "label": ""
    },
    {
      "id": 25,
      "source": 27,
      "target": 28,
      "label": ""
    },
    {
      "id": 26,
      "source": 28,
      "target": 29,
      "label": ""
    },
    {
      "id": 27,
      "source": 29,
      "target": 30,
      "label": ""
    },
    {
      "id": 28,
      "source": 20,
      "target": 32,
      "label": "Throws"
    },
    {
      "id": 29,
      "source": 32,
      "target": 33,
      "label": ""
    },
    {
      "id": 30,
      "source": 33,
      "target": 20,
      "label": "Throws"
    },
    {
      "id": 31,
      "source": 31,
      "target": 20,
      "label": ""
    },
    {
      "id": 32,
      "source": 34,
      "target": 35,
      "label": ""
    },
    {
      "id": 33,
      "source": 35,
      "target": 36,
      "label": ""
    },
    {
      "id": 34,
      "source": 36,
      "target": 37,
      "label": ""
    },
    {
      "id": 35,
      "source": 37,
      "target": 38,
      "label": ""
    },
    {
      "id": 36,
      "source": 38,
      "target": 39,
      "label": ""
    },
    {
      "id": 37,
      "source": 40,
      "target": 41,
      "label": ""
    },
    {
      "id": 38,
      "source": 41,
      "target": 42,
      "label": ""
    },
    {
      "id": 39,
      "source": 42,
      "target": 43,
      "label": ""
    },
    {
      "id": 40,
      "source": 44,
      "target": 45,
      "label": ""
    },
    {
      "id": 41,
      "source": 45,
      "target": 46,
      "label": "True"
    },
    {
      "id": 42,
      "source": 45,
      "target": 47,
      "label": "False"
    },
    {
      "id": 43,
      "source": 47,
      "target": 48,
      "label": ""
    },
    {
      "id": 44,
      "source": 48,
      "target": 49,
      "label": "True"
    },
    {
      "id": 45,
      "source": 48,
      "target": 50,
      "label": "False"
    },
    {
      "id": 46,
      "source": 50,
      "target": 51,
      "label": ""
    },
    {
      "id": 47,
      "source": 51,
      "target": 52,
      "label": "True"
    },
    {
      "id": 48,
      "source": 51,
      "target": 53,
      "label": "False"
    }
  ]
}
