{
  "directed": true,
  "multigraph": true,
  "label": "CFG of 41508.java",
  "type": "Control Flow Graph (CFG)",
  "file": "41508.java",
  "package": "com.cryptochef.audit",

  "nodes": [
    {
      "id": 0,
      "line": 32,
      "label": "MerkleAuditLogger (String domain)"
    },
    {
      "id": 1,
      "line": 33,
      "label": "if (domain == null || domain.trim().isEmpty())"
    },
    {
      "id": 2,
      "line": 34,
      "label": "throw new IllegalArgumentException('Domain must be non-blank')"
    },
    {
      "id": 3,
      "line": 0,
      "label": "endif"
    },
    {
      "id": 4,
      "line": 35,
      "label": "this.domain = domain"
    },
    {
      "id": 5,
      "line": 36,
      "label": "this.sequence = new AtomicLong(0L)"
    },
    {
      "id": 6,
      "line": 37,
      "label": "this.entries = new Entries()"
    },
    {
      "id": 7,
      "line": 38,
      "label": "entries.putIfAbsent(0L, new Entry(0L, Instant.EPOCH, '[GENESIS]', 'SHA-256://'.concat(domain), digest('0')))"
    },
    {
      "id": 8,
      "line": 46,
      "label": "MerkleAuditLogger create(String domain)"
    },
    {
      "id": 9,
      "line": 47,
      "label": "return new MerkleAuditLogger(domain);"
    },
    {
      "id": 10,
      "line": 53,
      "label": "long append(String action, Supplier<String> payloadSupplier)"
    },
    {
      "id": 11,
      "line": 54,
      "label": "Objects.requireNonNull(action, 'Action')"
    },
    {
      "id": 12,
      "line": 55,
      "label": "Objects.requireNonNull(payloadSupplier, 'Payload supplier')"
    },
    {
      "id": 13,
      "line": 56,
      "label": "String payload = Objects.requireNonNull(payloadSupplier.get(), 'Payload')"
    },
    {
      "id": 14,
      "line": 58,
      "label": "long next = sequence.incrementAndGet()"
    },
    {
      "id": 15,
      "line": 59,
      "label": "long prevSeq = next - 1"
    },
    {
      "id": 16,
      "line": 60,
      "label": "Entry prev = entries.get(prevSeq)"
    },
    {
      "id": 17,
      "line": 61,
      "label": "if (prev == null)"
    },
    {
      "id": 18,
      "line": 62,
      "label": "throw new IllegalStateException('Chain broken: missing predecessor @' + prevSeq)"
    },
    {
      "id": 19,
      "line": 0,
      "label": "endif"
    },
    {
      "id": 20,
      "line": 64,
      "label": "Instant ts = Instant.now()"
    },
    {
      "id": 21,
      "line": 65,
      "label": "String prevHash = prev.currentHash"
    },
    {
      "id": 22,
      "line": 66,
      "label": "String data = next + '|' + ts + '|' + action + '|' + payload"
    },
    {
      "id": 23,
      "line": 67,
      "label": "String currentHash = digest(prevHash + '|' + data)"
    },
    {
      "id": 24,
      "line": 69,
      "label": "Entry e = new Entry(next, ts, action, payload, currentHash)"
    },
    {
      "id": 25,
      "line": 70,
      "label": "entries.put(next, e)"
    },
    {
      "id": 26,
      "line": 71,
      "label": "return next;"
    },
    {
      "id": 27,
      "line": 78,
      "label": "long verify(long maxSeq)"
    },
    {
      "id": 28,
      "line": 79,
      "label": "long cursor = 0L"
    },
    {
      "id": 29,
      "line": 80,
      "label": "Entry prev = entries.get(cursor)"
    },
    {
      "id": 30,
      "line": 81,
      "label": "if (prev == null)"
    },
    {
      "id": 31,
      "line": 81,
      "label": "return 0;"
    },
    {
      "id": 32,
      "line": 0,
      "label": "endif"
    },
    {
      "id": 33,
      "line": 82,
      "label": "if (!prev.currentHash.equals(digest('0|' + prev.timestamp + '|' + prev.action + '|' + prev.payload)))"
    },
    {
      "id": 34,
      "line": 83,
      "label": "return 0;"
    },
    {
      "id": 35,
      "line": 0,
      "label": "endif"
    },
    {
      "id": 36,
      "line": 85,
      "label": "while (cursor < maxSeq)"
    },
    {
      "id": 37,
      "line": 0,
      "label": "endwhile"
    },
    {
      "id": 38,
      "line": 86,
      "label": "cursor++"
    },
    {
      "id": 39,
      "line": 87,
      "label": "Entry curr = entries.get(cursor)"
    },
    {
      "id": 40,
      "line": 88,
      "label": "if (curr == null)"
    },
    {
      "id": 41,
      "line": 88,
      "label": "return cursor;"
    },
    {
      "id": 42,
      "line": 0,
      "label": "endif"
    },
    {
      "id": 43,
      "line": 89,
      "label": "String expected = digest(prev.currentHash + '|' + cursor + '|' + curr.timestamp + '|' + curr.action + '|' + curr.payload)"
    },
    {
      "id": 44,
      "line": 90,
      "label": "if (!expected.equals(curr.currentHash))"
    },
    {
      "id": 45,
      "line": 90,
      "label": "return cursor;"
    },
    {
      "id": 46,
      "line": 0,
      "label": "endif"
    },
    {
      "id": 47,
      "line": 91,
      "label": "prev = curr"
    },
    {
      "id": 48,
      "line": 93,
      "label": "return -1;"
    },
    {
      "id": 49,
      "line": 96,
      "label": "String digest(String data)"
    },
    {
      "id": 50,
      "line": 97,
      "label": "try"
    },
    {
      "id": 51,
      "line": 0,
      "label": "end-try"
    },
    {
      "id": 52,
      "line": 98,
      "label": "MessageDigest md = MessageDigest.getInstance('SHA-256')"
    },
    {
      "id": 53,
      "line": 99,
      "label": "byte[] hash = md.digest(data.getBytes(StandardCharsets.UTF_8))"
    },
    {
      "id": 54,
      "line": 100,
      "label": "StringBuilder sb = new StringBuilder(64)"
    },
    {
      "id": 55,
      "line": 101,
      "label": "for (byte b : hash)"
    },
    {
      "id": 56,
      "line": 0,
      "label": "endfor"
    },
    {
      "id": 57,
      "line": 101,
      "label": "sb.append(String.format('%02x', b))"
    },
    {
      "id": 58,
      "line": 102,
      "label": "return sb.toString();"
    },
    {
      "id": 59,
      "line": 0,
      "label": "end-catch"
    },
    {
      "id": 60,
      "line": 103,
      "label": "catch (NoSuchAlgorithmException impossible)"
    },
    {
      "id": 61,
      "line": 104,
      "label": "throw new InternalError(impossible)"
    },
    {
      "id": 62,
      "line": 116,
      "label": "Entry (long sequence, Instant timestamp, String action, String payload, String currentHash)"
    },
    {
      "id": 63,
      "line": 117,
      "label": "this.sequence = sequence"
    },
    {
      "id": 64,
      "line": 118,
      "label": "this.timestamp = timestamp"
    },
    {
      "id": 65,
      "line": 119,
      "label": "this.action = action"
    },
    {
      "id": 66,
      "line": 120,
      "label": "this.payload = payload"
    },
    {
      "id": 67,
      "line": 121,
      "label": "this.currentHash = currentHash"
    }
  ],

  "edges": [
    {
      "id": 0,
      "source": 0,
      "target": 1,
      "label": ""
    },
    {
      "id": 1,
      "source": 1,
      "target": 2,
      "label": "True"
    },
    {
      "id": 2,
      "source": 1,
      "target": 3,
      "label": "False"
    },
    {
      "id": 3,
      "source": 3,
      "target": 4,
      "label": ""
    },
    {
      "id": 4,
      "source": 4,
      "target": 5,
      "label": ""
    },
    {
      "id": 5,
      "source": 5,
      "target": 6,
      "label": ""
    },
    {
      "id": 6,
      "source": 6,
      "target": 7,
      "label": ""
    },
    {
      "id": 7,
      "source": 8,
      "target": 9,
      "label": ""
    },
    {
      "id": 8,
      "source": 10,
      "target": 11,
      "label": ""
    },
    {
      "id": 9,
      "source": 11,
      "target": 12,
      "label": ""
    },
    {
      "id": 10,
      "source": 12,
      "target": 13,
      "label": ""
    },
    {
      "id": 11,
      "source": 13,
      "target": 14,
      "label": ""
    },
    {
      "id": 12,
      "source": 14,
      "target": 15,
      "label": ""
    },
    {
      "id": 13,
      "source": 15,
      "target": 16,
      "label": ""
    },
    {
      "id": 14,
      "source": 16,
      "target": 17,
      "label": ""
    },
    {
      "id": 15,
      "source": 17,
      "target": 18,
      "label": "True"
    },
    {
      "id": 16,
      "source": 17,
      "target": 19,
      "label": "False"
    },
    {
      "id": 17,
      "source": 19,
      "target": 20,
      "label": ""
    },
    {
      "id": 18,
      "source": 20,
      "target": 21,
      "label": ""
    },
    {
      "id": 19,
      "source": 21,
      "target": 22,
      "label": ""
    },
    {
      "id": 20,
      "source": 22,
      "target": 23,
      "label": ""
    },
    {
      "id": 21,
      "source": 23,
      "target": 24,
      "label": ""
    },
    {
      "id": 22,
      "source": 24,
      "target": 25,
      "label": ""
    },
    {
      "id": 23,
      "source": 25,
      "target": 26,
      "label": ""
    },
    {
      "id": 24,
      "source": 27,
      "target": 28,
      "label": ""
    },
    {
      "id": 25,
      "source": 28,
      "target": 29,
      "label": ""
    },
    {
      "id": 26,
      "source": 29,
      "target": 30,
      "label": ""
    },
    {
      "id": 27,
      "source": 30,
      "target": 31,
      "label": "True"
    },
    {
      "id": 28,
      "source": 30,
      "target": 32,
      "label": "False"
    },
    {
      "id": 29,
      "source": 32,
      "target": 33,
      "label": ""
    },
    {
      "id": 30,
      "source": 33,
      "target": 34,
      "label": "True"
    },
    {
      "id": 31,
      "source": 33,
      "target": 35,
      "label": "False"
    },
    {
      "id": 32,
      "source": 35,
      "target": 36,
      "label": ""
    },
    {
      "id": 33,
      "source": 36,
      "target": 37,
      "label": "False"
    },
    {
      "id": 34,
      "source": 36,
      "target": 38,
      "label": "True"
    },
    {
      "id": 35,
      "source": 38,
      "target": 39,
      "label": ""
    },
    {
      "id": 36,
      "source": 39,
      "target": 40,
      "label": ""
    },
    {
      "id": 37,
      "source": 40,
      "target": 41,
      "label": "True"
    },
    {
      "id": 38,
      "source": 40,
      "target": 42,
      "label": "False"
    },
    {
      "id": 39,
      "source": 42,
      "target": 43,
      "label": ""
    },
    {
      "id": 40,
      "source": 43,
      "target": 44,
      "label": ""
    },
    {
      "id": 41,
      "source": 44,
      "target": 45,
      "label": "True"
    },
    {
      "id": 42,
      "source": 44,
      "target": 46,
      "label": "False"
    },
    {
      "id": 43,
      "source": 46,
      "target": 47,
      "label": ""
    },
    {
      "id": 44,
      "source": 47,
      "target": 36,
      "label": ""
    },
    {
      "id": 45,
      "source": 37,
      "target": 48,
      "label": ""
    },
    {
      "id": 46,
      "source": 49,
      "target": 50,
      "label": ""
    },
    {
      "id": 47,
      "source": 50,
      "target": 52,
      "label": ""
    },
    {
      "id": 48,
      "source": 52,
      "target": 53,
      "label": ""
    },
    {
      "id": 49,
      "source": 53,
      "target": 54,
      "label": ""
    },
    {
      "id": 50,
      "source": 54,
      "target": 55,
      "label": ""
    },
    {
      "id": 51,
      "source": 55,
      "target": 56,
      "label": "False"
    },
    {
      "id": 52,
      "source": 55,
      "target": 57,
      "label": "True"
    },
    {
      "id": 53,
      "source": 57,
      "target": 55,
      "label": ""
    },
    {
      "id": 54,
      "source": 56,
      "target": 58,
      "label": ""
    },
    {
      "id": 55,
      "source": 51,
      "target": 60,
      "label": "Throws"
    },
    {
      "id": 56,
      "source": 60,
      "target": 61,
      "label": ""
    },
    {
      "id": 57,
      "source": 61,
      "target": 51,
      "label": "Throws"
    },
    {
      "id": 58,
      "source": 59,
      "target": 51,
      "label": ""
    },
    {
      "id": 59,
      "source": 62,
      "target": 63,
      "label": ""
    },
    {
      "id": 60,
      "source": 63,
      "target": 64,
      "label": ""
    },
    {
      "id": 61,
      "source": 64,
      "target": 65,
      "label": ""
    },
    {
      "id": 62,
      "source": 65,
      "target": 66,
      "label": ""
    },
    {
      "id": 63,
      "source": 66,
      "target": 67,
      "label": ""
    }
  ]
}
