{
  "directed": true,
  "multigraph": true,
  "label": "CFG of 41667.java",
  "type": "Control Flow Graph (CFG)",
  "file": "41667.java",
  "package": "com.orbitalanomaly",

  "nodes": [
    {
      "id": 0,
      "line": 34,
      "label": "CubeSatLangmuirLog (Path logPath)"
    },
    {
      "id": 1,
      "line": 35,
      "label": "if (logPath == null)"
    },
    {
      "id": 2,
      "line": 35,
      "label": "throw new IllegalArgumentException('logPath must not be null')"
    },
    {
      "id": 3,
      "line": 0,
      "label": "endif"
    },
    {
      "id": 4,
      "line": 36,
      "label": "this.logPath = logPath"
    },
    {
      "id": 5,
      "line": 37,
      "label": "ensureFileExists()"
    },
    {
      "id": 6,
      "line": 43,
      "label": "void append(long epochNanos, float ne, short phi)"
    },
    {
      "id": 7,
      "line": 44,
      "label": "checkNotClosed()"
    },
    {
      "id": 8,
      "line": 45,
      "label": "try"
    },
    {
      "id": 9,
      "line": 45,
      "label": "var raf = new RandomAccessFile(logPath.toFile(), 'rw')"
    },
    {
      "id": 10,
      "line": 0,
      "label": "end-try"
    },
    {
      "id": 11,
      "line": 46,
      "label": "long pos = raf.length()"
    },
    {
      "id": 12,
      "line": 47,
      "label": "raf.seek(pos)"
    },
    {
      "id": 13,
      "line": 49,
      "label": "ByteBuffer bb = ByteBuffer.allocate(36).order(ByteOrder.LITTLE_ENDIAN)"
    },
    {
      "id": 14,
      "line": 50,
      "label": "bb.putInt((int) (epochNanos & 0xFFFFFFFFL)) .putFloat(ne) .putShort(phi)"
    },
    {
      "id": 15,
      "line": 53,
      "label": "byte[] payload = new byte[40]"
    },
    {
      "id": 16,
      "line": 54,
      "label": "bb.rewind()"
    },
    {
      "id": 17,
      "line": 54,
      "label": "bb.get(payload, 0, 36)"
    },
    {
      "id": 18,
      "line": 55,
      "label": "CRC32 crc = new CRC32()"
    },
    {
      "id": 19,
      "line": 56,
      "label": "crc.update(payload, 0, 36)"
    },
    {
      "id": 20,
      "line": 57,
      "label": "ByteBuffer.wrap(payload, 36, 4).order(ByteOrder.LITTLE_ENDIAN).putInt((int) crc.getValue())"
    },
    {
      "id": 21,
      "line": 59,
      "label": "raf.write(payload)"
    },
    {
      "id": 22,
      "line": 60,
      "label": "raf.getFD().sync()"
    },
    {
      "id": 23,
      "line": 68,
      "label": "double meanDensity(Instant start, Instant end)"
    },
    {
      "id": 24,
      "line": 69,
      "label": "checkNotClosed()"
    },
    {
      "id": 25,
      "line": 70,
      "label": "long from = start.getEpochSecond() * 1_000_000_000L + start.getNano()"
    },
    {
      "id": 26,
      "line": 71,
      "label": "long to = end.getEpochSecond() * 1_000_000_000L + end.getNano()"
    },
    {
      "id": 27,
      "line": 73,
      "label": "double sum = 0"
    },
    {
      "id": 28,
      "line": 74,
      "label": "long count = 0"
    },
    {
      "id": 29,
      "line": 76,
      "label": "try"
    },
    {
      "id": 30,
      "line": 76,
      "label": "var mm = Files.newByteChannel(logPath, StandardOpenOption.READ)"
    },
    {
      "id": 31,
      "line": 0,
      "label": "end-try"
    },
    {
      "id": 32,
      "line": 77,
      "label": "long fileSize = mm.size()"
    },
    {
      "id": 33,
      "line": 78,
      "label": "if (fileSize % 40 != 0 || fileSize == 0)"
    },
    {
      "id": 34,
      "line": 78,
      "label": "return Double.NaN;"
    },
    {
      "id": 35,
      "line": 0,
      "label": "endif"
    },
    {
      "id": 36,
      "line": 80,
      "label": "ByteBuffer buf = ByteBuffer.allocateDirect(40 * 1024).order(ByteOrder.LITTLE_ENDIAN)"
    },
    {
      "id": 37,
      "line": 81,
      "label": "long offset = 0"
    },
    {
      "id": 38,
      "line": 82,
      "label": "while (offset < fileSize)"
    },
    {
      "id": 39,
      "line": 0,
      "label": "endwhile"
    },
    {
      "id": 40,
      "line": 83,
      "label": "long remaining = fileSize - offset"
    },
    {
      "id": 41,
      "line": 84,
      "label": "int read = (int) Math.min(40 * 1024, remaining)"
    },
    {
      "id": 42,
      "line": 85,
      "label": "buf.limit(read)"
    },
    {
      "id": 43,
      "line": 86,
      "label": "buf.position(0)"
    },
    {
      "id": 44,
      "line": 87,
      "label": "int actual = mm.read(buf, offset)"
    },
    {
      "id": 45,
      "line": 88,
      "label": "if (actual <= 0)"
    },
    {
      "id": 46,
      "line": 88,
      "label": "break;"
    },
    {
      "id": 47,
      "line": 0,
      "label": "endif"
    },
    {
      "id": 48,
      "line": 90,
      "label": "buf.flip()"
    },
    {
      "id": 49,
      "line": 91,
      "label": "int p = 0"
    },
    {
      "id": 50,
      "line": 91,
      "label": "for (p + 40 <= actual)"
    },
    {
      "id": 51,
      "line": 91,
      "label": "p += 40"
    },
    {
      "id": 52,
      "line": 0,
      "label": "endfor"
    },
    {
      "id": 53,
      "line": 92,
      "label": "byte[] rec = new byte[40]"
    },
    {
      "id": 54,
      "line": 93,
      "label": "buf.position(p)"
    },
    {
      "id": 55,
      "line": 94,
      "label": "buf.get(rec)"
    },
    {
      "id": 56,
      "line": 96,
      "label": "CRC32 crc = new CRC32()"
    },
    {
      "id": 57,
      "line": 97,
      "label": "crc.update(rec, 0, 36)"
    },
    {
      "id": 58,
      "line": 98,
      "label": "int expected = (int) crc.getValue()"
    },
    {
      "id": 59,
      "line": 99,
      "label": "int actualCrc = ByteBuffer.wrap(rec, 36, 4) .order(ByteOrder.LITTLE_ENDIAN).getInt()"
    },
    {
      "id": 60,
      "line": 101,
      "label": "if (expected != actualCrc)"
    },
    {
      "id": 61,
      "line": 101,
      "label": "continue;"
    },
    {
      "id": 62,
      "line": 0,
      "label": "endif"
    },
    {
      "id": 63,
      "line": 103,
      "label": "long epochFraction = ByteBuffer.wrap(rec, 0, 4)  .order(ByteOrder.LITTLE_ENDIAN)  .getInt() & 0xFFFFFFFFL"
    },
    {
      "id": 64,
      "line": 106,
      "label": "float ne = ByteBuffer.wrap(rec, 4, 4)  .order(ByteOrder.LITTLE_ENDIAN)  .getFloat()"
    },
    {
      "id": 65,
      "line": 109,
      "label": "long fullEpoch = (Long.MAX_VALUE / 1_000_000_000L) * 1_000_000_000L + epochFraction"
    },
    {
      "id": 66,
      "line": 111,
      "label": "if (fullEpoch >= from && fullEpoch <= to)"
    },
    {
      "id": 67,
      "line": 112,
      "label": "sum += ne"
    },
    {
      "id": 68,
      "line": 113,
      "label": "count++"
    },
    {
      "id": 69,
      "line": 0,
      "label": "endif"
    },
    {
      "id": 70,
      "line": 116,
      "label": "offset += actual"
    },
    {
      "id": 71,
      "line": 119,
      "label": "return count == 0 ? Double.NaN : sum / count;"
    },
    {
      "id": 72,
      "line": 126,
      "label": "Duration span()"
    },
    {
      "id": 73,
      "line": 127,
      "label": "checkNotClosed()"
    },
    {
      "id": 74,
      "line": 128,
      "label": "try"
    },
    {
      "id": 75,
      "line": 128,
      "label": "var raf = new RandomAccessFile(logPath.toFile(), 'r')"
    },
    {
      "id": 76,
      "line": 0,
      "label": "end-try"
    },
    {
      "id": 77,
      "line": 129,
      "label": "long len = raf.length()"
    },
    {
      "id": 78,
      "line": 130,
      "label": "if (len < 40)"
    },
    {
      "id": 79,
      "line": 130,
      "label": "return Duration.ZERO;"
    },
    {
      "id": 80,
      "line": 0,
      "label": "endif"
    },
    {
      "id": 81,
      "line": 132,
      "label": "long firstNanos = readEpochFraction(raf, 0)"
    },
    {
      "id": 82,
      "line": 133,
      "label": "long lastNanos  = readEpochFraction(raf, len - 40)"
    },
    {
      "id": 83,
      "line": 134,
      "label": "return Duration.ofNanos(lastNanos - firstNanos);"
    },
    {
      "id": 84,
      "line": 138,
      "label": "void close()"
    },
    {
      "id": 85,
      "line": 139,
      "label": "closed = true"
    },
    {
      "id": 86,
      "line": 142,
      "label": "long readEpochFraction(RandomAccessFile raf, long offset)"
    },
    {
      "id": 87,
      "line": 143,
      "label": "raf.seek(offset)"
    },
    {
      "id": 88,
      "line": 144,
      "label": "byte[] b = new byte[4]"
    },
    {
      "id": 89,
      "line": 145,
      "label": "raf.readFully(b)"
    },
    {
      "id": 90,
      "line": 146,
      "label": "return ByteBuffer.wrap(b).order(ByteOrder.LITTLE_ENDIAN).getInt() & 0xFFFFFFFFL;"
    },
    {
      "id": 91,
      "line": 149,
      "label": "void ensureFileExists()"
    },
    {
      "id": 92,
      "line": 150,
      "label": "if (Files.notExists(logPath))"
    },
    {
      "id": 93,
      "line": 151,
      "label": "Files.createDirectories(logPath.getParent())"
    },
    {
      "id": 94,
      "line": 152,
      "label": "Files.createFile(logPath)"
    },
    {
      "id": 95,
      "line": 0,
      "label": "endif"
    },
    {
      "id": 96,
      "line": 156,
      "label": "void checkNotClosed()"
    },
    {
      "id": 97,
      "line": 157,
      "label": "if (closed)"
    },
    {
      "id": 98,
      "line": 157,
      "label": "throw new IllegalStateException('CubeSatLangmuirLog is closed')"
    },
    {
      "id": 99,
      "line": 0,
      "label": "endif"
    }
  ],

  "edges": [
    {
      "id": 0,
      "source": 0,
      "target": 1,
      "label": ""
    },
    {
      "id": 1,
      "source": 1,
      "target": 2,
      "label": "True"
    },
    {
      "id": 2,
      "source": 1,
      "target": 3,
      "label": "False"
    },
    {
      "id": 3,
      "source": 3,
      "target": 4,
      "label": ""
    },
    {
      "id": 4,
      "source": 4,
      "target": 5,
      "label": ""
    },
    {
      "id": 5,
      "source": 6,
      "target": 7,
      "label": ""
    },
    {
      "id": 6,
      "source": 7,
      "target": 8,
      "label": ""
    },
    {
      "id": 7,
      "source": 8,
      "target": 9,
      "label": ""
    },
    {
      "id": 8,
      "source": 9,
      "target": 11,
      "label": ""
    },
    {
      "id": 9,
      "source": 11,
      "target": 12,
      "label": ""
    },
    {
      "id": 10,
      "source": 12,
      "target": 13,
      "label": ""
    },
    {
      "id": 11,
      "source": 13,
      "target": 14,
      "label": ""
    },
    {
      "id": 12,
      "source": 14,
      "target": 15,
      "label": ""
    },
    {
      "id": 13,
      "source": 15,
      "target": 16,
      "label": ""
    },
    {
      "id": 14,
      "source": 16,
      "target": 17,
      "label": ""
    },
    {
      "id": 15,
      "source": 17,
      "target": 18,
      "label": ""
    },
    {
      "id": 16,
      "source": 18,
      "target": 19,
      "label": ""
    },
    {
      "id": 17,
      "source": 19,
      "target": 20,
      "label": ""
    },
    {
      "id": 18,
      "source": 20,
      "target": 21,
      "label": ""
    },
    {
      "id": 19,
      "source": 21,
      "target": 22,
      "label": ""
    },
    {
      "id": 20,
      "source": 22,
      "target": 10,
      "label": ""
    },
    {
      "id": 21,
      "source": 23,
      "target": 24,
      "label": ""
    },
    {
      "id": 22,
      "source": 24,
      "target": 25,
      "label": ""
    },
    {
      "id": 23,
      "source": 25,
      "target": 26,
      "label": ""
    },
    {
      "id": 24,
      "source": 26,
      "target": 27,
      "label": ""
    },
    {
      "id": 25,
      "source": 27,
      "target": 28,
      "label": ""
    },
    {
      "id": 26,
      "source": 28,
      "target": 29,
      "label": ""
    },
    {
      "id": 27,
      "source": 29,
      "target": 30,
      "label": ""
    },
    {
      "id": 28,
      "source": 30,
      "target": 32,
      "label": ""
    },
    {
      "id": 29,
      "source": 32,
      "target": 33,
      "label": ""
    },
    {
      "id": 30,
      "source": 33,
      "target": 34,
      "label": "True"
    },
    {
      "id": 31,
      "source": 33,
      "target": 35,
      "label": "False"
    },
    {
      "id": 32,
      "source": 35,
      "target": 36,
      "label": ""
    },
    {
      "id": 33,
      "source": 36,
      "target": 37,
      "label": ""
    },
    {
      "id": 34,
      "source": 37,
      "target": 38,
      "label": ""
    },
    {
      "id": 35,
      "source": 38,
      "target": 39,
      "label": "False"
    },
    {
      "id": 36,
      "source": 38,
      "target": 40,
      "label": "True"
    },
    {
      "id": 37,
      "source": 40,
      "target": 41,
      "label": ""
    },
    {
      "id": 38,
      "source": 41,
      "target": 42,
      "label": ""
    },
    {
      "id": 39,
      "source": 42,
      "target": 43,
      "label": ""
    },
    {
      "id": 40,
      "source": 43,
      "target": 44,
      "label": ""
    },
    {
      "id": 41,
      "source": 44,
      "target": 45,
      "label": ""
    },
    {
      "id": 42,
      "source": 45,
      "target": 46,
      "label": "True"
    },
    {
      "id": 43,
      "source": 46,
      "target": 39,
      "label": ""
    },
    {
      "id": 44,
      "source": 45,
      "target": 47,
      "label": "False"
    },
    {
      "id": 45,
      "source": 47,
      "target": 48,
      "label": ""
    },
    {
      "id": 46,
      "source": 48,
      "target": 49,
      "label": ""
    },
    {
      "id": 47,
      "source": 49,
      "target": 50,
      "label": ""
    },
    {
      "id": 48,
      "source": 50,
      "target": 52,
      "label": "False"
    },
    {
      "id": 49,
      "source": 50,
      "target": 53,
      "label": "True"
    },
    {
      "id": 50,
      "source": 53,
      "target": 54,
      "label": ""
    },
    {
      "id": 51,
      "source": 54,
      "target": 55,
      "label": ""
    },
    {
      "id": 52,
      "source": 55,
      "target": 56,
      "label": ""
    },
    {
      "id": 53,
      "source": 56,
      "target": 57,
      "label": ""
    },
    {
      "id": 54,
      "source": 57,
      "target": 58,
      "label": ""
    },
    {
      "id": 55,
      "source": 58,
      "target": 59,
      "label": ""
    },
    {
      "id": 56,
      "source": 59,
      "target": 60,
      "label": ""
    },
    {
      "id": 57,
      "source": 60,
      "target": 61,
      "label": "True"
    },
    {
      "id": 58,
      "source": 61,
      "target": 51,
      "label": ""
    },
    {
      "id": 59,
      "source": 60,
      "target": 62,
      "label": "False"
    },
    {
      "id": 60,
      "source": 62,
      "target": 63,
      "label": ""
    },
    {
      "id": 61,
      "source": 63,
      "target": 64,
      "label": ""
    },
    {
      "id": 62,
      "source": 64,
      "target": 65,
      "label": ""
    },
    {
      "id": 63,
      "source": 65,
      "target": 66,
      "label": ""
    },
    {
      "id": 64,
      "source": 66,
      "target": 67,
      "label": "True"
    },
    {
      "id": 65,
      "source": 67,
      "target": 68,
      "label": ""
    },
    {
      "id": 66,
      "source": 68,
      "target": 69,
      "label": ""
    },
    {
      "id": 67,
      "source": 66,
      "target": 69,
      "label": "False"
    },
    {
      "id": 68,
      "source": 69,
      "target": 51,
      "label": ""
    },
    {
      "id": 69,
      "source": 51,
      "target": 50,
      "label": ""
    },
    {
      "id": 70,
      "source": 52,
      "target": 70,
      "label": ""
    },
    {
      "id": 71,
      "source": 70,
      "target": 38,
      "label": ""
    },
    {
      "id": 72,
      "source": 39,
      "target": 31,
      "label": ""
    },
    {
      "id": 73,
      "source": 31,
      "target": 71,
      "label": ""
    },
    {
      "id": 74,
      "source": 72,
      "target": 73,
      "label": ""
    },
    {
      "id": 75,
      "source": 73,
      "target": 74,
      "label": ""
    },
    {
      "id": 76,
      "source": 74,
      "target": 75,
      "label": ""
    },
    {
      "id": 77,
      "source": 75,
      "target": 77,
      "label": ""
    },
    {
      "id": 78,
      "source": 77,
      "target": 78,
      "label": ""
    },
    {
      "id": 79,
      "source": 78,
      "target": 79,
      "label": "True"
    },
    {
      "id": 80,
      "source": 78,
      "target": 80,
      "label": "False"
    },
    {
      "id": 81,
      "source": 80,
      "target": 81,
      "label": ""
    },
    {
      "id": 82,
      "source": 81,
      "target": 82,
      "label": ""
    },
    {
      "id": 83,
      "source": 82,
      "target": 83,
      "label": ""
    },
    {
      "id": 84,
      "source": 84,
      "target": 85,
      "label": ""
    },
    {
      "id": 85,
      "source": 86,
      "target": 87,
      "label": ""
    },
    {
      "id": 86,
      "source": 87,
      "target": 88,
      "label": ""
    },
    {
      "id": 87,
      "source": 88,
      "target": 89,
      "label": ""
    },
    {
      "id": 88,
      "source": 89,
      "target": 90,
      "label": ""
    },
    {
      "id": 89,
      "source": 91,
      "target": 92,
      "label": ""
    },
    {
      "id": 90,
      "source": 92,
      "target": 93,
      "label": "True"
    },
    {
      "id": 91,
      "source": 93,
      "target": 94,
      "label": ""
    },
    {
      "id": 92,
      "source": 94,
      "target": 95,
      "label": ""
    },
    {
      "id": 93,
      "source": 92,
      "target": 95,
      "label": "False"
    },
    {
      "id": 94,
      "source": 96,
      "target": 97,
      "label": ""
    },
    {
      "id": 95,
      "source": 97,
      "target": 98,
      "label": "True"
    },
    {
      "id": 96,
      "source": 97,
      "target": 99,
      "label": "False"
    }
  ]
}
