{
  "directed": true,
  "multigraph": true,
  "label": "CFG of 41666.java",
  "type": "Control Flow Graph (CFG)",
  "file": "41666.java",
  "package": "org.cryptonite.trade",

  "nodes": [
    {
      "id": 0,
      "line": 35,
      "label": "DexSlippageOracle (BigDecimal targetVolume,  BigDecimal slippageCap,  BigDecimal poolReserveBase,  BigDecimal poolReserveQuote,  CountDownLatch doneSignal)"
    },
    {
      "id": 1,
      "line": 40,
      "label": "validateInput(targetVolume, slippageCap, poolReserveBase, poolReserveQuote, doneSignal)"
    },
    {
      "id": 2,
      "line": 41,
      "label": "this.targetVolume = targetVolume.setScale(SCALE, RoundingMode.HALF_UP)"
    },
    {
      "id": 3,
      "line": 42,
      "label": "this.slippageCap = slippageCap.setScale(SCALE, RoundingMode.HALF_UP)"
    },
    {
      "id": 4,
      "line": 43,
      "label": "this.poolReserveBase = poolReserveBase.setScale(SCALE, RoundingMode.HALF_UP)"
    },
    {
      "id": 5,
      "line": 44,
      "label": "this.poolReserveQuote = poolReserveQuote.setScale(SCALE, RoundingMode.HALF_UP)"
    },
    {
      "id": 6,
      "line": 45,
      "label": "this.doneSignal = doneSignal"
    },
    {
      "id": 7,
      "line": 49,
      "label": "void run()"
    },
    {
      "id": 8,
      "line": 50,
      "label": "try"
    },
    {
      "id": 9,
      "line": 0,
      "label": "end-try"
    },
    {
      "id": 10,
      "line": 51,
      "label": "BigDecimal impact = computeExpectedImpact()"
    },
    {
      "id": 11,
      "line": 52,
      "label": "boolean breach = impact.compareTo(slippageCap) > 0"
    },
    {
      "id": 12,
      "line": 53,
      "label": "if (breach)"
    },
    {
      "id": 13,
      "line": 54,
      "label": "System.err.println('SLIPPAGE BREACH! Expected ' + impact.movePointLeft(2) + '%')"
    },
    {
      "id": 14,
      "line": 0,
      "label": "endif"
    },
    {
      "id": 15,
      "line": 56,
      "label": "System.out.println('Slippage OK @ ' + impact.movePointLeft(2) + '%')"
    },
    {
      "id": 16,
      "line": 60,
      "label": "finally"
    },
    {
      "id": 17,
      "line": 61,
      "label": "doneSignal.countDown()"
    },
    {
      "id": 18,
      "line": 0,
      "label": "end-finally"
    },
    {
      "id": 19,
      "line": 0,
      "label": "end-catch"
    },
    {
      "id": 20,
      "line": 58,
      "label": "catch (Exception t)"
    },
    {
      "id": 21,
      "line": 59,
      "label": "System.err.println('Oracle failure: ' + t.getMessage())"
    },
    {
      "id": 22,
      "line": 65,
      "label": "BigDecimal computeExpectedImpact()"
    },
    {
      "id": 23,
      "line": 67,
      "label": "BigDecimal gammaShape = BigDecimal.valueOf(3.5)"
    },
    {
      "id": 24,
      "line": 68,
      "label": "BigDecimal gammaScale = BigDecimal.valueOf(0.25)"
    },
    {
      "id": 25,
      "line": 69,
      "label": "BigDecimal imbalance = approximateGamma(ThreadLocalRandom.current(), gammaShape, gammaScale)"
    },
    {
      "id": 26,
      "line": 72,
      "label": "BigDecimal kOriginal = poolReserveBase.multiply(poolReserveQuote)"
    },
    {
      "id": 27,
      "line": 73,
      "label": "BigDecimal targetAfterBase = poolReserveBase.add(targetVolume)"
    },
    {
      "id": 28,
      "line": 74,
      "label": "BigDecimal targetQuote = kOriginal.divide(targetAfterBase, SCALE, RoundingMode.HALF_UP)"
    },
    {
      "id": 29,
      "line": 76,
      "label": "BigDecimal deltaQuote = poolReserveQuote.subtract(targetQuote)"
    },
    {
      "id": 30,
      "line": 77,
      "label": "BigDecimal impact = targetVolume.compareTo(BigDecimal.ZERO) == 0 ? BigDecimal.ZERO : deltaQuote.subtract(imbalance).divide(targetVolume, SCALE, RoundingMode.HALF_UP).abs()"
    },
    {
      "id": 31,
      "line": 82,
      "label": "BigDecimal mevShock = BigDecimal.valueOf(ThreadLocalRandom.current().nextDouble() < 0.12 ? ThreadLocalRandom.current().nextDouble(0.01, 0.03)  // 12 % chance of 1-3 % shock : 0.0)"
    },
    {
      "id": 32,
      "line": 85,
      "label": "return impact.add(mevShock).setScale(SCALE, RoundingMode.HALF_UP);"
    },
    {
      "id": 33,
      "line": 89,
      "label": "BigDecimal approximateGamma(ThreadLocalRandom rng, BigDecimal shape, BigDecimal scale)"
    },
    {
      "id": 34,
      "line": 92,
      "label": "double d = shape.doubleValue()"
    },
    {
      "id": 35,
      "line": 93,
      "label": "double c = 1.0 / Math.sqrt(2 * d - 1)"
    },
    {
      "id": 36,
      "line": 94,
      "label": "double v"
    },
    {
      "id": 37,
      "line": 95,
      "label": "while (true)"
    },
    {
      "id": 38,
      "line": 0,
      "label": "endwhile"
    },
    {
      "id": 39,
      "line": 96,
      "label": "double z = Math.cos(Math.PI * rng.nextDouble()) * c"
    },
    {
      "id": 40,
      "line": 97,
      "label": "if (z <= -1)"
    },
    {
      "id": 41,
      "line": 97,
      "label": "continue;"
    },
    {
      "id": 42,
      "line": 0,
      "label": "endif"
    },
    {
      "id": 43,
      "line": 98,
      "label": "v = Math.pow(1 + z, 2) * d"
    },
    {
      "id": 44,
      "line": 99,
      "label": "if (Math.log(rng.nextDouble()) < 0.5 * z * z + d * Math.log(v / d) - v + d)"
    },
    {
      "id": 45,
      "line": 99,
      "label": "break;"
    },
    {
      "id": 46,
      "line": 0,
      "label": "endif"
    },
    {
      "id": 47,
      "line": 101,
      "label": "return BigDecimal.valueOf(v).multiply(scale).setScale(SCALE, RoundingMode.HALF_UP);"
    },
    {
      "id": 48,
      "line": 104,
      "label": "void validateInput(BigDecimal... args)"
    },
    {
      "id": 49,
      "line": 105,
      "label": "Arrays.stream(args).forEach(arg ->"
    },
    {
      "id": 50,
      "line": 106,
      "label": "if (arg == null)"
    },
    {
      "id": 51,
      "line": 106,
      "label": "throw new IllegalArgumentException('Null argument')"
    },
    {
      "id": 52,
      "line": 0,
      "label": "endif"
    },
    {
      "id": 53,
      "line": 108,
      "label": "if (args[0].signum() <= 0)"
    },
    {
      "id": 54,
      "line": 108,
      "label": "throw new IllegalArgumentException('targetVolume must be > 0')"
    },
    {
      "id": 55,
      "line": 0,
      "label": "endif"
    },
    {
      "id": 56,
      "line": 109,
      "label": "if (args[1].signum() <= 0 || args[1].compareTo(BigDecimal.ONE) >= 0)"
    },
    {
      "id": 57,
      "line": 110,
      "label": "throw new IllegalArgumentException('slippageCap must be (0,1)')"
    },
    {
      "id": 58,
      "line": 0,
      "label": "endif"
    },
    {
      "id": 59,
      "line": 114,
      "label": "void main(String[] args)"
    },
    {
      "id": 60,
      "line": 115,
      "label": "CountDownLatch latch = new CountDownLatch(1)"
    },
    {
      "id": 61,
      "line": 116,
      "label": "DexSlippageOracle oracle = new DexSlippageOracle( new BigDecimal('100'),  // 100 token volume new BigDecimal('0.05'), // 5 % max slippage new BigDecimal('1000000'),  // pool base reserve new BigDecimal('1000000'),  // pool quote reserve latch)"
    },
    {
      "id": 62,
      "line": 122,
      "label": "new Thread(oracle).start()"
    },
    {
      "id": 63,
      "line": 123,
      "label": "latch.await()"
    }
  ],

  "edges": [
    {
      "id": 0,
      "source": 0,
      "target": 1,
      "label": ""
    },
    {
      "id": 1,
      "source": 1,
      "target": 2,
      "label": ""
    },
    {
      "id": 2,
      "source": 2,
      "target": 3,
      "label": ""
    },
    {
      "id": 3,
      "source": 3,
      "target": 4,
      "label": ""
    },
    {
      "id": 4,
      "source": 4,
      "target": 5,
      "label": ""
    },
    {
      "id": 5,
      "source": 5,
      "target": 6,
      "label": ""
    },
    {
      "id": 6,
      "source": 7,
      "target": 8,
      "label": ""
    },
    {
      "id": 7,
      "source": 8,
      "target": 10,
      "label": ""
    },
    {
      "id": 8,
      "source": 10,
      "target": 11,
      "label": ""
    },
    {
      "id": 9,
      "source": 11,
      "target": 12,
      "label": ""
    },
    {
      "id": 10,
      "source": 12,
      "target": 13,
      "label": "True"
    },
    {
      "id": 11,
      "source": 13,
      "target": 14,
      "label": ""
    },
    {
      "id": 12,
      "source": 12,
      "target": 15,
      "label": "False"
    },
    {
      "id": 13,
      "source": 15,
      "target": 14,
      "label": ""
    },
    {
      "id": 14,
      "source": 14,
      "target": 9,
      "label": ""
    },
    {
      "id": 15,
      "source": 9,
      "target": 16,
      "label": ""
    },
    {
      "id": 16,
      "source": 16,
      "target": 17,
      "label": ""
    },
    {
      "id": 17,
      "source": 17,
      "target": 18,
      "label": ""
    },
    {
      "id": 18,
      "source": 9,
      "target": 20,
      "label": "Throws"
    },
    {
      "id": 19,
      "source": 20,
      "target": 21,
      "label": ""
    },
    {
      "id": 20,
      "source": 21,
      "target": 19,
      "label": ""
    },
    {
      "id": 21,
      "source": 19,
      "target": 16,
      "label": ""
    },
    {
      "id": 22,
      "source": 22,
      "target": 23,
      "label": ""
    },
    {
      "id": 23,
      "source": 23,
      "target": 24,
      "label": ""
    },
    {
      "id": 24,
      "source": 24,
      "target": 25,
      "label": ""
    },
    {
      "id": 25,
      "source": 25,
      "target": 26,
      "label": ""
    },
    {
      "id": 26,
      "source": 26,
      "target": 27,
      "label": ""
    },
    {
      "id": 27,
      "source": 27,
      "target": 28,
      "label": ""
    },
    {
      "id": 28,
      "source": 28,
      "target": 29,
      "label": ""
    },
    {
      "id": 29,
      "source": 29,
      "target": 30,
      "label": ""
    },
    {
      "id": 30,
      "source": 30,
      "target": 31,
      "label": ""
    },
    {
      "id": 31,
      "source": 31,
      "target": 32,
      "label": ""
    },
    {
      "id": 32,
      "source": 33,
      "target": 34,
      "label": ""
    },
    {
      "id": 33,
      "source": 34,
      "target": 35,
      "label": ""
    },
    {
      "id": 34,
      "source": 35,
      "target": 36,
      "label": ""
    },
    {
      "id": 35,
      "source": 36,
      "target": 37,
      "label": ""
    },
    {
      "id": 36,
      "source": 37,
      "target": 38,
      "label": "False"
    },
    {
      "id": 37,
      "source": 37,
      "target": 39,
      "label": "True"
    },
    {
      "id": 38,
      "source": 39,
      "target": 40,
      "label": ""
    },
    {
      "id": 39,
      "source": 40,
      "target": 41,
      "label": "True"
    },
    {
      "id": 40,
      "source": 41,
      "target": 37,
      "label": ""
    },
    {
      "id": 41,
      "source": 40,
      "target": 42,
      "label": "False"
    },
    {
      "id": 42,
      "source": 42,
      "target": 43,
      "label": ""
    },
    {
      "id": 43,
      "source": 43,
      "target": 44,
      "label": ""
    },
    {
      "id": 44,
      "source": 44,
      "target": 45,
      "label": "True"
    },
    {
      "id": 45,
      "source": 45,
      "target": 38,
      "label": ""
    },
    {
      "id": 46,
      "source": 44,
      "target": 46,
      "label": "False"
    },
    {
      "id": 47,
      "source": 46,
      "target": 37,
      "label": ""
    },
    {
      "id": 48,
      "source": 38,
      "target": 47,
      "label": ""
    },
    {
      "id": 49,
      "source": 48,
      "target": 49,
      "label": ""
    },
    {
      "id": 50,
      "source": 49,
      "target": 50,
      "label": ""
    },
    {
      "id": 51,
      "source": 50,
      "target": 51,
      "label": "True"
    },
    {
      "id": 52,
      "source": 50,
      "target": 52,
      "label": "False"
    },
    {
      "id": 53,
      "source": 52,
      "target": 53,
      "label": ""
    },
    {
      "id": 54,
      "source": 53,
      "target": 54,
      "label": "True"
    },
    {
      "id": 55,
      "source": 53,
      "target": 55,
      "label": "False"
    },
    {
      "id": 56,
      "source": 55,
      "target": 56,
      "label": ""
    },
    {
      "id": 57,
      "source": 56,
      "target": 57,
      "label": "True"
    },
    {
      "id": 58,
      "source": 56,
      "target": 58,
      "label": "False"
    },
    {
      "id": 59,
      "source": 59,
      "target": 60,
      "label": ""
    },
    {
      "id": 60,
      "source": 60,
      "target": 61,
      "label": ""
    },
    {
      "id": 61,
      "source": 61,
      "target": 62,
      "label": ""
    },
    {
      "id": 62,
      "source": 62,
      "target": 63,
      "label": ""
    }
  ]
}
