{
  "directed": true,
  "multigraph": true,
  "label": "CFG of 41803.java",
  "type": "Control Flow Graph (CFG)",
  "file": "41803.java",
  "package": "",

  "nodes": [
    {
      "id": 0,
      "line": 18,
      "label": "String generateVerse(String text)"
    },
    {
      "id": 1,
      "line": 19,
      "label": "if (text == null || text.trim().isEmpty())"
    },
    {
      "id": 2,
      "line": 20,
      "label": "throw new IllegalArgumentException('Input text cannot be empty.')"
    },
    {
      "id": 3,
      "line": 0,
      "label": "endif"
    },
    {
      "id": 4,
      "line": 23,
      "label": "Map<String, String> headers = new HashMap<>()"
    },
    {
      "id": 5,
      "line": 24,
      "label": "headers.put('Authorization', 'Bearer your_api_key')"
    },
    {
      "id": 6,
      "line": 26,
      "label": "URL obj = new URL(API_URL)"
    },
    {
      "id": 7,
      "line": 27,
      "label": "HttpURLConnection con = (HttpURLConnection) obj.openConnection()"
    },
    {
      "id": 8,
      "line": 28,
      "label": "con.setRequestMethod('POST')"
    },
    {
      "id": 9,
      "line": 29,
      "label": "con.setRequestProperty('Content-Type', 'application/json')"
    },
    {
      "id": 10,
      "line": 30,
      "label": "con.setRequestProperty('Accept', 'application/json')"
    },
    {
      "id": 11,
      "line": 31,
      "label": "con.setDoOutput(true)"
    },
    {
      "id": 12,
      "line": 33,
      "label": "String jsonData = '{\\'text\\': \\'' + text + '\\'}'"
    },
    {
      "id": 13,
      "line": 34,
      "label": "con.getOutputStream().write(jsonData.getBytes())"
    },
    {
      "id": 14,
      "line": 36,
      "label": "BufferedReader in = new BufferedReader(new InputStreamReader(con.getInputStream()))"
    },
    {
      "id": 15,
      "line": 37,
      "label": "String inputLine"
    },
    {
      "id": 16,
      "line": 38,
      "label": "StringBuilder response = new StringBuilder()"
    },
    {
      "id": 17,
      "line": 40,
      "label": "while ((inputLine = in.readLine()) != null)"
    },
    {
      "id": 18,
      "line": 0,
      "label": "endwhile"
    },
    {
      "id": 19,
      "line": 41,
      "label": "response.append(inputLine)"
    },
    {
      "id": 20,
      "line": 43,
      "label": "in.close()"
    },
    {
      "id": 21,
      "line": 44,
      "label": "con.disconnect()"
    },
    {
      "id": 22,
      "line": 50,
      "label": "String verse"
    },
    {
      "id": 23,
      "line": 52,
      "label": "return verse;"
    }
  ],

  "edges": [
    {
      "id": 0,
      "source": 0,
      "target": 1,
      "label": ""
    },
    {
      "id": 1,
      "source": 1,
      "target": 2,
      "label": "True"
    },
    {
      "id": 2,
      "source": 1,
      "target": 3,
      "label": "False"
    },
    {
      "id": 3,
      "source": 3,
      "target": 4,
      "label": ""
    },
    {
      "id": 4,
      "source": 4,
      "target": 5,
      "label": ""
    },
    {
      "id": 5,
      "source": 5,
      "target": 6,
      "label": ""
    },
    {
      "id": 6,
      "source": 6,
      "target": 7,
      "label": ""
    },
    {
      "id": 7,
      "source": 7,
      "target": 8,
      "label": ""
    },
    {
      "id": 8,
      "source": 8,
      "target": 9,
      "label": ""
    },
    {
      "id": 9,
      "source": 9,
      "target": 10,
      "label": ""
    },
    {
      "id": 10,
      "source": 10,
      "target": 11,
      "label": ""
    },
    {
      "id": 11,
      "source": 11,
      "target": 12,
      "label": ""
    },
    {
      "id": 12,
      "source": 12,
      "target": 13,
      "label": ""
    },
    {
      "id": 13,
      "source": 13,
      "target": 14,
      "label": ""
    },
    {
      "id": 14,
      "source": 14,
      "target": 15,
      "label": ""
    },
    {
      "id": 15,
      "source": 15,
      "target": 16,
      "label": ""
    },
    {
      "id": 16,
      "source": 16,
      "target": 17,
      "label": ""
    },
    {
      "id": 17,
      "source": 17,
      "target": 18,
      "label": "False"
    },
    {
      "id": 18,
      "source": 17,
      "target": 19,
      "label": "True"
    },
    {
      "id": 19,
      "source": 19,
      "target": 17,
      "label": ""
    },
    {
      "id": 20,
      "source": 18,
      "target": 20,
      "label": ""
    },
    {
      "id": 21,
      "source": 20,
      "target": 21,
      "label": ""
    },
    {
      "id": 22,
      "source": 21,
      "target": 22,
      "label": ""
    },
    {
      "id": 23,
      "source": 22,
      "target": 23,
      "label": ""
    }
  ]
}
