{
  "directed": true,
  "multigraph": true,
  "label": "CFG of 41802.java",
  "type": "Control Flow Graph (CFG)",
  "file": "41802.java",
  "package": "",

  "nodes": [
    {
      "id": 0,
      "line": 16,
      "label": "String findQuantumPath(String filePath)"
    },
    {
      "id": 1,
      "line": 17,
      "label": "Properties map = new Properties()"
    },
    {
      "id": 2,
      "line": 18,
      "label": "map.load(new java.io.FileInputStream(filePath))"
    },
    {
      "id": 3,
      "line": 20,
      "label": "Map<String, Double> probabilities = new HashMap<>()"
    },
    {
      "id": 4,
      "line": 21,
      "label": "for (String key : map.stringPropertyNames())"
    },
    {
      "id": 5,
      "line": 0,
      "label": "endfor"
    },
    {
      "id": 6,
      "line": 22,
      "label": "probabilities.put(key, map.getDouble(key))"
    },
    {
      "id": 7,
      "line": 25,
      "label": "String startNode = null"
    },
    {
      "id": 8,
      "line": 26,
      "label": "for (String node : probabilities.keySet())"
    },
    {
      "id": 9,
      "line": 0,
      "label": "endfor"
    },
    {
      "id": 10,
      "line": 27,
      "label": "if (probabilities.get(node) == 1.0)"
    },
    {
      "id": 11,
      "line": 28,
      "label": "startNode = node"
    },
    {
      "id": 12,
      "line": 29,
      "label": "break;"
    },
    {
      "id": 13,
      "line": 0,
      "label": "endif"
    },
    {
      "id": 14,
      "line": 33,
      "label": "if (startNode == null)"
    },
    {
      "id": 15,
      "line": 34,
      "label": "throw new IllegalArgumentException('File must contain a start node with probability of 1.0')"
    },
    {
      "id": 16,
      "line": 0,
      "label": "endif"
    },
    {
      "id": 17,
      "line": 37,
      "label": "String path = startNode"
    },
    {
      "id": 18,
      "line": 38,
      "label": "double maxProbability = 0"
    },
    {
      "id": 19,
      "line": 40,
      "label": "for (String node : probabilities.keySet())"
    },
    {
      "id": 20,
      "line": 0,
      "label": "endfor"
    },
    {
      "id": 21,
      "line": 41,
      "label": "if (node.equals(startNode))"
    },
    {
      "id": 22,
      "line": 42,
      "label": "continue;"
    },
    {
      "id": 23,
      "line": 0,
      "label": "endif"
    },
    {
      "id": 24,
      "line": 45,
      "label": "double currentProbability = probabilities.get(node)"
    },
    {
      "id": 25,
      "line": 46,
      "label": "if (currentProbability > maxProbability)"
    },
    {
      "id": 26,
      "line": 47,
      "label": "maxProbability = currentProbability"
    },
    {
      "id": 27,
      "line": 48,
      "label": "path = node"
    },
    {
      "id": 28,
      "line": 0,
      "label": "endif"
    },
    {
      "id": 29,
      "line": 52,
      "label": "return path;"
    }
  ],

  "edges": [
    {
      "id": 0,
      "source": 0,
      "target": 1,
      "label": ""
    },
    {
      "id": 1,
      "source": 1,
      "target": 2,
      "label": ""
    },
    {
      "id": 2,
      "source": 2,
      "target": 3,
      "label": ""
    },
    {
      "id": 3,
      "source": 3,
      "target": 4,
      "label": ""
    },
    {
      "id": 4,
      "source": 4,
      "target": 5,
      "label": "False"
    },
    {
      "id": 5,
      "source": 4,
      "target": 6,
      "label": "True"
    },
    {
      "id": 6,
      "source": 6,
      "target": 4,
      "label": ""
    },
    {
      "id": 7,
      "source": 5,
      "target": 7,
      "label": ""
    },
    {
      "id": 8,
      "source": 7,
      "target": 8,
      "label": ""
    },
    {
      "id": 9,
      "source": 8,
      "target": 9,
      "label": "False"
    },
    {
      "id": 10,
      "source": 8,
      "target": 10,
      "label": "True"
    },
    {
      "id": 11,
      "source": 10,
      "target": 11,
      "label": "True"
    },
    {
      "id": 12,
      "source": 11,
      "target": 12,
      "label": ""
    },
    {
      "id": 13,
      "source": 12,
      "target": 9,
      "label": ""
    },
    {
      "id": 14,
      "source": 10,
      "target": 13,
      "label": "False"
    },
    {
      "id": 15,
      "source": 13,
      "target": 8,
      "label": ""
    },
    {
      "id": 16,
      "source": 9,
      "target": 14,
      "label": ""
    },
    {
      "id": 17,
      "source": 14,
      "target": 15,
      "label": "True"
    },
    {
      "id": 18,
      "source": 14,
      "target": 16,
      "label": "False"
    },
    {
      "id": 19,
      "source": 16,
      "target": 17,
      "label": ""
    },
    {
      "id": 20,
      "source": 17,
      "target": 18,
      "label": ""
    },
    {
      "id": 21,
      "source": 18,
      "target": 19,
      "label": ""
    },
    {
      "id": 22,
      "source": 19,
      "target": 20,
      "label": "False"
    },
    {
      "id": 23,
      "source": 19,
      "target": 21,
      "label": "True"
    },
    {
      "id": 24,
      "source": 21,
      "target": 22,
      "label": "True"
    },
    {
      "id": 25,
      "source": 22,
      "target": 19,
      "label": ""
    },
    {
      "id": 26,
      "source": 21,
      "target": 23,
      "label": "False"
    },
    {
      "id": 27,
      "source": 23,
      "target": 24,
      "label": ""
    },
    {
      "id": 28,
      "source": 24,
      "target": 25,
      "label": ""
    },
    {
      "id": 29,
      "source": 25,
      "target": 26,
      "label": "True"
    },
    {
      "id": 30,
      "source": 26,
      "target": 27,
      "label": ""
    },
    {
      "id": 31,
      "source": 27,
      "target": 28,
      "label": ""
    },
    {
      "id": 32,
      "source": 25,
      "target": 28,
      "label": "False"
    },
    {
      "id": 33,
      "source": 28,
      "target": 19,
      "label": ""
    },
    {
      "id": 34,
      "source": 20,
      "target": 29,
      "label": ""
    }
  ]
}
