{
  "directed": true,
  "multigraph": true,
  "label": "CFG of 41890.java",
  "type": "Control Flow Graph (CFG)",
  "file": "41890.java",
  "package": "com.codegen",

  "nodes": [
    {
      "id": 0,
      "line": 20,
      "label": "long calculateTimeUntilEvent(String inputData)"
    },
    {
      "id": 1,
      "line": 21,
      "label": "try"
    },
    {
      "id": 2,
      "line": 0,
      "label": "end-try"
    },
    {
      "id": 3,
      "line": 22,
      "label": "if (inputData.startsWith('{'))"
    },
    {
      "id": 4,
      "line": 23,
      "label": "JSONObject jsonData = new JSONObject(inputData)"
    },
    {
      "id": 5,
      "line": 24,
      "label": "String eventName = jsonData.getString('event')"
    },
    {
      "id": 6,
      "line": 25,
      "label": "double earthDistance = jsonData.getDouble('earthDistance')"
    },
    {
      "id": 7,
      "line": 26,
      "label": "long eventTimestamp = jsonData.getLong('eventTimestamp')"
    },
    {
      "id": 8,
      "line": 27,
      "label": "return calculateTimeFromTimestamp(eventTimestamp, System.currentTimeMillis(), eventName, earthDistance);"
    },
    {
      "id": 9,
      "line": 0,
      "label": "endif"
    },
    {
      "id": 10,
      "line": 28,
      "label": "if (inputData.startsWith('<'))"
    },
    {
      "id": 11,
      "line": 29,
      "label": "Element rootElement = DocumentBuilderFactory.newInstance().newDocumentBuilder().parse(inputData.getBytes('UTF-8')).getDocumentElement()"
    },
    {
      "id": 12,
      "line": 30,
      "label": "String eventName = rootElement.getElementsByTagName('event').item(0).getTextContent()"
    },
    {
      "id": 13,
      "line": 31,
      "label": "double earthDistance = Double.parseDouble(rootElement.getElementsByTagName('earthDistance').item(0).getTextContent())"
    },
    {
      "id": 14,
      "line": 32,
      "label": "long eventTimestamp = Long.parseLong(rootElement.getElementsByTagName('eventTimestamp').item(0).getTextContent())"
    },
    {
      "id": 15,
      "line": 33,
      "label": "return calculateTimeFromTimestamp(eventTimestamp, System.currentTimeMillis(), eventName, earthDistance);"
    },
    {
      "id": 16,
      "line": 0,
      "label": "endif"
    },
    {
      "id": 17,
      "line": 35,
      "label": "throw new InvalidDataException('Unsupported data format')"
    },
    {
      "id": 18,
      "line": 0,
      "label": "end-catch"
    },
    {
      "id": 19,
      "line": 37,
      "label": "catch (IOException|ParserConfigurationException|NullPointerException e)"
    },
    {
      "id": 20,
      "line": 38,
      "label": "throw new InvalidDataException('Invalid input data format', e)"
    },
    {
      "id": 21,
      "line": 42,
      "label": "long calculateTimeFromTimestamp(long eventTimestamp, long currentTime, String eventName, double earthDistance)"
    },
    {
      "id": 22,
      "line": 45,
      "label": "return 0;"
    },
    {
      "id": 23,
      "line": 49,
      "label": "InvalidDataException (String message)"
    },
    {
      "id": 24,
      "line": 50,
      "label": "super(message)"
    },
    {
      "id": 25,
      "line": 53,
      "label": "InvalidDataException (String message, Throwable cause)"
    },
    {
      "id": 26,
      "line": 54,
      "label": "super(message, cause)"
    }
  ],

  "edges": [
    {
      "id": 0,
      "source": 0,
      "target": 1,
      "label": ""
    },
    {
      "id": 1,
      "source": 1,
      "target": 3,
      "label": ""
    },
    {
      "id": 2,
      "source": 3,
      "target": 4,
      "label": "True"
    },
    {
      "id": 3,
      "source": 4,
      "target": 5,
      "label": ""
    },
    {
      "id": 4,
      "source": 5,
      "target": 6,
      "label": ""
    },
    {
      "id": 5,
      "source": 6,
      "target": 7,
      "label": ""
    },
    {
      "id": 6,
      "source": 7,
      "target": 8,
      "label": ""
    },
    {
      "id": 7,
      "source": 3,
      "target": 10,
      "label": "False"
    },
    {
      "id": 8,
      "source": 10,
      "target": 11,
      "label": "True"
    },
    {
      "id": 9,
      "source": 11,
      "target": 12,
      "label": ""
    },
    {
      "id": 10,
      "source": 12,
      "target": 13,
      "label": ""
    },
    {
      "id": 11,
      "source": 13,
      "target": 14,
      "label": ""
    },
    {
      "id": 12,
      "source": 14,
      "target": 15,
      "label": ""
    },
    {
      "id": 13,
      "source": 10,
      "target": 17,
      "label": "False"
    },
    {
      "id": 14,
      "source": 17,
      "target": 2,
      "label": "Throws"
    },
    {
      "id": 15,
      "source": 16,
      "target": 9,
      "label": ""
    },
    {
      "id": 16,
      "source": 9,
      "target": 2,
      "label": ""
    },
    {
      "id": 17,
      "source": 2,
      "target": 19,
      "label": "Throws"
    },
    {
      "id": 18,
      "source": 19,
      "target": 20,
      "label": ""
    },
    {
      "id": 19,
      "source": 20,
      "target": 2,
      "label": "Throws"
    },
    {
      "id": 20,
      "source": 18,
      "target": 2,
      "label": ""
    },
    {
      "id": 21,
      "source": 21,
      "target": 22,
      "label": ""
    },
    {
      "id": 22,
      "source": 23,
      "target": 24,
      "label": ""
    },
    {
      "id": 23,
      "source": 25,
      "target": 26,
      "label": ""
    }
  ]
}
