{
  "directed": true,
  "multigraph": true,
  "label": "CFG of 41891.java",
  "type": "Control Flow Graph (CFG)",
  "file": "41891.java",
  "package": "",

  "nodes": [
    {
      "id": 0,
      "line": 12,
      "label": "GeneticSequenceMatcher (String dbUrl, String dbUser, String dbPassword)"
    },
    {
      "id": 1,
      "line": 13,
      "label": "this.dbUrl = dbUrl"
    },
    {
      "id": 2,
      "line": 14,
      "label": "this.dbUser = dbUser"
    },
    {
      "id": 3,
      "line": 15,
      "label": "this.dbPassword = dbPassword"
    },
    {
      "id": 4,
      "line": 16,
      "label": "pool = new ConnectionPool(dbUrl, dbUser, dbPassword)"
    },
    {
      "id": 5,
      "line": 26,
      "label": "int compareSequences(String seq1, String seq2)"
    },
    {
      "id": 6,
      "line": 27,
      "label": "try"
    },
    {
      "id": 7,
      "line": 27,
      "label": "Connection conn = pool.checkOut()"
    },
    {
      "id": 8,
      "line": 0,
      "label": "end-try"
    },
    {
      "id": 9,
      "line": 28,
      "label": "String similarityQuery = 'SELECT levenshtein_distance(?, ?)'"
    },
    {
      "id": 10,
      "line": 29,
      "label": "try"
    },
    {
      "id": 11,
      "line": 29,
      "label": "PreparedStatement stmt = conn.prepareStatement(similarityQuery)"
    },
    {
      "id": 12,
      "line": 0,
      "label": "end-try"
    },
    {
      "id": 13,
      "line": 30,
      "label": "stmt.setString(1, seq1)"
    },
    {
      "id": 14,
      "line": 31,
      "label": "stmt.setString(2, seq2)"
    },
    {
      "id": 15,
      "line": 32,
      "label": "try"
    },
    {
      "id": 16,
      "line": 32,
      "label": "ResultSet rs = stmt.executeQuery()"
    },
    {
      "id": 17,
      "line": 0,
      "label": "end-try"
    },
    {
      "id": 18,
      "line": 33,
      "label": "if (rs.next())"
    },
    {
      "id": 19,
      "line": 34,
      "label": "return rs.getInt('levenshtein_distance');"
    },
    {
      "id": 20,
      "line": 0,
      "label": "endif"
    },
    {
      "id": 21,
      "line": 36,
      "label": "throw new RuntimeException('No result returned for similarity calculation')"
    },
    {
      "id": 22,
      "line": 0,
      "label": "end-catch"
    },
    {
      "id": 23,
      "line": 40,
      "label": "catch (SQLException e)"
    },
    {
      "id": 24,
      "line": 41,
      "label": "throw new RuntimeException('Error comparing sequences', e)"
    },
    {
      "id": 25,
      "line": 51,
      "label": "ConnectionPool (String url, String user, String password)"
    },
    {
      "id": 26,
      "line": 52,
      "label": "this.url = url"
    },
    {
      "id": 27,
      "line": 53,
      "label": "this.user = user"
    },
    {
      "id": 28,
      "line": 54,
      "label": "this.password = password"
    },
    {
      "id": 29,
      "line": 55,
      "label": "connections = new HashMap<>()"
    },
    {
      "id": 30,
      "line": 57,
      "label": "int i = 0"
    },
    {
      "id": 31,
      "line": 57,
      "label": "for (i < 5)"
    },
    {
      "id": 32,
      "line": 57,
      "label": "i++"
    },
    {
      "id": 33,
      "line": 0,
      "label": "endfor"
    },
    {
      "id": 34,
      "line": 58,
      "label": "connections.put(i, DriverManager.getConnection(url, user, password))"
    },
    {
      "id": 35,
      "line": 62,
      "label": "Connection checkOut()"
    },
    {
      "id": 36,
      "line": 63,
      "label": "for (Connection conn : connections.values())"
    },
    {
      "id": 37,
      "line": 0,
      "label": "endfor"
    },
    {
      "id": 38,
      "line": 64,
      "label": "if (conn.isValid(10))"
    },
    {
      "id": 39,
      "line": 66,
      "label": "connections.entrySet().removeIf(entry -> entry.getValue() == conn)"
    },
    {
      "id": 40,
      "line": 67,
      "label": "return conn;"
    },
    {
      "id": 41,
      "line": 0,
      "label": "endif"
    },
    {
      "id": 42,
      "line": 70,
      "label": "throw new SQLException('No available connections in the pool')"
    }
  ],

  "edges": [
    {
      "id": 0,
      "source": 0,
      "target": 1,
      "label": ""
    },
    {
      "id": 1,
      "source": 1,
      "target": 2,
      "label": ""
    },
    {
      "id": 2,
      "source": 2,
      "target": 3,
      "label": ""
    },
    {
      "id": 3,
      "source": 3,
      "target": 4,
      "label": ""
    },
    {
      "id": 4,
      "source": 5,
      "target": 6,
      "label": ""
    },
    {
      "id": 5,
      "source": 6,
      "target": 7,
      "label": ""
    },
    {
      "id": 6,
      "source": 7,
      "target": 9,
      "label": ""
    },
    {
      "id": 7,
      "source": 9,
      "target": 10,
      "label": ""
    },
    {
      "id": 8,
      "source": 10,
      "target": 11,
      "label": ""
    },
    {
      "id": 9,
      "source": 11,
      "target": 13,
      "label": ""
    },
    {
      "id": 10,
      "source": 13,
      "target": 14,
      "label": ""
    },
    {
      "id": 11,
      "source": 14,
      "target": 15,
      "label": ""
    },
    {
      "id": 12,
      "source": 15,
      "target": 16,
      "label": ""
    },
    {
      "id": 13,
      "source": 16,
      "target": 18,
      "label": ""
    },
    {
      "id": 14,
      "source": 18,
      "target": 19,
      "label": "True"
    },
    {
      "id": 15,
      "source": 18,
      "target": 21,
      "label": "False"
    },
    {
      "id": 16,
      "source": 21,
      "target": 17,
      "label": "Throws"
    },
    {
      "id": 17,
      "source": 20,
      "target": 17,
      "label": ""
    },
    {
      "id": 18,
      "source": 17,
      "target": 12,
      "label": ""
    },
    {
      "id": 19,
      "source": 12,
      "target": 8,
      "label": ""
    },
    {
      "id": 20,
      "source": 8,
      "target": 23,
      "label": "Throws"
    },
    {
      "id": 21,
      "source": 23,
      "target": 24,
      "label": ""
    },
    {
      "id": 22,
      "source": 24,
      "target": 17,
      "label": "Throws"
    },
    {
      "id": 23,
      "source": 22,
      "target": 8,
      "label": ""
    },
    {
      "id": 24,
      "source": 25,
      "target": 26,
      "label": ""
    },
    {
      "id": 25,
      "source": 26,
      "target": 27,
      "label": ""
    },
    {
      "id": 26,
      "source": 27,
      "target": 28,
      "label": ""
    },
    {
      "id": 27,
      "source": 28,
      "target": 29,
      "label": ""
    },
    {
      "id": 28,
      "source": 29,
      "target": 30,
      "label": ""
    },
    {
      "id": 29,
      "source": 30,
      "target": 31,
      "label": ""
    },
    {
      "id": 30,
      "source": 31,
      "target": 33,
      "label": "False"
    },
    {
      "id": 31,
      "source": 31,
      "target": 34,
      "label": "True"
    },
    {
      "id": 32,
      "source": 34,
      "target": 32,
      "label": ""
    },
    {
      "id": 33,
      "source": 32,
      "target": 31,
      "label": ""
    },
    {
      "id": 34,
      "source": 35,
      "target": 36,
      "label": ""
    },
    {
      "id": 35,
      "source": 36,
      "target": 37,
      "label": "False"
    },
    {
      "id": 36,
      "source": 36,
      "target": 38,
      "label": "True"
    },
    {
      "id": 37,
      "source": 38,
      "target": 39,
      "label": "True"
    },
    {
      "id": 38,
      "source": 39,
      "target": 40,
      "label": ""
    },
    {
      "id": 39,
      "source": 38,
      "target": 41,
      "label": "False"
    },
    {
      "id": 40,
      "source": 41,
      "target": 36,
      "label": ""
    },
    {
      "id": 41,
      "source": 37,
      "target": 42,
      "label": ""
    }
  ]
}
