{
  "directed": true,
  "multigraph": true,
  "label": "CFG of 41998.java",
  "type": "Control Flow Graph (CFG)",
  "file": "41998.java",
  "package": "",

  "nodes": [
    {
      "id": 0,
      "line": 11,
      "label": "FractalExplorer (double xMin, double xMax, double yMin, double yMax, int maxIterations)"
    },
    {
      "id": 1,
      "line": 12,
      "label": "this.xMin = xMin"
    },
    {
      "id": 2,
      "line": 13,
      "label": "this.xMax = xMax"
    },
    {
      "id": 3,
      "line": 14,
      "label": "this.yMin = yMin"
    },
    {
      "id": 4,
      "line": 15,
      "label": "this.yMax = yMax"
    },
    {
      "id": 5,
      "line": 16,
      "label": "this.maxIterations = maxIterations"
    },
    {
      "id": 6,
      "line": 19,
      "label": "boolean isInside(double x, double y)"
    },
    {
      "id": 7,
      "line": 20,
      "label": "return x >= xMin && x <= xMax && y >= yMin && y <= yMax;"
    },
    {
      "id": 8,
      "line": 23,
      "label": "int escapeTime(double x, double y)"
    },
    {
      "id": 9,
      "line": 24,
      "label": "double c = 0"
    },
    {
      "id": 10,
      "line": 25,
      "label": "double z = 0"
    },
    {
      "id": 11,
      "line": 26,
      "label": "int count = 0"
    },
    {
      "id": 12,
      "line": 28,
      "label": "while (count < maxIterations && (c * c + z * z) <= 4)"
    },
    {
      "id": 13,
      "line": 0,
      "label": "endwhile"
    },
    {
      "id": 14,
      "line": 29,
      "label": "double tmp = c * c - z * z + x"
    },
    {
      "id": 15,
      "line": 30,
      "label": "z = 2 * c * z + y"
    },
    {
      "id": 16,
      "line": 31,
      "label": "c = tmp"
    },
    {
      "id": 17,
      "line": 32,
      "label": "count++"
    },
    {
      "id": 18,
      "line": 34,
      "label": "return count;"
    },
    {
      "id": 19,
      "line": 38,
      "label": "String toString()"
    },
    {
      "id": 20,
      "line": 39,
      "label": "return 'FractalExplorer{' + 'xMin=' + xMin + ', xMax=' + xMax + ', yMin=' + yMin + ', yMax=' + yMax + ', maxIterations=' + maxIterations + '}';"
    },
    {
      "id": 21,
      "line": 49,
      "label": "boolean equals(Object o)"
    },
    {
      "id": 22,
      "line": 50,
      "label": "if (this == o)"
    },
    {
      "id": 23,
      "line": 50,
      "label": "return true;"
    },
    {
      "id": 24,
      "line": 0,
      "label": "endif"
    },
    {
      "id": 25,
      "line": 51,
      "label": "if (o == null || getClass() != o.getClass())"
    },
    {
      "id": 26,
      "line": 51,
      "label": "return false;"
    },
    {
      "id": 27,
      "line": 0,
      "label": "endif"
    },
    {
      "id": 28,
      "line": 52,
      "label": "FractalExplorer that = (FractalExplorer) o"
    },
    {
      "id": 29,
      "line": 53,
      "label": "return Double.compare(that.xMin, xMin) == 0 && Double.compare(that.xMax, xMax) == 0 && Double.compare(that.yMin, yMin) == 0 && Double.compare(that.yMax, yMax) == 0 && maxIterations == that.maxIterations;"
    },
    {
      "id": 30,
      "line": 61,
      "label": "int hashCode()"
    },
    {
      "id": 31,
      "line": 62,
      "label": "return Objects.hash(xMin, xMax, yMin, yMax, maxIterations);"
    }
  ],

  "edges": [
    {
      "id": 0,
      "source": 0,
      "target": 1,
      "label": ""
    },
    {
      "id": 1,
      "source": 1,
      "target": 2,
      "label": ""
    },
    {
      "id": 2,
      "source": 2,
      "target": 3,
      "label": ""
    },
    {
      "id": 3,
      "source": 3,
      "target": 4,
      "label": ""
    },
    {
      "id": 4,
      "source": 4,
      "target": 5,
      "label": ""
    },
    {
      "id": 5,
      "source": 6,
      "target": 7,
      "label": ""
    },
    {
      "id": 6,
      "source": 8,
      "target": 9,
      "label": ""
    },
    {
      "id": 7,
      "source": 9,
      "target": 10,
      "label": ""
    },
    {
      "id": 8,
      "source": 10,
      "target": 11,
      "label": ""
    },
    {
      "id": 9,
      "source": 11,
      "target": 12,
      "label": ""
    },
    {
      "id": 10,
      "source": 12,
      "target": 13,
      "label": "False"
    },
    {
      "id": 11,
      "source": 12,
      "target": 14,
      "label": "True"
    },
    {
      "id": 12,
      "source": 14,
      "target": 15,
      "label": ""
    },
    {
      "id": 13,
      "source": 15,
      "target": 16,
      "label": ""
    },
    {
      "id": 14,
      "source": 16,
      "target": 17,
      "label": ""
    },
    {
      "id": 15,
      "source": 17,
      "target": 12,
      "label": ""
    },
    {
      "id": 16,
      "source": 13,
      "target": 18,
      "label": ""
    },
    {
      "id": 17,
      "source": 19,
      "target": 20,
      "label": ""
    },
    {
      "id": 18,
      "source": 21,
      "target": 22,
      "label": ""
    },
    {
      "id": 19,
      "source": 22,
      "target": 23,
      "label": "True"
    },
    {
      "id": 20,
      "source": 22,
      "target": 24,
      "label": "False"
    },
    {
      "id": 21,
      "source": 24,
      "target": 25,
      "label": ""
    },
    {
      "id": 22,
      "source": 25,
      "target": 26,
      "label": "True"
    },
    {
      "id": 23,
      "source": 25,
      "target": 27,
      "label": "False"
    },
    {
      "id": 24,
      "source": 27,
      "target": 28,
      "label": ""
    },
    {
      "id": 25,
      "source": 28,
      "target": 29,
      "label": ""
    },
    {
      "id": 26,
      "source": 30,
      "target": 31,
      "label": ""
    }
  ]
}
