{
  "directed": true,
  "multigraph": true,
  "label": "CFG of 41999.java",
  "type": "Control Flow Graph (CFG)",
  "file": "41999.java",
  "package": "",

  "nodes": [
    {
      "id": 0,
      "line": 8,
      "label": "void add(double value)"
    },
    {
      "id": 1,
      "line": 9,
      "label": "if (value < 0 || value > 1)"
    },
    {
      "id": 2,
      "line": 10,
      "label": "throw new IllegalArgumentException('Sentience values must be between 0 and 1 (inclusive)')"
    },
    {
      "id": 3,
      "line": 0,
      "label": "endif"
    },
    {
      "id": 4,
      "line": 12,
      "label": "values.add(value)"
    },
    {
      "id": 5,
      "line": 22,
      "label": "double calculateResonance()"
    },
    {
      "id": 6,
      "line": 23,
      "label": "double sum = 0"
    },
    {
      "id": 7,
      "line": 24,
      "label": "for (double value : values)"
    },
    {
      "id": 8,
      "line": 0,
      "label": "endfor"
    },
    {
      "id": 9,
      "line": 25,
      "label": "sum += Math.log1p(value)"
    },
    {
      "id": 10,
      "line": 27,
      "label": "return sum / values.size();"
    }
  ],

  "edges": [
    {
      "id": 0,
      "source": 0,
      "target": 1,
      "label": ""
    },
    {
      "id": 1,
      "source": 1,
      "target": 2,
      "label": "True"
    },
    {
      "id": 2,
      "source": 1,
      "target": 3,
      "label": "False"
    },
    {
      "id": 3,
      "source": 3,
      "target": 4,
      "label": ""
    },
    {
      "id": 4,
      "source": 5,
      "target": 6,
      "label": ""
    },
    {
      "id": 5,
      "source": 6,
      "target": 7,
      "label": ""
    },
    {
      "id": 6,
      "source": 7,
      "target": 8,
      "label": "False"
    },
    {
      "id": 7,
      "source": 7,
      "target": 9,
      "label": "True"
    },
    {
      "id": 8,
      "source": 9,
      "target": 7,
      "label": ""
    },
    {
      "id": 9,
      "source": 8,
      "target": 10,
      "label": ""
    }
  ]
}
