{
  "directed": true,
  "multigraph": true,
  "label": "CFG of 516.java",
  "type": "Control Flow Graph (CFG)",
  "file": "516.java",
  "package": "org.projectforge.web.wicket.autocompletion",

  "nodes": [
    {
      "id": 0,
      "line": 50,
      "label": "PFAutoCompleteBehavior (final IAutoCompleteRenderer<String> renderer, final PFAutoCompleteSettings settings)"
    },
    {
      "id": 1,
      "line": 52,
      "label": "this.renderer = renderer"
    },
    {
      "id": 2,
      "line": 53,
      "label": "this.settings = settings"
    },
    {
      "id": 3,
      "line": 61,
      "label": "void renderHead(final Component component, final IHeaderResponse response)"
    },
    {
      "id": 4,
      "line": 63,
      "label": "super.renderHead(component, response)"
    },
    {
      "id": 5,
      "line": 64,
      "label": "WicketRenderHeadUtils.renderMainJavaScriptIncludes(response)"
    },
    {
      "id": 6,
      "line": 65,
      "label": "response.render(JavaScriptReferenceHeaderItem.forUrl('scripts/jquery.wicket-autocomplete.js'))"
    },
    {
      "id": 7,
      "line": 66,
      "label": "renderAutocompleteHead(response)"
    },
    {
      "id": 8,
      "line": 74,
      "label": "void renderAutocompleteHead(final IHeaderResponse response)"
    },
    {
      "id": 9,
      "line": 76,
      "label": "final String id = getComponent().getMarkupId()"
    },
    {
      "id": 10,
      "line": 77,
      "label": "String indicatorId = findIndicatorId()"
    },
    {
      "id": 11,
      "line": 78,
      "label": "if (Strings.isEmpty(indicatorId))"
    },
    {
      "id": 12,
      "line": 79,
      "label": "indicatorId = 'null'"
    },
    {
      "id": 13,
      "line": 0,
      "label": "endif"
    },
    {
      "id": 14,
      "line": 81,
      "label": "indicatorId = ''' + indicatorId + '''"
    },
    {
      "id": 15,
      "line": 83,
      "label": "final StringBuffer buf = new StringBuffer()"
    },
    {
      "id": 16,
      "line": 84,
      "label": "buf.append('var favorite' + id + ' = ')"
    },
    {
      "id": 17,
      "line": 85,
      "label": "final List<T> favorites = getFavorites()"
    },
    {
      "id": 18,
      "line": 86,
      "label": "final MyJsonBuilder builder = new MyJsonBuilder()"
    },
    {
      "id": 19,
      "line": 87,
      "label": "if (favorites != null)"
    },
    {
      "id": 20,
      "line": 88,
      "label": "buf.append(builder.append(favorites).getAsString())"
    },
    {
      "id": 21,
      "line": 0,
      "label": "endif"
    },
    {
      "id": 22,
      "line": 90,
      "label": "buf.append(builder.append(getRecentUserInputs()).getAsString())"
    },
    {
      "id": 23,
      "line": 92,
      "label": "buf.append(';').append('var z = $(\\'#').append(id).append('\\');\\n').append('z.autocomplete(\\'').append(getCallbackUrl()).append('\\',{')"
    },
    {
      "id": 24,
      "line": 93,
      "label": "boolean first = true"
    },
    {
      "id": 25,
      "line": 94,
      "label": "for (final String setting : getSettingsJS())"
    },
    {
      "id": 26,
      "line": 0,
      "label": "endfor"
    },
    {
      "id": 27,
      "line": 95,
      "label": "if (first == true)"
    },
    {
      "id": 28,
      "line": 96,
      "label": "first = false"
    },
    {
      "id": 29,
      "line": 0,
      "label": "endif"
    },
    {
      "id": 30,
      "line": 97,
      "label": "buf.append(', ')"
    },
    {
      "id": 31,
      "line": 98,
      "label": "buf.append(setting)"
    },
    {
      "id": 32,
      "line": 100,
      "label": "if (first == true)"
    },
    {
      "id": 33,
      "line": 101,
      "label": "first = false"
    },
    {
      "id": 34,
      "line": 0,
      "label": "endif"
    },
    {
      "id": 35,
      "line": 102,
      "label": "buf.append(', ')"
    },
    {
      "id": 36,
      "line": 103,
      "label": "buf.append('favoriteEntries:favorite' + id)"
    },
    {
      "id": 37,
      "line": 104,
      "label": "buf.append('});')"
    },
    {
      "id": 38,
      "line": 105,
      "label": "if (settings.isHasFocus() == true)"
    },
    {
      "id": 39,
      "line": 106,
      "label": "buf.append('\\nz.focus();')"
    },
    {
      "id": 40,
      "line": 0,
      "label": "endif"
    },
    {
      "id": 41,
      "line": 108,
      "label": "final String initJS = buf.toString()"
    },
    {
      "id": 42,
      "line": 110,
      "label": "response.render(OnDomReadyHeaderItem.forScript(initJS))"
    },
    {
      "id": 43,
      "line": 113,
      "label": "List<String> getSettingsJS()"
    },
    {
      "id": 44,
      "line": 115,
      "label": "final List<String> result = new ArrayList<String>()"
    },
    {
      "id": 45,
      "line": 116,
      "label": "addSetting(result, 'matchContains', settings.isMatchContains())"
    },
    {
      "id": 46,
      "line": 117,
      "label": "addSetting(result, 'minChars', settings.getMinChars())"
    },
    {
      "id": 47,
      "line": 118,
      "label": "addSetting(result, 'delay', settings.getDelay())"
    },
    {
      "id": 48,
      "line": 119,
      "label": "addSetting(result, 'matchCase', settings.isMatchCase())"
    },
    {
      "id": 49,
      "line": 120,
      "label": "addSetting(result, 'matchSubset', settings.isMatchSubset())"
    },
    {
      "id": 50,
      "line": 121,
      "label": "addSetting(result, 'cacheLength', settings.getCacheLength())"
    },
    {
      "id": 51,
      "line": 122,
      "label": "addSetting(result, 'mustMatch', settings.isMustMatch())"
    },
    {
      "id": 52,
      "line": 123,
      "label": "addSetting(result, 'selectFirst', settings.isSelectFirst())"
    },
    {
      "id": 53,
      "line": 124,
      "label": "addSetting(result, 'selectOnly', settings.isSelectOnly())"
    },
    {
      "id": 54,
      "line": 125,
      "label": "addSetting(result, 'maxItemsToShow', settings.getMaxItemsToShow())"
    },
    {
      "id": 55,
      "line": 126,
      "label": "addSetting(result, 'autoFill', settings.isAutoFill())"
    },
    {
      "id": 56,
      "line": 127,
      "label": "addSetting(result, 'autoSubmit', settings.isAutoSubmit())"
    },
    {
      "id": 57,
      "line": 128,
      "label": "addSetting(result, 'scroll', settings.isScroll())"
    },
    {
      "id": 58,
      "line": 129,
      "label": "addSetting(result, 'scrollHeight', settings.getScrollHeight())"
    },
    {
      "id": 59,
      "line": 130,
      "label": "addSetting(result, 'width', settings.getWidth())"
    },
    {
      "id": 60,
      "line": 131,
      "label": "addSetting(result, 'deletableItem', settings.isDeletableItem())"
    },
    {
      "id": 61,
      "line": 132,
      "label": "if (settings.isLabelValue() == true)"
    },
    {
      "id": 62,
      "line": 133,
      "label": "addSetting(result, 'labelValue', settings.isLabelValue())"
    },
    {
      "id": 63,
      "line": 0,
      "label": "endif"
    },
    {
      "id": 64,
      "line": 135,
      "label": "return result;"
    },
    {
      "id": 65,
      "line": 138,
      "label": "void addSetting(final List<String> result, final String name, final Boolean value)"
    },
    {
      "id": 66,
      "line": 140,
      "label": "if (value == null)"
    },
    {
      "id": 67,
      "line": 141,
      "label": "return;"
    },
    {
      "id": 68,
      "line": 0,
      "label": "endif"
    },
    {
      "id": 69,
      "line": 143,
      "label": "result.add(name + ':' + ((value == true) ? '1' : '0'))"
    },
    {
      "id": 70,
      "line": 146,
      "label": "void addSetting(final List<String> result, final String name, final Integer value)"
    },
    {
      "id": 71,
      "line": 148,
      "label": "if (value == null)"
    },
    {
      "id": 72,
      "line": 149,
      "label": "return;"
    },
    {
      "id": 73,
      "line": 0,
      "label": "endif"
    },
    {
      "id": 74,
      "line": 151,
      "label": "result.add(name + ':' + value)"
    },
    {
      "id": 75,
      "line": 158,
      "label": "void onBind()"
    },
    {
      "id": 76,
      "line": 163,
      "label": "getComponent().add(new AbstractDefaultAjaxBehavior() { private static final long serialVersionUID = 1L;  @Override protected void respond(final AjaxRequestTarget target) { } })"
    },
    {
      "id": 77,
      "line": 177,
      "label": "void respond(final AjaxRequestTarget target)"
    },
    {
      "id": 78,
      "line": 179,
      "label": "final RequestCycle requestCycle = RequestCycle.get()"
    },
    {
      "id": 79,
      "line": 180,
      "label": "final org.apache.wicket.util.string.StringValue val = requestCycle.getRequest().getQueryParameters().getParameterValue('q')"
    },
    {
      "id": 80,
      "line": 181,
      "label": "onRequest(val != null ? val.toString() : null, requestCycle)"
    },
    {
      "id": 81,
      "line": 184,
      "label": "void onRequest(final String val, final RequestCycle requestCycle)"
    },
    {
      "id": 82,
      "line": 187,
      "label": "final List<T> choices = getChoices(val)"
    },
    {
      "id": 83,
      "line": 188,
      "label": "final MyJsonBuilder builder = new MyJsonBuilder()"
    },
    {
      "id": 84,
      "line": 189,
      "label": "final String json = builder.append(choices).getAsString()"
    },
    {
      "id": 85,
      "line": 190,
      "label": "requestCycle.scheduleRequestHandlerAfterCurrent(new TextRequestHandler('application/json', 'utf-8', json))"
    },
    {
      "id": 86,
      "line": 216,
      "label": "List<T> getChoices(String input)"
    },
    {
      "id": 87,
      "line": 222,
      "label": "List<T> getFavorites()"
    },
    {
      "id": 88,
      "line": 230,
      "label": "List<String> getRecentUserInputs()"
    },
    {
      "id": 89,
      "line": 235,
      "label": "String formatValue(T value)"
    },
    {
      "id": 90,
      "line": 241,
      "label": "String formatLabel(final T value)"
    },
    {
      "id": 91,
      "line": 243,
      "label": "return null;"
    },
    {
      "id": 92,
      "line": 248,
      "label": "MyJsonBuilder ()"
    },
    {
      "id": 93,
      "line": 250,
      "label": "setEscapeHtml(true)"
    },
    {
      "id": 94,
      "line": 255,
      "label": "String formatValue(final Object obj)"
    },
    {
      "id": 95,
      "line": 257,
      "label": "if (obj instanceof String)"
    },
    {
      "id": 96,
      "line": 258,
      "label": "return obj.toString();"
    },
    {
      "id": 97,
      "line": 0,
      "label": "endif"
    },
    {
      "id": 98,
      "line": 260,
      "label": "return PFAutoCompleteBehavior.this.formatValue((T) obj);"
    },
    {
      "id": 99,
      "line": 266,
      "label": "Object transform(final Object obj)"
    },
    {
      "id": 100,
      "line": 268,
      "label": "if (settings.isLabelValue() == true)"
    },
    {
      "id": 101,
      "line": 269,
      "label": "final Object[] oa = new Object[2]"
    },
    {
      "id": 102,
      "line": 270,
      "label": "if (obj instanceof String)"
    },
    {
      "id": 103,
      "line": 271,
      "label": "oa[0] = obj"
    },
    {
      "id": 104,
      "line": 272,
      "label": "oa[1] = obj"
    },
    {
      "id": 105,
      "line": 0,
      "label": "endif"
    },
    {
      "id": 106,
      "line": 274,
      "label": "oa[0] = PFAutoCompleteBehavior.this.formatLabel((T) obj)"
    },
    {
      "id": 107,
      "line": 275,
      "label": "oa[1] = PFAutoCompleteBehavior.this.formatValue((T) obj)"
    },
    {
      "id": 108,
      "line": 277,
      "label": "return oa;"
    },
    {
      "id": 109,
      "line": 0,
      "label": "endif"
    },
    {
      "id": 110,
      "line": 279,
      "label": "return obj;"
    }
  ],

  "edges": [
    {
      "id": 0,
      "source": 0,
      "target": 1,
      "label": ""
    },
    {
      "id": 1,
      "source": 1,
      "target": 2,
      "label": ""
    },
    {
      "id": 2,
      "source": 3,
      "target": 4,
      "label": ""
    },
    {
      "id": 3,
      "source": 4,
      "target": 5,
      "label": ""
    },
    {
      "id": 4,
      "source": 5,
      "target": 6,
      "label": ""
    },
    {
      "id": 5,
      "source": 6,
      "target": 7,
      "label": ""
    },
    {
      "id": 6,
      "source": 8,
      "target": 9,
      "label": ""
    },
    {
      "id": 7,
      "source": 9,
      "target": 10,
      "label": ""
    },
    {
      "id": 8,
      "source": 10,
      "target": 11,
      "label": ""
    },
    {
      "id": 9,
      "source": 11,
      "target": 12,
      "label": "True"
    },
    {
      "id": 10,
      "source": 12,
      "target": 13,
      "label": ""
    },
    {
      "id": 11,
      "source": 11,
      "target": 14,
      "label": "False"
    },
    {
      "id": 12,
      "source": 14,
      "target": 13,
      "label": ""
    },
    {
      "id": 13,
      "source": 13,
      "target": 15,
      "label": ""
    },
    {
      "id": 14,
      "source": 15,
      "target": 16,
      "label": ""
    },
    {
      "id": 15,
      "source": 16,
      "target": 17,
      "label": ""
    },
    {
      "id": 16,
      "source": 17,
      "target": 18,
      "label": ""
    },
    {
      "id": 17,
      "source": 18,
      "target": 19,
      "label": ""
    },
    {
      "id": 18,
      "source": 19,
      "target": 20,
      "label": "True"
    },
    {
      "id": 19,
      "source": 20,
      "target": 21,
      "label": ""
    },
    {
      "id": 20,
      "source": 19,
      "target": 22,
      "label": "False"
    },
    {
      "id": 21,
      "source": 22,
      "target": 21,
      "label": ""
    },
    {
      "id": 22,
      "source": 21,
      "target": 23,
      "label": ""
    },
    {
      "id": 23,
      "source": 23,
      "target": 24,
      "label": ""
    },
    {
      "id": 24,
      "source": 24,
      "target": 25,
      "label": ""
    },
    {
      "id": 25,
      "source": 25,
      "target": 26,
      "label": "False"
    },
    {
      "id": 26,
      "source": 25,
      "target": 27,
      "label": "True"
    },
    {
      "id": 27,
      "source": 27,
      "target": 28,
      "label": "True"
    },
    {
      "id": 28,
      "source": 28,
      "target": 29,
      "label": ""
    },
    {
      "id": 29,
      "source": 27,
      "target": 30,
      "label": "False"
    },
    {
      "id": 30,
      "source": 30,
      "target": 29,
      "label": ""
    },
    {
      "id": 31,
      "source": 29,
      "target": 31,
      "label": ""
    },
    {
      "id": 32,
      "source": 31,
      "target": 25,
      "label": ""
    },
    {
      "id": 33,
      "source": 26,
      "target": 32,
      "label": ""
    },
    {
      "id": 34,
      "source": 32,
      "target": 33,
      "label": "True"
    },
    {
      "id": 35,
      "source": 33,
      "target": 34,
      "label": ""
    },
    {
      "id": 36,
      "source": 32,
      "target": 35,
      "label": "False"
    },
    {
      "id": 37,
      "source": 35,
      "target": 34,
      "label": ""
    },
    {
      "id": 38,
      "source": 34,
      "target": 36,
      "label": ""
    },
    {
      "id": 39,
      "source": 36,
      "target": 37,
      "label": ""
    },
    {
      "id": 40,
      "source": 37,
      "target": 38,
      "label": ""
    },
    {
      "id": 41,
      "source": 38,
      "target": 39,
      "label": "True"
    },
    {
      "id": 42,
      "source": 39,
      "target": 40,
      "label": ""
    },
    {
      "id": 43,
      "source": 38,
      "target": 40,
      "label": "False"
    },
    {
      "id": 44,
      "source": 40,
      "target": 41,
      "label": ""
    },
    {
      "id": 45,
      "source": 41,
      "target": 42,
      "label": ""
    },
    {
      "id": 46,
      "source": 43,
      "target": 44,
      "label": ""
    },
    {
      "id": 47,
      "source": 44,
      "target": 45,
      "label": ""
    },
    {
      "id": 48,
      "source": 45,
      "target": 46,
      "label": ""
    },
    {
      "id": 49,
      "source": 46,
      "target": 47,
      "label": ""
    },
    {
      "id": 50,
      "source": 47,
      "target": 48,
      "label": ""
    },
    {
      "id": 51,
      "source": 48,
      "target": 49,
      "label": ""
    },
    {
      "id": 52,
      "source": 49,
      "target": 50,
      "label": ""
    },
    {
      "id": 53,
      "source": 50,
      "target": 51,
      "label": ""
    },
    {
      "id": 54,
      "source": 51,
      "target": 52,
      "label": ""
    },
    {
      "id": 55,
      "source": 52,
      "target": 53,
      "label": ""
    },
    {
      "id": 56,
      "source": 53,
      "target": 54,
      "label": ""
    },
    {
      "id": 57,
      "source": 54,
      "target": 55,
      "label": ""
    },
    {
      "id": 58,
      "source": 55,
      "target": 56,
      "label": ""
    },
    {
      "id": 59,
      "source": 56,
      "target": 57,
      "label": ""
    },
    {
      "id": 60,
      "source": 57,
      "target": 58,
      "label": ""
    },
    {
      "id": 61,
      "source": 58,
      "target": 59,
      "label": ""
    },
    {
      "id": 62,
      "source": 59,
      "target": 60,
      "label": ""
    },
    {
      "id": 63,
      "source": 60,
      "target": 61,
      "label": ""
    },
    {
      "id": 64,
      "source": 61,
      "target": 62,
      "label": "True"
    },
    {
      "id": 65,
      "source": 62,
      "target": 63,
      "label": ""
    },
    {
      "id": 66,
      "source": 61,
      "target": 63,
      "label": "False"
    },
    {
      "id": 67,
      "source": 63,
      "target": 64,
      "label": ""
    },
    {
      "id": 68,
      "source": 65,
      "target": 66,
      "label": ""
    },
    {
      "id": 69,
      "source": 66,
      "target": 67,
      "label": "True"
    },
    {
      "id": 70,
      "source": 66,
      "target": 68,
      "label": "False"
    },
    {
      "id": 71,
      "source": 68,
      "target": 69,
      "label": ""
    },
    {
      "id": 72,
      "source": 70,
      "target": 71,
      "label": ""
    },
    {
      "id": 73,
      "source": 71,
      "target": 72,
      "label": "True"
    },
    {
      "id": 74,
      "source": 71,
      "target": 73,
      "label": "False"
    },
    {
      "id": 75,
      "source": 73,
      "target": 74,
      "label": ""
    },
    {
      "id": 76,
      "source": 75,
      "target": 76,
      "label": ""
    },
    {
      "id": 77,
      "source": 77,
      "target": 78,
      "label": ""
    },
    {
      "id": 78,
      "source": 78,
      "target": 79,
      "label": ""
    },
    {
      "id": 79,
      "source": 79,
      "target": 80,
      "label": ""
    },
    {
      "id": 80,
      "source": 81,
      "target": 82,
      "label": ""
    },
    {
      "id": 81,
      "source": 82,
      "target": 83,
      "label": ""
    },
    {
      "id": 82,
      "source": 83,
      "target": 84,
      "label": ""
    },
    {
      "id": 83,
      "source": 84,
      "target": 85,
      "label": ""
    },
    {
      "id": 84,
      "source": 90,
      "target": 91,
      "label": ""
    },
    {
      "id": 85,
      "source": 92,
      "target": 93,
      "label": ""
    },
    {
      "id": 86,
      "source": 94,
      "target": 95,
      "label": ""
    },
    {
      "id": 87,
      "source": 95,
      "target": 96,
      "label": "True"
    },
    {
      "id": 88,
      "source": 95,
      "target": 98,
      "label": "False"
    },
    {
      "id": 89,
      "source": 99,
      "target": 100,
      "label": ""
    },
    {
      "id": 90,
      "source": 100,
      "target": 101,
      "label": "True"
    },
    {
      "id": 91,
      "source": 101,
      "target": 102,
      "label": ""
    },
    {
      "id": 92,
      "source": 102,
      "target": 103,
      "label": "True"
    },
    {
      "id": 93,
      "source": 103,
      "target": 104,
      "label": ""
    },
    {
      "id": 94,
      "source": 104,
      "target": 105,
      "label": ""
    },
    {
      "id": 95,
      "source": 102,
      "target": 106,
      "label": "False"
    },
    {
      "id": 96,
      "source": 106,
      "target": 107,
      "label": ""
    },
    {
      "id": 97,
      "source": 107,
      "target": 105,
      "label": ""
    },
    {
      "id": 98,
      "source": 105,
      "target": 108,
      "label": ""
    },
    {
      "id": 99,
      "source": 100,
      "target": 110,
      "label": "False"
    }
  ]
}
