{
  "directed": true,
  "multigraph": true,
  "label": "CFG of 584.java",
  "type": "Control Flow Graph (CFG)",
  "file": "584.java",
  "package": "org.elasticsearch.common.io",

  "nodes": [
    {
      "id": 0,
      "line": 39,
      "label": "ThrowableObjectInputStream (InputStream in)"
    },
    {
      "id": 1,
      "line": 40,
      "label": "this(in, null)"
    },
    {
      "id": 2,
      "line": 43,
      "label": "ThrowableObjectInputStream (InputStream in, ClassLoader classLoader)"
    },
    {
      "id": 3,
      "line": 44,
      "label": "super(in)"
    },
    {
      "id": 4,
      "line": 45,
      "label": "this.classLoader = classLoader"
    },
    {
      "id": 5,
      "line": 49,
      "label": "void readStreamHeader()"
    },
    {
      "id": 6,
      "line": 50,
      "label": "int version = readByte() & 0xFF"
    },
    {
      "id": 7,
      "line": 51,
      "label": "if (version != STREAM_VERSION)"
    },
    {
      "id": 8,
      "line": 52,
      "label": "throw new StreamCorruptedException( 'Unsupported version: ' + version)"
    },
    {
      "id": 9,
      "line": 0,
      "label": "endif"
    },
    {
      "id": 10,
      "line": 58,
      "label": "ObjectStreamClass readClassDescriptor()"
    },
    {
      "id": 11,
      "line": 60,
      "label": "int type = read()"
    },
    {
      "id": 12,
      "line": 61,
      "label": "if (type < 0)"
    },
    {
      "id": 13,
      "line": 62,
      "label": "throw new EOFException()"
    },
    {
      "id": 14,
      "line": 0,
      "label": "endif"
    },
    {
      "id": 15,
      "line": 64,
      "label": "switch (type)"
    },
    {
      "id": 16,
      "line": 0,
      "label": "end-switch"
    },
    {
      "id": 17,
      "line": 65,
      "label": "case ThrowableObjectOutputStream.TYPE_EXCEPTION:"
    },
    {
      "id": 18,
      "line": 66,
      "label": "return ObjectStreamClass.lookup(Exception.class);"
    },
    {
      "id": 19,
      "line": 67,
      "label": "case ThrowableObjectOutputStream.TYPE_STACKTRACEELEMENT:"
    },
    {
      "id": 20,
      "line": 68,
      "label": "return ObjectStreamClass.lookup(StackTraceElement.class);"
    },
    {
      "id": 21,
      "line": 69,
      "label": "case ThrowableObjectOutputStream.TYPE_FAT_DESCRIPTOR:"
    },
    {
      "id": 22,
      "line": 70,
      "label": "return verify(super.readClassDescriptor());"
    },
    {
      "id": 23,
      "line": 71,
      "label": "case ThrowableObjectOutputStream.TYPE_THIN_DESCRIPTOR:"
    },
    {
      "id": 24,
      "line": 72,
      "label": "String className = readUTF()"
    },
    {
      "id": 25,
      "line": 73,
      "label": "Class<?> clazz = loadClass(className)"
    },
    {
      "id": 26,
      "line": 74,
      "label": "return verify(ObjectStreamClass.lookup(clazz));"
    },
    {
      "id": 27,
      "line": 75,
      "label": "default:"
    },
    {
      "id": 28,
      "line": 76,
      "label": "throw new StreamCorruptedException( 'Unexpected class descriptor type: ' + type)"
    },
    {
      "id": 29,
      "line": 82,
      "label": "Class<?> resolveClass(ObjectStreamClass desc)"
    },
    {
      "id": 30,
      "line": 83,
      "label": "String className = desc.getName()"
    },
    {
      "id": 31,
      "line": 84,
      "label": "try"
    },
    {
      "id": 32,
      "line": 0,
      "label": "end-try"
    },
    {
      "id": 33,
      "line": 85,
      "label": "return loadClass(className);"
    },
    {
      "id": 34,
      "line": 0,
      "label": "end-catch"
    },
    {
      "id": 35,
      "line": 86,
      "label": "catch (ClassNotFoundException ex)"
    },
    {
      "id": 36,
      "line": 87,
      "label": "return super.resolveClass(desc);"
    },
    {
      "id": 37,
      "line": 91,
      "label": "Class<?> loadClass(String className)"
    },
    {
      "id": 38,
      "line": 92,
      "label": "Class<?> clazz"
    },
    {
      "id": 39,
      "line": 93,
      "label": "ClassLoader classLoader = this.classLoader"
    },
    {
      "id": 40,
      "line": 94,
      "label": "if (classLoader == null)"
    },
    {
      "id": 41,
      "line": 95,
      "label": "classLoader = Classes.getDefaultClassLoader()"
    },
    {
      "id": 42,
      "line": 0,
      "label": "endif"
    },
    {
      "id": 43,
      "line": 98,
      "label": "if (classLoader != null)"
    },
    {
      "id": 44,
      "line": 99,
      "label": "clazz = classLoader.loadClass(className)"
    },
    {
      "id": 45,
      "line": 0,
      "label": "endif"
    },
    {
      "id": 46,
      "line": 101,
      "label": "clazz = Class.forName(className)"
    },
    {
      "id": 47,
      "line": 103,
      "label": "return clazz;"
    },
    {
      "id": 48,
      "line": 108,
      "label": "static"
    },
    {
      "id": 49,
      "line": 109,
      "label": "IdentityHashSet<Class<?>> classes = new IdentityHashSet<>()"
    },
    {
      "id": 50,
      "line": 110,
      "label": "classes.add(String.class)"
    },
    {
      "id": 51,
      "line": 112,
      "label": "classes.add(Inet6Address.class)"
    },
    {
      "id": 52,
      "line": 113,
      "label": "classes.add(Inet4Address.class)"
    },
    {
      "id": 53,
      "line": 114,
      "label": "classes.add(InetAddress.class)"
    },
    {
      "id": 54,
      "line": 115,
      "label": "classes.add(InetSocketAddress.class)"
    },
    {
      "id": 55,
      "line": 116,
      "label": "classes.add(SocketAddress.class)"
    },
    {
      "id": 56,
      "line": 117,
      "label": "classes.add(StackTraceElement.class)"
    },
    {
      "id": 57,
      "line": 118,
      "label": "classes.add(JsonLocation.class)"
    },
    {
      "id": 58,
      "line": 119,
      "label": "IdentityHashSet<Package> packages = new IdentityHashSet<>()"
    },
    {
      "id": 59,
      "line": 120,
      "label": "packages.add(Integer.class.getPackage())"
    },
    {
      "id": 60,
      "line": 121,
      "label": "packages.add(List.class.getPackage())"
    },
    {
      "id": 61,
      "line": 122,
      "label": "packages.add(ImmutableMap.class.getPackage())"
    },
    {
      "id": 62,
      "line": 123,
      "label": "packages.add(DateTimeFieldType.class.getPackage())"
    },
    {
      "id": 63,
      "line": 124,
      "label": "CLASS_WHITELIST = Collections.unmodifiableSet(classes)"
    },
    {
      "id": 64,
      "line": 125,
      "label": "PKG_WHITELIST = Collections.unmodifiableSet(packages)"
    },
    {
      "id": 65,
      "line": 128,
      "label": "ObjectStreamClass verify(ObjectStreamClass streamClass)"
    },
    {
      "id": 66,
      "line": 129,
      "label": "Class<?> aClass = resolveClass(streamClass)"
    },
    {
      "id": 67,
      "line": 130,
      "label": "Package pkg = aClass.getPackage()"
    },
    {
      "id": 68,
      "line": 131,
      "label": "if (aClass.isPrimitive() // primitives are fine || aClass.isArray() // arrays are ok too || Throwable.class.isAssignableFrom(aClass)// exceptions are fine || CLASS_WHITELIST.contains(aClass) // whitelist JDK stuff we need || PKG_WHITELIST.contains(aClass.getPackage()) || pkg.getName().startsWith('org.elasticsearch'))"
    },
    {
      "id": 69,
      "line": 137,
      "label": "return streamClass;"
    },
    {
      "id": 70,
      "line": 0,
      "label": "endif"
    },
    {
      "id": 71,
      "line": 139,
      "label": "throw new NotSerializableException(aClass.getName())"
    }
  ],

  "edges": [
    {
      "id": 0,
      "source": 0,
      "target": 1,
      "label": ""
    },
    {
      "id": 1,
      "source": 2,
      "target": 3,
      "label": ""
    },
    {
      "id": 2,
      "source": 3,
      "target": 4,
      "label": ""
    },
    {
      "id": 3,
      "source": 5,
      "target": 6,
      "label": ""
    },
    {
      "id": 4,
      "source": 6,
      "target": 7,
      "label": ""
    },
    {
      "id": 5,
      "source": 7,
      "target": 8,
      "label": "True"
    },
    {
      "id": 6,
      "source": 7,
      "target": 9,
      "label": "False"
    },
    {
      "id": 7,
      "source": 10,
      "target": 11,
      "label": ""
    },
    {
      "id": 8,
      "source": 11,
      "target": 12,
      "label": ""
    },
    {
      "id": 9,
      "source": 12,
      "target": 13,
      "label": "True"
    },
    {
      "id": 10,
      "source": 12,
      "target": 14,
      "label": "False"
    },
    {
      "id": 11,
      "source": 14,
      "target": 15,
      "label": ""
    },
    {
      "id": 12,
      "source": 15,
      "target": 17,
      "label": ""
    },
    {
      "id": 13,
      "source": 17,
      "target": 18,
      "label": "True"
    },
    {
      "id": 14,
      "source": 17,
      "target": 19,
      "label": "False"
    },
    {
      "id": 15,
      "source": 19,
      "target": 20,
      "label": "True"
    },
    {
      "id": 16,
      "source": 19,
      "target": 21,
      "label": "False"
    },
    {
      "id": 17,
      "source": 21,
      "target": 22,
      "label": "True"
    },
    {
      "id": 18,
      "source": 21,
      "target": 23,
      "label": "False"
    },
    {
      "id": 19,
      "source": 23,
      "target": 24,
      "label": "True"
    },
    {
      "id": 20,
      "source": 24,
      "target": 25,
      "label": ""
    },
    {
      "id": 21,
      "source": 25,
      "target": 26,
      "label": ""
    },
    {
      "id": 22,
      "source": 23,
      "target": 27,
      "label": "False"
    },
    {
      "id": 23,
      "source": 27,
      "target": 28,
      "label": ""
    },
    {
      "id": 24,
      "source": 29,
      "target": 30,
      "label": ""
    },
    {
      "id": 25,
      "source": 30,
      "target": 31,
      "label": ""
    },
    {
      "id": 26,
      "source": 31,
      "target": 33,
      "label": ""
    },
    {
      "id": 27,
      "source": 32,
      "target": 35,
      "label": "Throws"
    },
    {
      "id": 28,
      "source": 35,
      "target": 36,
      "label": ""
    },
    {
      "id": 29,
      "source": 34,
      "target": 32,
      "label": ""
    },
    {
      "id": 30,
      "source": 37,
      "target": 38,
      "label": ""
    },
    {
      "id": 31,
      "source": 38,
      "target": 39,
      "label": ""
    },
    {
      "id": 32,
      "source": 39,
      "target": 40,
      "label": ""
    },
    {
      "id": 33,
      "source": 40,
      "target": 41,
      "label": "True"
    },
    {
      "id": 34,
      "source": 41,
      "target": 42,
      "label": ""
    },
    {
      "id": 35,
      "source": 40,
      "target": 42,
      "label": "False"
    },
    {
      "id": 36,
      "source": 42,
      "target": 43,
      "label": ""
    },
    {
      "id": 37,
      "source": 43,
      "target": 44,
      "label": "True"
    },
    {
      "id": 38,
      "source": 44,
      "target": 45,
      "label": ""
    },
    {
      "id": 39,
      "source": 43,
      "target": 46,
      "label": "False"
    },
    {
      "id": 40,
      "source": 46,
      "target": 45,
      "label": ""
    },
    {
      "id": 41,
      "source": 45,
      "target": 47,
      "label": ""
    },
    {
      "id": 42,
      "source": 48,
      "target": 49,
      "label": ""
    },
    {
      "id": 43,
      "source": 49,
      "target": 50,
      "label": ""
    },
    {
      "id": 44,
      "source": 50,
      "target": 51,
      "label": ""
    },
    {
      "id": 45,
      "source": 51,
      "target": 52,
      "label": ""
    },
    {
      "id": 46,
      "source": 52,
      "target": 53,
      "label": ""
    },
    {
      "id": 47,
      "source": 53,
      "target": 54,
      "label": ""
    },
    {
      "id": 48,
      "source": 54,
      "target": 55,
      "label": ""
    },
    {
      "id": 49,
      "source": 55,
      "target": 56,
      "label": ""
    },
    {
      "id": 50,
      "source": 56,
      "target": 57,
      "label": ""
    },
    {
      "id": 51,
      "source": 57,
      "target": 58,
      "label": ""
    },
    {
      "id": 52,
      "source": 58,
      "target": 59,
      "label": ""
    },
    {
      "id": 53,
      "source": 59,
      "target": 60,
      "label": ""
    },
    {
      "id": 54,
      "source": 60,
      "target": 61,
      "label": ""
    },
    {
      "id": 55,
      "source": 61,
      "target": 62,
      "label": ""
    },
    {
      "id": 56,
      "source": 62,
      "target": 63,
      "label": ""
    },
    {
      "id": 57,
      "source": 63,
      "target": 64,
      "label": ""
    },
    {
      "id": 58,
      "source": 65,
      "target": 66,
      "label": ""
    },
    {
      "id": 59,
      "source": 66,
      "target": 67,
      "label": ""
    },
    {
      "id": 60,
      "source": 67,
      "target": 68,
      "label": ""
    },
    {
      "id": 61,
      "source": 68,
      "target": 69,
      "label": "True"
    },
    {
      "id": 62,
      "source": 68,
      "target": 70,
      "label": "False"
    },
    {
      "id": 63,
      "source": 70,
      "target": 71,
      "label": ""
    }
  ]
}
