{
  "directed": true,
  "multigraph": true,
  "label": "CFG of 6733.java",
  "type": "Control Flow Graph (CFG)",
  "file": "6733.java",
  "package": "",

  "nodes": [
    {
      "id": 0,
      "line": 6,
      "label": "void main(String[] args)"
    },
    {
      "id": 1,
      "line": 8,
      "label": "String userInput = '<script>alert('XSS Vulnerability')</script>'"
    },
    {
      "id": 2,
      "line": 11,
      "label": "PrintWriter out = new PrintWriter('output.html')"
    },
    {
      "id": 3,
      "line": 12,
      "label": "out.println('<html>')"
    },
    {
      "id": 4,
      "line": 13,
      "label": "out.println('<head><title>XSS Vulnerability Example</title></head>')"
    },
    {
      "id": 5,
      "line": 14,
      "label": "out.println('<body>')"
    },
    {
      "id": 6,
      "line": 15,
      "label": "out.println('<h1>Hello, ' + userInput + '</h1>')"
    },
    {
      "id": 7,
      "line": 16,
      "label": "out.println('</body>')"
    },
    {
      "id": 8,
      "line": 17,
      "label": "out.println('</html>')"
    },
    {
      "id": 9,
      "line": 20,
      "label": "out.close()"
    },
    {
      "id": 10,
      "line": 22,
      "label": "System.out.println('Output generated successfully.')"
    }
  ],

  "edges": [
    {
      "id": 0,
      "source": 0,
      "target": 1,
      "label": ""
    },
    {
      "id": 1,
      "source": 1,
      "target": 2,
      "label": ""
    },
    {
      "id": 2,
      "source": 2,
      "target": 3,
      "label": ""
    },
    {
      "id": 3,
      "source": 3,
      "target": 4,
      "label": ""
    },
    {
      "id": 4,
      "source": 4,
      "target": 5,
      "label": ""
    },
    {
      "id": 5,
      "source": 5,
      "target": 6,
      "label": ""
    },
    {
      "id": 6,
      "source": 6,
      "target": 7,
      "label": ""
    },
    {
      "id": 7,
      "source": 7,
      "target": 8,
      "label": ""
    },
    {
      "id": 8,
      "source": 8,
      "target": 9,
      "label": ""
    },
    {
      "id": 9,
      "source": 9,
      "target": 10,
      "label": ""
    }
  ]
}
