{
  "directed": true,
  "multigraph": true,
  "label": "CFG of 678.java",
  "type": "Control Flow Graph (CFG)",
  "file": "678.java",
  "package": "org.w3c.css.css",

  "nodes": [
    {
      "id": 0,
      "line": 51,
      "label": "static"
    },
    {
      "id": 1,
      "line": 52,
      "label": "try"
    },
    {
      "id": 2,
      "line": 0,
      "label": "end-try"
    },
    {
      "id": 3,
      "line": 53,
      "label": "Class c = java.lang.Exception.class"
    },
    {
      "id": 4,
      "line": 54,
      "label": "Class cp[] = {java.lang.Exception.class}"
    },
    {
      "id": 5,
      "line": 55,
      "label": "co = c.getDeclaredConstructor(cp)"
    },
    {
      "id": 6,
      "line": 0,
      "label": "end-catch"
    },
    {
      "id": 7,
      "line": 56,
      "label": "catch (NoSuchMethodException ex)"
    },
    {
      "id": 8,
      "line": 57,
      "label": "co = null"
    },
    {
      "id": 9,
      "line": 64,
      "label": "void reInit()"
    },
    {
      "id": 10,
      "line": 65,
      "label": "style = new StyleSheet()"
    },
    {
      "id": 11,
      "line": 68,
      "label": "StyleSheet getStyleSheet()"
    },
    {
      "id": 12,
      "line": 69,
      "label": "return style;"
    },
    {
      "id": 13,
      "line": 72,
      "label": "void setWarningLevel(int warningLevel)"
    },
    {
      "id": 14,
      "line": 73,
      "label": "style.setWarningLevel(warningLevel)"
    },
    {
      "id": 15,
      "line": 76,
      "label": "void notifyErrors(Errors errors)"
    },
    {
      "id": 16,
      "line": 77,
      "label": "style.addErrors(errors)"
    },
    {
      "id": 17,
      "line": 80,
      "label": "void notifyWarnings(Warnings warnings)"
    },
    {
      "id": 18,
      "line": 81,
      "label": "style.addWarnings(warnings)"
    },
    {
      "id": 19,
      "line": 90,
      "label": "void handleRule(ApplContext ac, CssSelectors selector,  ArrayList<CssProperty> properties)"
    },
    {
      "id": 20,
      "line": 92,
      "label": "if (selector.getAtRule() instanceof AtRulePage)"
    },
    {
      "id": 21,
      "line": 93,
      "label": "style.remove(selector)"
    },
    {
      "id": 22,
      "line": 0,
      "label": "endif"
    },
    {
      "id": 23,
      "line": 95,
      "label": "for (CssProperty property : properties)"
    },
    {
      "id": 24,
      "line": 0,
      "label": "endfor"
    },
    {
      "id": 25,
      "line": 96,
      "label": "property.setSelectors(selector)"
    },
    {
      "id": 26,
      "line": 97,
      "label": "style.addProperty(selector, property)"
    },
    {
      "id": 27,
      "line": 103,
      "label": "void addCharSet(String charset)"
    },
    {
      "id": 28,
      "line": 104,
      "label": "style.addCharSet(charset)"
    },
    {
      "id": 29,
      "line": 107,
      "label": "void newAtRule(AtRule atRule)"
    },
    {
      "id": 30,
      "line": 108,
      "label": "style.newAtRule(atRule)"
    },
    {
      "id": 31,
      "line": 111,
      "label": "void endOfAtRule()"
    },
    {
      "id": 32,
      "line": 112,
      "label": "style.endOfAtRule()"
    },
    {
      "id": 33,
      "line": 115,
      "label": "void setImportant(boolean important)"
    },
    {
      "id": 34,
      "line": 116,
      "label": "style.setImportant(important)"
    },
    {
      "id": 35,
      "line": 119,
      "label": "void setSelectorList(ArrayList<CssSelectors> selectors)"
    },
    {
      "id": 36,
      "line": 120,
      "label": "style.setSelectorList(selectors)"
    },
    {
      "id": 37,
      "line": 123,
      "label": "void setProperty(ArrayList<CssProperty> properties)"
    },
    {
      "id": 38,
      "line": 124,
      "label": "style.setProperty(properties)"
    },
    {
      "id": 39,
      "line": 127,
      "label": "void endOfRule()"
    },
    {
      "id": 40,
      "line": 128,
      "label": "style.endOfRule()"
    },
    {
      "id": 41,
      "line": 131,
      "label": "void removeThisRule()"
    },
    {
      "id": 42,
      "line": 132,
      "label": "style.removeThisRule()"
    },
    {
      "id": 43,
      "line": 135,
      "label": "void removeThisAtRule()"
    },
    {
      "id": 44,
      "line": 136,
      "label": "style.removeThisAtRule()"
    },
    {
      "id": 45,
      "line": 158,
      "label": "void handleAtRule(ApplContext ac, String ident, String string)"
    },
    {
      "id": 46,
      "line": 159,
      "label": "style.getWarnings().addWarning(new Warning(cssFouffa.getSourceFile(), cssFouffa.getLine(), 'at-rule', 2, new String[]{ident, string}, ac))"
    },
    {
      "id": 47,
      "line": 176,
      "label": "void parseURL(ApplContext ac, URL url, String title,  String kind, String media,  int origin)"
    },
    {
      "id": 48,
      "line": 179,
      "label": "boolean doneref = false"
    },
    {
      "id": 49,
      "line": 180,
      "label": "URL ref = ac.getReferrer()"
    },
    {
      "id": 50,
      "line": 181,
      "label": "setWarningLevel(ac.getWarningLevel())"
    },
    {
      "id": 51,
      "line": 182,
      "label": "if (Util.onDebug)"
    },
    {
      "id": 52,
      "line": 183,
      "label": "System.err.println('StyleSheet.parseURL(' + url + ', ' + title + ', ' + kind + ', ' + media + ', ' + origin + ')')"
    },
    {
      "id": 53,
      "line": 0,
      "label": "endif"
    },
    {
      "id": 54,
      "line": 188,
      "label": "if (kind != null)"
    },
    {
      "id": 55,
      "line": 189,
      "label": "kind = kind.trim().toLowerCase()"
    },
    {
      "id": 56,
      "line": 190,
      "label": "if (!kind.equals('stylesheet') && !kind.equals('alternate stylesheet'))"
    },
    {
      "id": 57,
      "line": 191,
      "label": "return;"
    },
    {
      "id": 58,
      "line": 0,
      "label": "endif"
    },
    {
      "id": 59,
      "line": 0,
      "label": "endif"
    },
    {
      "id": 60,
      "line": 194,
      "label": "try"
    },
    {
      "id": 61,
      "line": 0,
      "label": "end-try"
    },
    {
      "id": 62,
      "line": 195,
      "label": "ac.setOrigin(origin)"
    },
    {
      "id": 63,
      "line": 197,
      "label": "cssFouffa = new CssFouffa(ac, url)"
    },
    {
      "id": 64,
      "line": 198,
      "label": "cssFouffa.addListener(this)"
    },
    {
      "id": 65,
      "line": 209,
      "label": "if (media == null)"
    },
    {
      "id": 66,
      "line": 210,
      "label": "if (ac.getCssVersion() != CssVersion.CSS1)"
    },
    {
      "id": 67,
      "line": 211,
      "label": "if (ac.getMedium() == null)"
    },
    {
      "id": 68,
      "line": 212,
      "label": "media = 'all'"
    },
    {
      "id": 69,
      "line": 0,
      "label": "endif"
    },
    {
      "id": 70,
      "line": 214,
      "label": "media = ac.getMedium()"
    },
    {
      "id": 71,
      "line": 0,
      "label": "endif"
    },
    {
      "id": 72,
      "line": 0,
      "label": "endif"
    },
    {
      "id": 73,
      "line": 218,
      "label": "AtRuleMedia m = AtRuleMedia.getInstance(ac.getCssVersion())"
    },
    {
      "id": 74,
      "line": 219,
      "label": "try"
    },
    {
      "id": 75,
      "line": 0,
      "label": "end-try"
    },
    {
      "id": 76,
      "line": 220,
      "label": "if (media != null)"
    },
    {
      "id": 77,
      "line": 221,
      "label": "addMedias(m, media, ac)"
    },
    {
      "id": 78,
      "line": 0,
      "label": "endif"
    },
    {
      "id": 79,
      "line": 223,
      "label": "cssFouffa.setAtRule(m)"
    },
    {
      "id": 80,
      "line": 0,
      "label": "end-catch"
    },
    {
      "id": 81,
      "line": 224,
      "label": "catch (org.w3c.css.util.InvalidParamException e)"
    },
    {
      "id": 82,
      "line": 225,
      "label": "Errors er = new Errors()"
    },
    {
      "id": 83,
      "line": 226,
      "label": "er.addError(new org.w3c.css.parser.CssError(url.toString(), -1, e))"
    },
    {
      "id": 84,
      "line": 228,
      "label": "notifyErrors(er)"
    },
    {
      "id": 85,
      "line": 229,
      "label": "return;"
    },
    {
      "id": 86,
      "line": 231,
      "label": "ac.setReferrer(url)"
    },
    {
      "id": 87,
      "line": 232,
      "label": "doneref = true"
    },
    {
      "id": 88,
      "line": 233,
      "label": "cssFouffa.parseStyle()"
    },
    {
      "id": 89,
      "line": 239,
      "label": "finally"
    },
    {
      "id": 90,
      "line": 240,
      "label": "if (doneref)"
    },
    {
      "id": 91,
      "line": 241,
      "label": "ac.setReferrer(ref)"
    },
    {
      "id": 92,
      "line": 0,
      "label": "endif"
    },
    {
      "id": 93,
      "line": 0,
      "label": "end-finally"
    },
    {
      "id": 94,
      "line": 0,
      "label": "end-catch"
    },
    {
      "id": 95,
      "line": 234,
      "label": "catch (Exception e)"
    },
    {
      "id": 96,
      "line": 235,
      "label": "Errors er = new Errors()"
    },
    {
      "id": 97,
      "line": 236,
      "label": "er.addError(new org.w3c.css.parser.CssError(Messages.escapeString(url.toString()), -1, new Exception(Messages.escapeString(e.getMessage()))))"
    },
    {
      "id": 98,
      "line": 238,
      "label": "notifyErrors(er)"
    },
    {
      "id": 99,
      "line": 247,
      "label": "void addMedias(AtRuleMedia m, String medias, ApplContext ac)"
    },
    {
      "id": 100,
      "line": 249,
      "label": "if (ac.getCssVersion().compareTo(CssVersion.CSS3) < 0)"
    },
    {
      "id": 101,
      "line": 250,
      "label": "StringTokenizer tokens = new StringTokenizer(medias, ',')"
    },
    {
      "id": 102,
      "line": 251,
      "label": "while (tokens.hasMoreTokens())"
    },
    {
      "id": 103,
      "line": 0,
      "label": "endwhile"
    },
    {
      "id": 104,
      "line": 252,
      "label": "m.addMedia(null, tokens.nextToken().trim(), ac)"
    },
    {
      "id": 105,
      "line": 0,
      "label": "endif"
    },
    {
      "id": 106,
      "line": 255,
      "label": "CssFouffa muP = new CssFouffa(ac, new StringReader(medias))"
    },
    {
      "id": 107,
      "line": 256,
      "label": "try"
    },
    {
      "id": 108,
      "line": 0,
      "label": "end-try"
    },
    {
      "id": 109,
      "line": 257,
      "label": "AtRuleMedia arm = muP.parseMediaDeclaration()"
    },
    {
      "id": 110,
      "line": 258,
      "label": "if (arm != null)"
    },
    {
      "id": 111,
      "line": 259,
      "label": "m.allMedia = arm.allMedia"
    },
    {
      "id": 112,
      "line": 0,
      "label": "endif"
    },
    {
      "id": 113,
      "line": 0,
      "label": "end-catch"
    },
    {
      "id": 114,
      "line": 261,
      "label": "catch (ParseException pex)"
    },
    {
      "id": 115,
      "line": 274,
      "label": "void parseStyleElement(ApplContext ac, Reader reader, String title, String media, URL url, int lineno)"
    },
    {
      "id": 116,
      "line": 277,
      "label": "boolean doneref = false"
    },
    {
      "id": 117,
      "line": 278,
      "label": "style.setWarningLevel(ac.getWarningLevel())"
    },
    {
      "id": 118,
      "line": 279,
      "label": "if (Util.onDebug)"
    },
    {
      "id": 119,
      "line": 280,
      "label": "System.err.println('StyleSheet.parseStyleElement(' + title + ', ' + media + ', ' + url + ',' + lineno + ')')"
    },
    {
      "id": 120,
      "line": 0,
      "label": "endif"
    },
    {
      "id": 121,
      "line": 284,
      "label": "URL ref = ac.getReferrer()"
    },
    {
      "id": 122,
      "line": 285,
      "label": "try"
    },
    {
      "id": 123,
      "line": 0,
      "label": "end-try"
    },
    {
      "id": 124,
      "line": 288,
      "label": "String charset = ac.getCharsetForURL(url)"
    },
    {
      "id": 125,
      "line": 289,
      "label": "cssFouffa = new CssFouffa(ac, reader, url, lineno)"
    },
    {
      "id": 126,
      "line": 290,
      "label": "cssFouffa.addListener(this)"
    },
    {
      "id": 127,
      "line": 298,
      "label": "if (media == null && ac.getCssVersion() != CssVersion.CSS1)"
    },
    {
      "id": 128,
      "line": 299,
      "label": "media = 'all'"
    },
    {
      "id": 129,
      "line": 0,
      "label": "endif"
    },
    {
      "id": 130,
      "line": 302,
      "label": "AtRuleMedia m = AtRuleMedia.getInstance(ac.getCssVersion())"
    },
    {
      "id": 131,
      "line": 303,
      "label": "try"
    },
    {
      "id": 132,
      "line": 0,
      "label": "end-try"
    },
    {
      "id": 133,
      "line": 304,
      "label": "if (media != null)"
    },
    {
      "id": 134,
      "line": 305,
      "label": "addMedias(m, media, ac)"
    },
    {
      "id": 135,
      "line": 0,
      "label": "endif"
    },
    {
      "id": 136,
      "line": 307,
      "label": "cssFouffa.setAtRule(m)"
    },
    {
      "id": 137,
      "line": 0,
      "label": "end-catch"
    },
    {
      "id": 138,
      "line": 308,
      "label": "catch (org.w3c.css.util.InvalidParamException e)"
    },
    {
      "id": 139,
      "line": 309,
      "label": "Errors er = new Errors()"
    },
    {
      "id": 140,
      "line": 310,
      "label": "er.addError(new org.w3c.css.parser.CssError(url.toString(), -1, e))"
    },
    {
      "id": 141,
      "line": 312,
      "label": "notifyErrors(er)"
    },
    {
      "id": 142,
      "line": 313,
      "label": "return;"
    },
    {
      "id": 143,
      "line": 315,
      "label": "ac.setReferrer(url)"
    },
    {
      "id": 144,
      "line": 316,
      "label": "doneref = true"
    },
    {
      "id": 145,
      "line": 317,
      "label": "cssFouffa.parseStyle()"
    },
    {
      "id": 146,
      "line": 350,
      "label": "finally"
    },
    {
      "id": 147,
      "line": 351,
      "label": "if (doneref)"
    },
    {
      "id": 148,
      "line": 352,
      "label": "ac.setReferrer(ref)"
    },
    {
      "id": 149,
      "line": 0,
      "label": "endif"
    },
    {
      "id": 150,
      "line": 0,
      "label": "end-finally"
    },
    {
      "id": 151,
      "line": 0,
      "label": "end-catch"
    },
    {
      "id": 152,
      "line": 318,
      "label": "catch (IOException e)"
    },
    {
      "id": 153,
      "line": 319,
      "label": "Errors er = new Errors()"
    },
    {
      "id": 154,
      "line": 320,
      "label": "er.addError(new org.w3c.css.parser.CssError(url.toString(), -1, e))"
    },
    {
      "id": 155,
      "line": 322,
      "label": "notifyErrors(er)"
    },
    {
      "id": 156,
      "line": 323,
      "label": "catch (TokenMgrError e)"
    },
    {
      "id": 157,
      "line": 324,
      "label": "Errors er = new Errors()"
    },
    {
      "id": 158,
      "line": 325,
      "label": "CssParseException cpe = null"
    },
    {
      "id": 159,
      "line": 326,
      "label": "if (co != null)"
    },
    {
      "id": 160,
      "line": 327,
      "label": "try"
    },
    {
      "id": 161,
      "line": 0,
      "label": "end-try"
    },
    {
      "id": 162,
      "line": 328,
      "label": "Object o[] = new Object[1]"
    },
    {
      "id": 163,
      "line": 329,
      "label": "o[0] = e"
    },
    {
      "id": 164,
      "line": 330,
      "label": "Exception new_e = (Exception) co.newInstance(o)"
    },
    {
      "id": 165,
      "line": 331,
      "label": "cpe = new CssParseException(new_e)"
    },
    {
      "id": 166,
      "line": 0,
      "label": "end-catch"
    },
    {
      "id": 167,
      "line": 332,
      "label": "catch (Exception ex)"
    },
    {
      "id": 168,
      "line": 333,
      "label": "cpe = null"
    },
    {
      "id": 169,
      "line": 0,
      "label": "endif"
    },
    {
      "id": 170,
      "line": 336,
      "label": "if (cpe == null)"
    },
    {
      "id": 171,
      "line": 337,
      "label": "cpe = new CssParseException(new Exception(e.getMessage()))"
    },
    {
      "id": 172,
      "line": 0,
      "label": "endif"
    },
    {
      "id": 173,
      "line": 339,
      "label": "er.addError(new org.w3c.css.parser.CssError(url.toString(), -1, //e.getErrorLine(), cpe))"
    },
    {
      "id": 174,
      "line": 343,
      "label": "notifyErrors(er)"
    },
    {
      "id": 175,
      "line": 344,
      "label": "catch (RuntimeException e)"
    },
    {
      "id": 176,
      "line": 345,
      "label": "Errors er = new Errors()"
    },
    {
      "id": 177,
      "line": 346,
      "label": "er.addError(new org.w3c.css.parser.CssError(url.toString(), cssFouffa.getLine(), new CssParseException(e)))"
    },
    {
      "id": 178,
      "line": 349,
      "label": "notifyErrors(er)"
    },
    {
      "id": 179,
      "line": 364,
      "label": "void parseStyleElement(ApplContext ac, String input, URL url, int lineno)"
    },
    {
      "id": 180,
      "line": 365,
      "label": "parseStyleElement(ac, new StringReader(input), null, null, url, lineno)"
    },
    {
      "id": 181,
      "line": 375,
      "label": "void parseStyleElement(ApplContext ac, InputStream input, String title, String media, URL url, int lineno)"
    },
    {
      "id": 182,
      "line": 378,
      "label": "InputStreamReader reader = null"
    },
    {
      "id": 183,
      "line": 379,
      "label": "String charset = ac.getCharsetForURL(url)"
    },
    {
      "id": 184,
      "line": 380,
      "label": "try"
    },
    {
      "id": 185,
      "line": 0,
      "label": "end-try"
    },
    {
      "id": 186,
      "line": 381,
      "label": "reader = new InputStreamReader(input, (charset == null) ? 'iso-8859-1' : charset)"
    },
    {
      "id": 187,
      "line": 0,
      "label": "end-catch"
    },
    {
      "id": 188,
      "line": 383,
      "label": "catch (UnsupportedEncodingException uex)"
    },
    {
      "id": 189,
      "line": 384,
      "label": "Errors er = new Errors()"
    },
    {
      "id": 190,
      "line": 385,
      "label": "er.addError(new org.w3c.css.parser.CssError(url.toString(), -1, uex))"
    },
    {
      "id": 191,
      "line": 387,
      "label": "notifyErrors(er)"
    },
    {
      "id": 192,
      "line": 388,
      "label": "catch (Exception ex)"
    },
    {
      "id": 193,
      "line": 390,
      "label": "reader = null"
    },
    {
      "id": 194,
      "line": 391,
      "label": "if (Util.onDebug)"
    },
    {
      "id": 195,
      "line": 392,
      "label": "System.err.println('Error in StyleSheet.parseStyleElement(' + title + ',' + url + ',' + lineno + ')')"
    },
    {
      "id": 196,
      "line": 0,
      "label": "endif"
    },
    {
      "id": 197,
      "line": 396,
      "label": "if (reader != null)"
    },
    {
      "id": 198,
      "line": 397,
      "label": "parseStyleElement(ac, reader, title, media, url, lineno)"
    },
    {
      "id": 199,
      "line": 0,
      "label": "endif"
    },
    {
      "id": 200,
      "line": 408,
      "label": "void parseStyleSheet(ApplContext ac, Reader reader, URL docref)"
    },
    {
      "id": 201,
      "line": 409,
      "label": "parseStyleElement(ac, reader, null, null, (docref == null) ? ac.getFakeURL() : docref, 0)"
    },
    {
      "id": 202,
      "line": 420,
      "label": "void parseStyleAttribute(ApplContext ac, InputStream input, String id, URL url, int lineno)"
    },
    {
      "id": 203,
      "line": 422,
      "label": "style.setWarningLevel(ac.getWarningLevel())"
    },
    {
      "id": 204,
      "line": 423,
      "label": "lineno--"
    },
    {
      "id": 205,
      "line": 424,
      "label": "if (Util.onDebug)"
    },
    {
      "id": 206,
      "line": 425,
      "label": "System.err.println('StyleSheet.parseStyleAttribute(' + id + ',' + url + ',' + lineno + ')')"
    },
    {
      "id": 207,
      "line": 0,
      "label": "endif"
    },
    {
      "id": 208,
      "line": 429,
      "label": "try"
    },
    {
      "id": 209,
      "line": 0,
      "label": "end-try"
    },
    {
      "id": 210,
      "line": 431,
      "label": "String charset = ac.getCharsetForURL(url)"
    },
    {
      "id": 211,
      "line": 432,
      "label": "cssFouffa = new CssFouffa(ac, input, charset, url, lineno)"
    },
    {
      "id": 212,
      "line": 433,
      "label": "cssFouffa.addListener(this)"
    },
    {
      "id": 213,
      "line": 436,
      "label": "CssSelectors selector = new CssSelectors(ac)"
    },
    {
      "id": 214,
      "line": 438,
      "label": "try"
    },
    {
      "id": 215,
      "line": 0,
      "label": "end-try"
    },
    {
      "id": 216,
      "line": 439,
      "label": "AtRuleMedia media = AtRuleMedia.getInstance(ac.getCssVersion())"
    },
    {
      "id": 217,
      "line": 440,
      "label": "if (ac.getCssVersion() != CssVersion.CSS1)"
    },
    {
      "id": 218,
      "line": 441,
      "label": "media.addMedia(null, 'all', ac)"
    },
    {
      "id": 219,
      "line": 0,
      "label": "endif"
    },
    {
      "id": 220,
      "line": 443,
      "label": "cssFouffa.setAtRule(media)"
    },
    {
      "id": 221,
      "line": 0,
      "label": "end-catch"
    },
    {
      "id": 222,
      "line": 444,
      "label": "catch (InvalidParamException e)"
    },
    {
      "id": 223,
      "line": 447,
      "label": "try"
    },
    {
      "id": 224,
      "line": 0,
      "label": "end-try"
    },
    {
      "id": 225,
      "line": 448,
      "label": "if (id == null || id.length() == 0)"
    },
    {
      "id": 226,
      "line": 449,
      "label": "id = 'nullId-' + Long.toHexString(System.currentTimeMillis())"
    },
    {
      "id": 227,
      "line": 0,
      "label": "endif"
    },
    {
      "id": 228,
      "line": 452,
      "label": "selector.addId(new IdSelector(id.substring(1)))"
    },
    {
      "id": 229,
      "line": 0,
      "label": "end-catch"
    },
    {
      "id": 230,
      "line": 453,
      "label": "catch (InvalidParamException e)"
    },
    {
      "id": 231,
      "line": 454,
      "label": "style.removeThisRule()"
    },
    {
      "id": 232,
      "line": 455,
      "label": "ac.getFrame().addError(new CssError(e))"
    },
    {
      "id": 233,
      "line": 457,
      "label": "cssFouffa.parseDeclarations(selector)"
    },
    {
      "id": 234,
      "line": 0,
      "label": "end-catch"
    },
    {
      "id": 235,
      "line": 458,
      "label": "catch (IOException e)"
    },
    {
      "id": 236,
      "line": 459,
      "label": "Errors er = new Errors()"
    },
    {
      "id": 237,
      "line": 460,
      "label": "er.addError(new org.w3c.css.parser.CssError(url.toString(), -1, e))"
    },
    {
      "id": 238,
      "line": 462,
      "label": "notifyErrors(er)"
    },
    {
      "id": 239,
      "line": 474,
      "label": "void parseStyleAttribute(ApplContext ac, String input, String id, URL url, int lineno)"
    },
    {
      "id": 240,
      "line": 476,
      "label": "parseStyleAttribute(ac, new ByteArrayInputStream(input.getBytes()), id, url, lineno)"
    },
    {
      "id": 241,
      "line": 480,
      "label": "void setStyle(Class style)"
    },
    {
      "id": 242,
      "line": 481,
      "label": "cssFouffa.setStyle(style)"
    }
  ],

  "edges": [
    {
      "id": 0,
      "source": 0,
      "target": 1,
      "label": ""
    },
    {
      "id": 1,
      "source": 1,
      "target": 3,
      "label": ""
    },
    {
      "id": 2,
      "source": 3,
      "target": 4,
      "label": ""
    },
    {
      "id": 3,
      "source": 4,
      "target": 5,
      "label": ""
    },
    {
      "id": 4,
      "source": 5,
      "target": 2,
      "label": ""
    },
    {
      "id": 5,
      "source": 2,
      "target": 7,
      "label": "Throws"
    },
    {
      "id": 6,
      "source": 7,
      "target": 8,
      "label": ""
    },
    {
      "id": 7,
      "source": 8,
      "target": 6,
      "label": ""
    },
    {
      "id": 8,
      "source": 6,
      "target": 2,
      "label": ""
    },
    {
      "id": 9,
      "source": 9,
      "target": 10,
      "label": ""
    },
    {
      "id": 10,
      "source": 11,
      "target": 12,
      "label": ""
    },
    {
      "id": 11,
      "source": 13,
      "target": 14,
      "label": ""
    },
    {
      "id": 12,
      "source": 15,
      "target": 16,
      "label": ""
    },
    {
      "id": 13,
      "source": 17,
      "target": 18,
      "label": ""
    },
    {
      "id": 14,
      "source": 19,
      "target": 20,
      "label": ""
    },
    {
      "id": 15,
      "source": 20,
      "target": 21,
      "label": "True"
    },
    {
      "id": 16,
      "source": 21,
      "target": 22,
      "label": ""
    },
    {
      "id": 17,
      "source": 20,
      "target": 22,
      "label": "False"
    },
    {
      "id": 18,
      "source": 22,
      "target": 23,
      "label": ""
    },
    {
      "id": 19,
      "source": 23,
      "target": 24,
      "label": "False"
    },
    {
      "id": 20,
      "source": 23,
      "target": 25,
      "label": "True"
    },
    {
      "id": 21,
      "source": 25,
      "target": 26,
      "label": ""
    },
    {
      "id": 22,
      "source": 26,
      "target": 23,
      "label": ""
    },
    {
      "id": 23,
      "source": 27,
      "target": 28,
      "label": ""
    },
    {
      "id": 24,
      "source": 29,
      "target": 30,
      "label": ""
    },
    {
      "id": 25,
      "source": 31,
      "target": 32,
      "label": ""
    },
    {
      "id": 26,
      "source": 33,
      "target": 34,
      "label": ""
    },
    {
      "id": 27,
      "source": 35,
      "target": 36,
      "label": ""
    },
    {
      "id": 28,
      "source": 37,
      "target": 38,
      "label": ""
    },
    {
      "id": 29,
      "source": 39,
      "target": 40,
      "label": ""
    },
    {
      "id": 30,
      "source": 41,
      "target": 42,
      "label": ""
    },
    {
      "id": 31,
      "source": 43,
      "target": 44,
      "label": ""
    },
    {
      "id": 32,
      "source": 45,
      "target": 46,
      "label": ""
    },
    {
      "id": 33,
      "source": 47,
      "target": 48,
      "label": ""
    },
    {
      "id": 34,
      "source": 48,
      "target": 49,
      "label": ""
    },
    {
      "id": 35,
      "source": 49,
      "target": 50,
      "label": ""
    },
    {
      "id": 36,
      "source": 50,
      "target": 51,
      "label": ""
    },
    {
      "id": 37,
      "source": 51,
      "target": 52,
      "label": "True"
    },
    {
      "id": 38,
      "source": 52,
      "target": 53,
      "label": ""
    },
    {
      "id": 39,
      "source": 51,
      "target": 53,
      "label": "False"
    },
    {
      "id": 40,
      "source": 53,
      "target": 54,
      "label": ""
    },
    {
      "id": 41,
      "source": 54,
      "target": 55,
      "label": "True"
    },
    {
      "id": 42,
      "source": 55,
      "target": 56,
      "label": ""
    },
    {
      "id": 43,
      "source": 56,
      "target": 57,
      "label": "True"
    },
    {
      "id": 44,
      "source": 56,
      "target": 58,
      "label": "False"
    },
    {
      "id": 45,
      "source": 58,
      "target": 59,
      "label": ""
    },
    {
      "id": 46,
      "source": 54,
      "target": 59,
      "label": "False"
    },
    {
      "id": 47,
      "source": 59,
      "target": 60,
      "label": ""
    },
    {
      "id": 48,
      "source": 60,
      "target": 62,
      "label": ""
    },
    {
      "id": 49,
      "source": 62,
      "target": 63,
      "label": ""
    },
    {
      "id": 50,
      "source": 63,
      "target": 64,
      "label": ""
    },
    {
      "id": 51,
      "source": 64,
      "target": 65,
      "label": ""
    },
    {
      "id": 52,
      "source": 65,
      "target": 66,
      "label": "True"
    },
    {
      "id": 53,
      "source": 66,
      "target": 67,
      "label": "True"
    },
    {
      "id": 54,
      "source": 67,
      "target": 68,
      "label": "True"
    },
    {
      "id": 55,
      "source": 68,
      "target": 69,
      "label": ""
    },
    {
      "id": 56,
      "source": 67,
      "target": 70,
      "label": "False"
    },
    {
      "id": 57,
      "source": 70,
      "target": 69,
      "label": ""
    },
    {
      "id": 58,
      "source": 69,
      "target": 71,
      "label": ""
    },
    {
      "id": 59,
      "source": 66,
      "target": 71,
      "label": "False"
    },
    {
      "id": 60,
      "source": 71,
      "target": 72,
      "label": ""
    },
    {
      "id": 61,
      "source": 65,
      "target": 72,
      "label": "False"
    },
    {
      "id": 62,
      "source": 72,
      "target": 73,
      "label": ""
    },
    {
      "id": 63,
      "source": 73,
      "target": 74,
      "label": ""
    },
    {
      "id": 64,
      "source": 74,
      "target": 76,
      "label": ""
    },
    {
      "id": 65,
      "source": 76,
      "target": 77,
      "label": "True"
    },
    {
      "id": 66,
      "source": 77,
      "target": 78,
      "label": ""
    },
    {
      "id": 67,
      "source": 76,
      "target": 78,
      "label": "False"
    },
    {
      "id": 68,
      "source": 78,
      "target": 79,
      "label": ""
    },
    {
      "id": 69,
      "source": 79,
      "target": 75,
      "label": ""
    },
    {
      "id": 70,
      "source": 75,
      "target": 81,
      "label": "Throws"
    },
    {
      "id": 71,
      "source": 81,
      "target": 82,
      "label": ""
    },
    {
      "id": 72,
      "source": 82,
      "target": 83,
      "label": ""
    },
    {
      "id": 73,
      "source": 83,
      "target": 84,
      "label": ""
    },
    {
      "id": 74,
      "source": 84,
      "target": 85,
      "label": ""
    },
    {
      "id": 75,
      "source": 80,
      "target": 75,
      "label": ""
    },
    {
      "id": 76,
      "source": 75,
      "target": 86,
      "label": ""
    },
    {
      "id": 77,
      "source": 86,
      "target": 87,
      "label": ""
    },
    {
      "id": 78,
      "source": 87,
      "target": 88,
      "label": ""
    },
    {
      "id": 79,
      "source": 88,
      "target": 61,
      "label": ""
    },
    {
      "id": 80,
      "source": 61,
      "target": 89,
      "label": ""
    },
    {
      "id": 81,
      "source": 89,
      "target": 90,
      "label": ""
    },
    {
      "id": 82,
      "source": 90,
      "target": 91,
      "label": "True"
    },
    {
      "id": 83,
      "source": 91,
      "target": 92,
      "label": ""
    },
    {
      "id": 84,
      "source": 90,
      "target": 92,
      "label": "False"
    },
    {
      "id": 85,
      "source": 92,
      "target": 93,
      "label": ""
    },
    {
      "id": 86,
      "source": 61,
      "target": 95,
      "label": "Throws"
    },
    {
      "id": 87,
      "source": 95,
      "target": 96,
      "label": ""
    },
    {
      "id": 88,
      "source": 96,
      "target": 97,
      "label": ""
    },
    {
      "id": 89,
      "source": 97,
      "target": 98,
      "label": ""
    },
    {
      "id": 90,
      "source": 98,
      "target": 94,
      "label": ""
    },
    {
      "id": 91,
      "source": 94,
      "target": 89,
      "label": ""
    },
    {
      "id": 92,
      "source": 99,
      "target": 100,
      "label": ""
    },
    {
      "id": 93,
      "source": 100,
      "target": 101,
      "label": "True"
    },
    {
      "id": 94,
      "source": 101,
      "target": 102,
      "label": ""
    },
    {
      "id": 95,
      "source": 102,
      "target": 103,
      "label": "False"
    },
    {
      "id": 96,
      "source": 102,
      "target": 104,
      "label": "True"
    },
    {
      "id": 97,
      "source": 104,
      "target": 102,
      "label": ""
    },
    {
      "id": 98,
      "source": 103,
      "target": 105,
      "label": ""
    },
    {
      "id": 99,
      "source": 100,
      "target": 106,
      "label": "False"
    },
    {
      "id": 100,
      "source": 106,
      "target": 107,
      "label": ""
    },
    {
      "id": 101,
      "source": 107,
      "target": 109,
      "label": ""
    },
    {
      "id": 102,
      "source": 109,
      "target": 110,
      "label": ""
    },
    {
      "id": 103,
      "source": 110,
      "target": 111,
      "label": "True"
    },
    {
      "id": 104,
      "source": 111,
      "target": 112,
      "label": ""
    },
    {
      "id": 105,
      "source": 110,
      "target": 112,
      "label": "False"
    },
    {
      "id": 106,
      "source": 112,
      "target": 108,
      "label": ""
    },
    {
      "id": 107,
      "source": 108,
      "target": 114,
      "label": "Throws"
    },
    {
      "id": 108,
      "source": 114,
      "target": 113,
      "label": ""
    },
    {
      "id": 109,
      "source": 113,
      "target": 108,
      "label": ""
    },
    {
      "id": 110,
      "source": 108,
      "target": 105,
      "label": ""
    },
    {
      "id": 111,
      "source": 115,
      "target": 116,
      "label": ""
    },
    {
      "id": 112,
      "source": 116,
      "target": 117,
      "label": ""
    },
    {
      "id": 113,
      "source": 117,
      "target": 118,
      "label": ""
    },
    {
      "id": 114,
      "source": 118,
      "target": 119,
      "label": "True"
    },
    {
      "id": 115,
      "source": 119,
      "target": 120,
      "label": ""
    },
    {
      "id": 116,
      "source": 118,
      "target": 120,
      "label": "False"
    },
    {
      "id": 117,
      "source": 120,
      "target": 121,
      "label": ""
    },
    {
      "id": 118,
      "source": 121,
      "target": 122,
      "label": ""
    },
    {
      "id": 119,
      "source": 122,
      "target": 124,
      "label": ""
    },
    {
      "id": 120,
      "source": 124,
      "target": 125,
      "label": ""
    },
    {
      "id": 121,
      "source": 125,
      "target": 126,
      "label": ""
    },
    {
      "id": 122,
      "source": 126,
      "target": 127,
      "label": ""
    },
    {
      "id": 123,
      "source": 127,
      "target": 128,
      "label": "True"
    },
    {
      "id": 124,
      "source": 128,
      "target": 129,
      "label": ""
    },
    {
      "id": 125,
      "source": 127,
      "target": 129,
      "label": "False"
    },
    {
      "id": 126,
      "source": 129,
      "target": 130,
      "label": ""
    },
    {
      "id": 127,
      "source": 130,
      "target": 131,
      "label": ""
    },
    {
      "id": 128,
      "source": 131,
      "target": 133,
      "label": ""
    },
    {
      "id": 129,
      "source": 133,
      "target": 134,
      "label": "True"
    },
    {
      "id": 130,
      "source": 134,
      "target": 135,
      "label": ""
    },
    {
      "id": 131,
      "source": 133,
      "target": 135,
      "label": "False"
    },
    {
      "id": 132,
      "source": 135,
      "target": 136,
      "label": ""
    },
    {
      "id": 133,
      "source": 136,
      "target": 132,
      "label": ""
    },
    {
      "id": 134,
      "source": 132,
      "target": 138,
      "label": "Throws"
    },
    {
      "id": 135,
      "source": 138,
      "target": 139,
      "label": ""
    },
    {
      "id": 136,
      "source": 139,
      "target": 140,
      "label": ""
    },
    {
      "id": 137,
      "source": 140,
      "target": 141,
      "label": ""
    },
    {
      "id": 138,
      "source": 141,
      "target": 142,
      "label": ""
    },
    {
      "id": 139,
      "source": 137,
      "target": 132,
      "label": ""
    },
    {
      "id": 140,
      "source": 132,
      "target": 143,
      "label": ""
    },
    {
      "id": 141,
      "source": 143,
      "target": 144,
      "label": ""
    },
    {
      "id": 142,
      "source": 144,
      "target": 145,
      "label": ""
    },
    {
      "id": 143,
      "source": 145,
      "target": 123,
      "label": ""
    },
    {
      "id": 144,
      "source": 123,
      "target": 146,
      "label": ""
    },
    {
      "id": 145,
      "source": 146,
      "target": 147,
      "label": ""
    },
    {
      "id": 146,
      "source": 147,
      "target": 148,
      "label": "True"
    },
    {
      "id": 147,
      "source": 148,
      "target": 149,
      "label": ""
    },
    {
      "id": 148,
      "source": 147,
      "target": 149,
      "label": "False"
    },
    {
      "id": 149,
      "source": 149,
      "target": 150,
      "label": ""
    },
    {
      "id": 150,
      "source": 123,
      "target": 152,
      "label": "Throws"
    },
    {
      "id": 151,
      "source": 152,
      "target": 153,
      "label": ""
    },
    {
      "id": 152,
      "source": 153,
      "target": 154,
      "label": ""
    },
    {
      "id": 153,
      "source": 154,
      "target": 155,
      "label": ""
    },
    {
      "id": 154,
      "source": 155,
      "target": 151,
      "label": ""
    },
    {
      "id": 155,
      "source": 123,
      "target": 156,
      "label": "Throws"
    },
    {
      "id": 156,
      "source": 156,
      "target": 157,
      "label": ""
    },
    {
      "id": 157,
      "source": 157,
      "target": 158,
      "label": ""
    },
    {
      "id": 158,
      "source": 158,
      "target": 159,
      "label": ""
    },
    {
      "id": 159,
      "source": 159,
      "target": 160,
      "label": "True"
    },
    {
      "id": 160,
      "source": 160,
      "target": 162,
      "label": ""
    },
    {
      "id": 161,
      "source": 162,
      "target": 163,
      "label": ""
    },
    {
      "id": 162,
      "source": 163,
      "target": 164,
      "label": ""
    },
    {
      "id": 163,
      "source": 164,
      "target": 165,
      "label": ""
    },
    {
      "id": 164,
      "source": 165,
      "target": 161,
      "label": ""
    },
    {
      "id": 165,
      "source": 161,
      "target": 167,
      "label": "Throws"
    },
    {
      "id": 166,
      "source": 167,
      "target": 168,
      "label": ""
    },
    {
      "id": 167,
      "source": 168,
      "target": 166,
      "label": ""
    },
    {
      "id": 168,
      "source": 166,
      "target": 161,
      "label": ""
    },
    {
      "id": 169,
      "source": 161,
      "target": 169,
      "label": ""
    },
    {
      "id": 170,
      "source": 159,
      "target": 169,
      "label": "False"
    },
    {
      "id": 171,
      "source": 169,
      "target": 170,
      "label": ""
    },
    {
      "id": 172,
      "source": 170,
      "target": 171,
      "label": "True"
    },
    {
      "id": 173,
      "source": 171,
      "target": 172,
      "label": ""
    },
    {
      "id": 174,
      "source": 170,
      "target": 172,
      "label": "False"
    },
    {
      "id": 175,
      "source": 172,
      "target": 173,
      "label": ""
    },
    {
      "id": 176,
      "source": 173,
      "target": 174,
      "label": ""
    },
    {
      "id": 177,
      "source": 174,
      "target": 151,
      "label": ""
    },
    {
      "id": 178,
      "source": 123,
      "target": 175,
      "label": "Throws"
    },
    {
      "id": 179,
      "source": 175,
      "target": 176,
      "label": ""
    },
    {
      "id": 180,
      "source": 176,
      "target": 177,
      "label": ""
    },
    {
      "id": 181,
      "source": 177,
      "target": 178,
      "label": ""
    },
    {
      "id": 182,
      "source": 178,
      "target": 151,
      "label": ""
    },
    {
      "id": 183,
      "source": 151,
      "target": 146,
      "label": ""
    },
    {
      "id": 184,
      "source": 179,
      "target": 180,
      "label": ""
    },
    {
      "id": 185,
      "source": 181,
      "target": 182,
      "label": ""
    },
    {
      "id": 186,
      "source": 182,
      "target": 183,
      "label": ""
    },
    {
      "id": 187,
      "source": 183,
      "target": 184,
      "label": ""
    },
    {
      "id": 188,
      "source": 184,
      "target": 186,
      "label": ""
    },
    {
      "id": 189,
      "source": 186,
      "target": 185,
      "label": ""
    },
    {
      "id": 190,
      "source": 185,
      "target": 188,
      "label": "Throws"
    },
    {
      "id": 191,
      "source": 188,
      "target": 189,
      "label": ""
    },
    {
      "id": 192,
      "source": 189,
      "target": 190,
      "label": ""
    },
    {
      "id": 193,
      "source": 190,
      "target": 191,
      "label": ""
    },
    {
      "id": 194,
      "source": 191,
      "target": 187,
      "label": ""
    },
    {
      "id": 195,
      "source": 185,
      "target": 192,
      "label": "Throws"
    },
    {
      "id": 196,
      "source": 192,
      "target": 193,
      "label": ""
    },
    {
      "id": 197,
      "source": 193,
      "target": 194,
      "label": ""
    },
    {
      "id": 198,
      "source": 194,
      "target": 195,
      "label": "True"
    },
    {
      "id": 199,
      "source": 195,
      "target": 196,
      "label": ""
    },
    {
      "id": 200,
      "source": 194,
      "target": 196,
      "label": "False"
    },
    {
      "id": 201,
      "source": 196,
      "target": 187,
      "label": ""
    },
    {
      "id": 202,
      "source": 187,
      "target": 185,
      "label": ""
    },
    {
      "id": 203,
      "source": 185,
      "target": 197,
      "label": ""
    },
    {
      "id": 204,
      "source": 197,
      "target": 198,
      "label": "True"
    },
    {
      "id": 205,
      "source": 198,
      "target": 199,
      "label": ""
    },
    {
      "id": 206,
      "source": 197,
      "target": 199,
      "label": "False"
    },
    {
      "id": 207,
      "source": 200,
      "target": 201,
      "label": ""
    },
    {
      "id": 208,
      "source": 202,
      "target": 203,
      "label": ""
    },
    {
      "id": 209,
      "source": 203,
      "target": 204,
      "label": ""
    },
    {
      "id": 210,
      "source": 204,
      "target": 205,
      "label": ""
    },
    {
      "id": 211,
      "source": 205,
      "target": 206,
      "label": "True"
    },
    {
      "id": 212,
      "source": 206,
      "target": 207,
      "label": ""
    },
    {
      "id": 213,
      "source": 205,
      "target": 207,
      "label": "False"
    },
    {
      "id": 214,
      "source": 207,
      "target": 208,
      "label": ""
    },
    {
      "id": 215,
      "source": 208,
      "target": 210,
      "label": ""
    },
    {
      "id": 216,
      "source": 210,
      "target": 211,
      "label": ""
    },
    {
      "id": 217,
      "source": 211,
      "target": 212,
      "label": ""
    },
    {
      "id": 218,
      "source": 212,
      "target": 213,
      "label": ""
    },
    {
      "id": 219,
      "source": 213,
      "target": 214,
      "label": ""
    },
    {
      "id": 220,
      "source": 214,
      "target": 216,
      "label": ""
    },
    {
      "id": 221,
      "source": 216,
      "target": 217,
      "label": ""
    },
    {
      "id": 222,
      "source": 217,
      "target": 218,
      "label": "True"
    },
    {
      "id": 223,
      "source": 218,
      "target": 219,
      "label": ""
    },
    {
      "id": 224,
      "source": 217,
      "target": 219,
      "label": "False"
    },
    {
      "id": 225,
      "source": 219,
      "target": 220,
      "label": ""
    },
    {
      "id": 226,
      "source": 220,
      "target": 215,
      "label": ""
    },
    {
      "id": 227,
      "source": 215,
      "target": 222,
      "label": "Throws"
    },
    {
      "id": 228,
      "source": 222,
      "target": 221,
      "label": ""
    },
    {
      "id": 229,
      "source": 221,
      "target": 215,
      "label": ""
    },
    {
      "id": 230,
      "source": 215,
      "target": 223,
      "label": ""
    },
    {
      "id": 231,
      "source": 223,
      "target": 225,
      "label": ""
    },
    {
      "id": 232,
      "source": 225,
      "target": 226,
      "label": "True"
    },
    {
      "id": 233,
      "source": 226,
      "target": 227,
      "label": ""
    },
    {
      "id": 234,
      "source": 225,
      "target": 227,
      "label": "False"
    },
    {
      "id": 235,
      "source": 227,
      "target": 228,
      "label": ""
    },
    {
      "id": 236,
      "source": 228,
      "target": 224,
      "label": ""
    },
    {
      "id": 237,
      "source": 224,
      "target": 230,
      "label": "Throws"
    },
    {
      "id": 238,
      "source": 230,
      "target": 231,
      "label": ""
    },
    {
      "id": 239,
      "source": 231,
      "target": 232,
      "label": ""
    },
    {
      "id": 240,
      "source": 232,
      "target": 229,
      "label": ""
    },
    {
      "id": 241,
      "source": 229,
      "target": 224,
      "label": ""
    },
    {
      "id": 242,
      "source": 224,
      "target": 233,
      "label": ""
    },
    {
      "id": 243,
      "source": 233,
      "target": 209,
      "label": ""
    },
    {
      "id": 244,
      "source": 209,
      "target": 235,
      "label": "Throws"
    },
    {
      "id": 245,
      "source": 235,
      "target": 236,
      "label": ""
    },
    {
      "id": 246,
      "source": 236,
      "target": 237,
      "label": ""
    },
    {
      "id": 247,
      "source": 237,
      "target": 238,
      "label": ""
    },
    {
      "id": 248,
      "source": 238,
      "target": 234,
      "label": ""
    },
    {
      "id": 249,
      "source": 234,
      "target": 209,
      "label": ""
    },
    {
      "id": 250,
      "source": 239,
      "target": 240,
      "label": ""
    },
    {
      "id": 251,
      "source": 241,
      "target": 242,
      "label": ""
    }
  ]
}
