{
  "directed": true,
  "multigraph": true,
  "label": "CFG of 679.java",
  "type": "Control Flow Graph (CFG)",
  "file": "679.java",
  "package": "org.springframework.web.util",

  "nodes": [
    {
      "id": 0,
      "line": 40,
      "label": "String javaScriptEscape(String input)"
    },
    {
      "id": 1,
      "line": 41,
      "label": "if (input == null)"
    },
    {
      "id": 2,
      "line": 42,
      "label": "return input;"
    },
    {
      "id": 3,
      "line": 0,
      "label": "endif"
    },
    {
      "id": 4,
      "line": 45,
      "label": "StringBuilder filtered = new StringBuilder(input.length())"
    },
    {
      "id": 5,
      "line": 46,
      "label": "char prevChar = '\\u0000'"
    },
    {
      "id": 6,
      "line": 47,
      "label": "char c"
    },
    {
      "id": 7,
      "line": 48,
      "label": "int i = 0"
    },
    {
      "id": 8,
      "line": 48,
      "label": "for (i < input.length())"
    },
    {
      "id": 9,
      "line": 48,
      "label": "i++"
    },
    {
      "id": 10,
      "line": 0,
      "label": "endfor"
    },
    {
      "id": 11,
      "line": 49,
      "label": "c = input.charAt(i)"
    },
    {
      "id": 12,
      "line": 50,
      "label": "if (c == ''')"
    },
    {
      "id": 13,
      "line": 51,
      "label": "filtered.append('\\\\\\'')"
    },
    {
      "id": 14,
      "line": 0,
      "label": "endif"
    },
    {
      "id": 15,
      "line": 53,
      "label": "if (c == '\\'')"
    },
    {
      "id": 16,
      "line": 54,
      "label": "filtered.append('\\\\'')"
    },
    {
      "id": 17,
      "line": 0,
      "label": "endif"
    },
    {
      "id": 18,
      "line": 56,
      "label": "if (c == '\\\\')"
    },
    {
      "id": 19,
      "line": 57,
      "label": "filtered.append('\\\\\\\\')"
    },
    {
      "id": 20,
      "line": 0,
      "label": "endif"
    },
    {
      "id": 21,
      "line": 59,
      "label": "if (c == '/')"
    },
    {
      "id": 22,
      "line": 60,
      "label": "filtered.append('\\\\/')"
    },
    {
      "id": 23,
      "line": 0,
      "label": "endif"
    },
    {
      "id": 24,
      "line": 62,
      "label": "if (c == '\\t')"
    },
    {
      "id": 25,
      "line": 63,
      "label": "filtered.append('\\\\t')"
    },
    {
      "id": 26,
      "line": 0,
      "label": "endif"
    },
    {
      "id": 27,
      "line": 65,
      "label": "if (c == '\\n')"
    },
    {
      "id": 28,
      "line": 66,
      "label": "if (prevChar != '\\r')"
    },
    {
      "id": 29,
      "line": 67,
      "label": "filtered.append('\\\\n')"
    },
    {
      "id": 30,
      "line": 0,
      "label": "endif"
    },
    {
      "id": 31,
      "line": 0,
      "label": "endif"
    },
    {
      "id": 32,
      "line": 70,
      "label": "if (c == '\\r')"
    },
    {
      "id": 33,
      "line": 71,
      "label": "filtered.append('\\\\n')"
    },
    {
      "id": 34,
      "line": 0,
      "label": "endif"
    },
    {
      "id": 35,
      "line": 73,
      "label": "if (c == '\\f')"
    },
    {
      "id": 36,
      "line": 74,
      "label": "filtered.append('\\\\f')"
    },
    {
      "id": 37,
      "line": 0,
      "label": "endif"
    },
    {
      "id": 38,
      "line": 76,
      "label": "if (c == '\\b')"
    },
    {
      "id": 39,
      "line": 77,
      "label": "filtered.append('\\\\b')"
    },
    {
      "id": 40,
      "line": 0,
      "label": "endif"
    },
    {
      "id": 41,
      "line": 80,
      "label": "if (c == '\\013')"
    },
    {
      "id": 42,
      "line": 81,
      "label": "filtered.append('\\\\v')"
    },
    {
      "id": 43,
      "line": 0,
      "label": "endif"
    },
    {
      "id": 44,
      "line": 83,
      "label": "if (c == '<')"
    },
    {
      "id": 45,
      "line": 84,
      "label": "filtered.append('\\\\u003C')"
    },
    {
      "id": 46,
      "line": 0,
      "label": "endif"
    },
    {
      "id": 47,
      "line": 86,
      "label": "if (c == '>')"
    },
    {
      "id": 48,
      "line": 87,
      "label": "filtered.append('\\\\u003E')"
    },
    {
      "id": 49,
      "line": 0,
      "label": "endif"
    },
    {
      "id": 50,
      "line": 90,
      "label": "if (c == '\\u2028')"
    },
    {
      "id": 51,
      "line": 91,
      "label": "filtered.append('\\\\u2028')"
    },
    {
      "id": 52,
      "line": 0,
      "label": "endif"
    },
    {
      "id": 53,
      "line": 94,
      "label": "if (c == '\\u2029')"
    },
    {
      "id": 54,
      "line": 95,
      "label": "filtered.append('\\\\u2029')"
    },
    {
      "id": 55,
      "line": 0,
      "label": "endif"
    },
    {
      "id": 56,
      "line": 98,
      "label": "filtered.append(c)"
    },
    {
      "id": 57,
      "line": 100,
      "label": "prevChar = c"
    },
    {
      "id": 58,
      "line": 103,
      "label": "return filtered.toString();"
    }
  ],

  "edges": [
    {
      "id": 0,
      "source": 0,
      "target": 1,
      "label": ""
    },
    {
      "id": 1,
      "source": 1,
      "target": 2,
      "label": "True"
    },
    {
      "id": 2,
      "source": 1,
      "target": 3,
      "label": "False"
    },
    {
      "id": 3,
      "source": 3,
      "target": 4,
      "label": ""
    },
    {
      "id": 4,
      "source": 4,
      "target": 5,
      "label": ""
    },
    {
      "id": 5,
      "source": 5,
      "target": 6,
      "label": ""
    },
    {
      "id": 6,
      "source": 6,
      "target": 7,
      "label": ""
    },
    {
      "id": 7,
      "source": 7,
      "target": 8,
      "label": ""
    },
    {
      "id": 8,
      "source": 8,
      "target": 10,
      "label": "False"
    },
    {
      "id": 9,
      "source": 8,
      "target": 11,
      "label": "True"
    },
    {
      "id": 10,
      "source": 11,
      "target": 12,
      "label": ""
    },
    {
      "id": 11,
      "source": 12,
      "target": 13,
      "label": "True"
    },
    {
      "id": 12,
      "source": 13,
      "target": 14,
      "label": ""
    },
    {
      "id": 13,
      "source": 12,
      "target": 15,
      "label": "False"
    },
    {
      "id": 14,
      "source": 15,
      "target": 16,
      "label": "True"
    },
    {
      "id": 15,
      "source": 16,
      "target": 17,
      "label": ""
    },
    {
      "id": 16,
      "source": 15,
      "target": 18,
      "label": "False"
    },
    {
      "id": 17,
      "source": 18,
      "target": 19,
      "label": "True"
    },
    {
      "id": 18,
      "source": 19,
      "target": 20,
      "label": ""
    },
    {
      "id": 19,
      "source": 18,
      "target": 21,
      "label": "False"
    },
    {
      "id": 20,
      "source": 21,
      "target": 22,
      "label": "True"
    },
    {
      "id": 21,
      "source": 22,
      "target": 23,
      "label": ""
    },
    {
      "id": 22,
      "source": 21,
      "target": 24,
      "label": "False"
    },
    {
      "id": 23,
      "source": 24,
      "target": 25,
      "label": "True"
    },
    {
      "id": 24,
      "source": 25,
      "target": 26,
      "label": ""
    },
    {
      "id": 25,
      "source": 24,
      "target": 27,
      "label": "False"
    },
    {
      "id": 26,
      "source": 27,
      "target": 28,
      "label": "True"
    },
    {
      "id": 27,
      "source": 28,
      "target": 29,
      "label": "True"
    },
    {
      "id": 28,
      "source": 29,
      "target": 30,
      "label": ""
    },
    {
      "id": 29,
      "source": 28,
      "target": 30,
      "label": "False"
    },
    {
      "id": 30,
      "source": 30,
      "target": 31,
      "label": ""
    },
    {
      "id": 31,
      "source": 27,
      "target": 32,
      "label": "False"
    },
    {
      "id": 32,
      "source": 32,
      "target": 33,
      "label": "True"
    },
    {
      "id": 33,
      "source": 33,
      "target": 34,
      "label": ""
    },
    {
      "id": 34,
      "source": 32,
      "target": 35,
      "label": "False"
    },
    {
      "id": 35,
      "source": 35,
      "target": 36,
      "label": "True"
    },
    {
      "id": 36,
      "source": 36,
      "target": 37,
      "label": ""
    },
    {
      "id": 37,
      "source": 35,
      "target": 38,
      "label": "False"
    },
    {
      "id": 38,
      "source": 38,
      "target": 39,
      "label": "True"
    },
    {
      "id": 39,
      "source": 39,
      "target": 40,
      "label": ""
    },
    {
      "id": 40,
      "source": 38,
      "target": 41,
      "label": "False"
    },
    {
      "id": 41,
      "source": 41,
      "target": 42,
      "label": "True"
    },
    {
      "id": 42,
      "source": 42,
      "target": 43,
      "label": ""
    },
    {
      "id": 43,
      "source": 41,
      "target": 44,
      "label": "False"
    },
    {
      "id": 44,
      "source": 44,
      "target": 45,
      "label": "True"
    },
    {
      "id": 45,
      "source": 45,
      "target": 46,
      "label": ""
    },
    {
      "id": 46,
      "source": 44,
      "target": 47,
      "label": "False"
    },
    {
      "id": 47,
      "source": 47,
      "target": 48,
      "label": "True"
    },
    {
      "id": 48,
      "source": 48,
      "target": 49,
      "label": ""
    },
    {
      "id": 49,
      "source": 47,
      "target": 50,
      "label": "False"
    },
    {
      "id": 50,
      "source": 50,
      "target": 51,
      "label": "True"
    },
    {
      "id": 51,
      "source": 51,
      "target": 52,
      "label": ""
    },
    {
      "id": 52,
      "source": 50,
      "target": 53,
      "label": "False"
    },
    {
      "id": 53,
      "source": 53,
      "target": 54,
      "label": "True"
    },
    {
      "id": 54,
      "source": 54,
      "target": 55,
      "label": ""
    },
    {
      "id": 55,
      "source": 53,
      "target": 56,
      "label": "False"
    },
    {
      "id": 56,
      "source": 56,
      "target": 55,
      "label": ""
    },
    {
      "id": 57,
      "source": 55,
      "target": 52,
      "label": ""
    },
    {
      "id": 58,
      "source": 52,
      "target": 49,
      "label": ""
    },
    {
      "id": 59,
      "source": 49,
      "target": 46,
      "label": ""
    },
    {
      "id": 60,
      "source": 46,
      "target": 43,
      "label": ""
    },
    {
      "id": 61,
      "source": 43,
      "target": 40,
      "label": ""
    },
    {
      "id": 62,
      "source": 40,
      "target": 37,
      "label": ""
    },
    {
      "id": 63,
      "source": 37,
      "target": 34,
      "label": ""
    },
    {
      "id": 64,
      "source": 34,
      "target": 31,
      "label": ""
    },
    {
      "id": 65,
      "source": 31,
      "target": 26,
      "label": ""
    },
    {
      "id": 66,
      "source": 26,
      "target": 23,
      "label": ""
    },
    {
      "id": 67,
      "source": 23,
      "target": 20,
      "label": ""
    },
    {
      "id": 68,
      "source": 20,
      "target": 17,
      "label": ""
    },
    {
      "id": 69,
      "source": 17,
      "target": 14,
      "label": ""
    },
    {
      "id": 70,
      "source": 14,
      "target": 57,
      "label": ""
    },
    {
      "id": 71,
      "source": 57,
      "target": 9,
      "label": ""
    },
    {
      "id": 72,
      "source": 9,
      "target": 8,
      "label": ""
    },
    {
      "id": 73,
      "source": 10,
      "target": 58,
      "label": ""
    }
  ]
}
