{
  "directed": true,
  "multigraph": true,
  "label": "CFG of 6957.java",
  "type": "Control Flow Graph (CFG)",
  "file": "6957.java",
  "package": "",

  "nodes": [
    {
      "id": 0,
      "line": 10,
      "label": "void doGet(HttpServletRequest request, HttpServletResponse response)"
    },
    {
      "id": 1,
      "line": 13,
      "label": "String userInput = request.getParameter('input')"
    },
    {
      "id": 2,
      "line": 15,
      "label": "String output = '<h1>Welcome ' + userInput + '</h1>'"
    },
    {
      "id": 3,
      "line": 17,
      "label": "response.getWriter().write(output)"
    }
  ],

  "edges": [
    {
      "id": 0,
      "source": 0,
      "target": 1,
      "label": ""
    },
    {
      "id": 1,
      "source": 1,
      "target": 2,
      "label": ""
    },
    {
      "id": 2,
      "source": 2,
      "target": 3,
      "label": ""
    }
  ]
}
