{
  "directed": true,
  "multigraph": true,
  "label": "CFG of 7352.java",
  "type": "Control Flow Graph (CFG)",
  "file": "7352.java",
  "package": "",

  "nodes": [
    {
      "id": 0,
      "line": 6,
      "label": "void doPost(HttpServletRequest request, HttpServletResponse response)"
    },
    {
      "id": 1,
      "line": 8,
      "label": "String userInput = request.getParameter('input')"
    },
    {
      "id": 2,
      "line": 9,
      "label": "PrintWriter out = response.getWriter()"
    },
    {
      "id": 3,
      "line": 12,
      "label": "out.println('<html>')"
    },
    {
      "id": 4,
      "line": 13,
      "label": "out.println('<body>')"
    },
    {
      "id": 5,
      "line": 14,
      "label": "out.println('<h1>Hello, ' + userInput + '</h1>')"
    },
    {
      "id": 6,
      "line": 15,
      "label": "out.println('</body>')"
    },
    {
      "id": 7,
      "line": 16,
      "label": "out.println('</html>')"
    }
  ],

  "edges": [
    {
      "id": 0,
      "source": 0,
      "target": 1,
      "label": ""
    },
    {
      "id": 1,
      "source": 1,
      "target": 2,
      "label": ""
    },
    {
      "id": 2,
      "source": 2,
      "target": 3,
      "label": ""
    },
    {
      "id": 3,
      "source": 3,
      "target": 4,
      "label": ""
    },
    {
      "id": 4,
      "source": 4,
      "target": 5,
      "label": ""
    },
    {
      "id": 5,
      "source": 5,
      "target": 6,
      "label": ""
    },
    {
      "id": 6,
      "source": 6,
      "target": 7,
      "label": ""
    }
  ]
}
