{
  "directed": true,
  "multigraph": true,
  "label": "CFG of 7606.java",
  "type": "Control Flow Graph (CFG)",
  "file": "7606.java",
  "package": "",

  "nodes": [
    {
      "id": 0,
      "line": 8,
      "label": "void doGet(HttpServletRequest request, HttpServletResponse response)"
    },
    {
      "id": 1,
      "line": 9,
      "label": "String userInput = request.getParameter('input')"
    },
    {
      "id": 2,
      "line": 11,
      "label": "String output = 'Hello, ' + userInput + '!'"
    },
    {
      "id": 3,
      "line": 13,
      "label": "response.getWriter().println(output)"
    }
  ],

  "edges": [
    {
      "id": 0,
      "source": 0,
      "target": 1,
      "label": ""
    },
    {
      "id": 1,
      "source": 1,
      "target": 2,
      "label": ""
    },
    {
      "id": 2,
      "source": 2,
      "target": 3,
      "label": ""
    }
  ]
}
