{
  "directed": true,
  "multigraph": true,
  "label": "CFG of 7607.java",
  "type": "Control Flow Graph (CFG)",
  "file": "7607.java",
  "package": "",

  "nodes": [
    {
      "id": 0,
      "line": 5,
      "label": "void doGet(HttpServletRequest request, HttpServletResponse response)"
    },
    {
      "id": 1,
      "line": 6,
      "label": "String userInput = request.getParameter('input')"
    },
    {
      "id": 2,
      "line": 7,
      "label": "response.setContentType('text/html')"
    },
    {
      "id": 3,
      "line": 10,
      "label": "response.getWriter().println('<html><body>')"
    },
    {
      "id": 4,
      "line": 11,
      "label": "response.getWriter().println('<h1>Your input: ' + userInput + '</h1>')"
    },
    {
      "id": 5,
      "line": 12,
      "label": "response.getWriter().println('</body></html>')"
    }
  ],

  "edges": [
    {
      "id": 0,
      "source": 0,
      "target": 1,
      "label": ""
    },
    {
      "id": 1,
      "source": 1,
      "target": 2,
      "label": ""
    },
    {
      "id": 2,
      "source": 2,
      "target": 3,
      "label": ""
    },
    {
      "id": 3,
      "source": 3,
      "target": 4,
      "label": ""
    },
    {
      "id": 4,
      "source": 4,
      "target": 5,
      "label": ""
    }
  ]
}
