{
  "directed": true,
  "multigraph": true,
  "label": "CFG of 771.java",
  "type": "Control Flow Graph (CFG)",
  "file": "771.java",
  "package": "com.sun.faces.lifecycle",

  "nodes": [
    {
      "id": 0,
      "line": 57,
      "label": "ClientWindowImpl ()"
    },
    {
      "id": 1,
      "line": 61,
      "label": "Map<String,String> getQueryURLParameters(FacesContext context)"
    },
    {
      "id": 2,
      "line": 62,
      "label": "return null;"
    },
    {
      "id": 3,
      "line": 68,
      "label": "void decode(FacesContext context)"
    },
    {
      "id": 4,
      "line": 69,
      "label": "Map<String, String> requestParamMap = context.getExternalContext().getRequestParameterMap()"
    },
    {
      "id": 5,
      "line": 70,
      "label": "if (isClientWindowRenderModeEnabled(context))"
    },
    {
      "id": 6,
      "line": 71,
      "label": "id = requestParamMap.get(ResponseStateManager.CLIENT_WINDOW_URL_PARAM)"
    },
    {
      "id": 7,
      "line": 0,
      "label": "endif"
    },
    {
      "id": 8,
      "line": 74,
      "label": "String paramName = CLIENT_WINDOW_PARAM.getName(context)"
    },
    {
      "id": 9,
      "line": 75,
      "label": "if (requestParamMap.containsKey(paramName))"
    },
    {
      "id": 10,
      "line": 76,
      "label": "id = requestParamMap.get(paramName)"
    },
    {
      "id": 11,
      "line": 0,
      "label": "endif"
    },
    {
      "id": 12,
      "line": 78,
      "label": "if (null == id)"
    },
    {
      "id": 13,
      "line": 79,
      "label": "id = calculateClientWindow(context)"
    },
    {
      "id": 14,
      "line": 0,
      "label": "endif"
    },
    {
      "id": 15,
      "line": 83,
      "label": "String calculateClientWindow(FacesContext context)"
    },
    {
      "id": 16,
      "line": 84,
      "label": "synchronized (context.getExternalContext().getSession(true))"
    },
    {
      "id": 17,
      "line": 85,
      "label": "final String clientWindowCounterKey = 'com.sun.faces.lifecycle.ClientWindowCounterKey'"
    },
    {
      "id": 18,
      "line": 86,
      "label": "ExternalContext extContext = context.getExternalContext()"
    },
    {
      "id": 19,
      "line": 87,
      "label": "Map<String, Object> sessionAttrs = extContext.getSessionMap()"
    },
    {
      "id": 20,
      "line": 88,
      "label": "Integer counter = (Integer) sessionAttrs.get(clientWindowCounterKey)"
    },
    {
      "id": 21,
      "line": 89,
      "label": "if (null == counter)"
    },
    {
      "id": 22,
      "line": 90,
      "label": "counter = Integer.valueOf(0)"
    },
    {
      "id": 23,
      "line": 0,
      "label": "endif"
    },
    {
      "id": 24,
      "line": 92,
      "label": "char sep = UINamingContainer.getSeparatorChar(context)"
    },
    {
      "id": 25,
      "line": 93,
      "label": "id = extContext.getSessionId(true) + sep + + counter"
    },
    {
      "id": 26,
      "line": 96,
      "label": "sessionAttrs.put(clientWindowCounterKey, ++counter)"
    },
    {
      "id": 27,
      "line": 0,
      "label": "end-synchronized"
    },
    {
      "id": 28,
      "line": 98,
      "label": "return id;"
    },
    {
      "id": 29,
      "line": 102,
      "label": "String getId()"
    },
    {
      "id": 30,
      "line": 103,
      "label": "return id;"
    }
  ],

  "edges": [
    {
      "id": 0,
      "source": 1,
      "target": 2,
      "label": ""
    },
    {
      "id": 1,
      "source": 3,
      "target": 4,
      "label": ""
    },
    {
      "id": 2,
      "source": 4,
      "target": 5,
      "label": ""
    },
    {
      "id": 3,
      "source": 5,
      "target": 6,
      "label": "True"
    },
    {
      "id": 4,
      "source": 6,
      "target": 7,
      "label": ""
    },
    {
      "id": 5,
      "source": 5,
      "target": 7,
      "label": "False"
    },
    {
      "id": 6,
      "source": 7,
      "target": 8,
      "label": ""
    },
    {
      "id": 7,
      "source": 8,
      "target": 9,
      "label": ""
    },
    {
      "id": 8,
      "source": 9,
      "target": 10,
      "label": "True"
    },
    {
      "id": 9,
      "source": 10,
      "target": 11,
      "label": ""
    },
    {
      "id": 10,
      "source": 9,
      "target": 11,
      "label": "False"
    },
    {
      "id": 11,
      "source": 11,
      "target": 12,
      "label": ""
    },
    {
      "id": 12,
      "source": 12,
      "target": 13,
      "label": "True"
    },
    {
      "id": 13,
      "source": 13,
      "target": 14,
      "label": ""
    },
    {
      "id": 14,
      "source": 12,
      "target": 14,
      "label": "False"
    },
    {
      "id": 15,
      "source": 15,
      "target": 16,
      "label": ""
    },
    {
      "id": 16,
      "source": 16,
      "target": 17,
      "label": ""
    },
    {
      "id": 17,
      "source": 17,
      "target": 18,
      "label": ""
    },
    {
      "id": 18,
      "source": 18,
      "target": 19,
      "label": ""
    },
    {
      "id": 19,
      "source": 19,
      "target": 20,
      "label": ""
    },
    {
      "id": 20,
      "source": 20,
      "target": 21,
      "label": ""
    },
    {
      "id": 21,
      "source": 21,
      "target": 22,
      "label": "True"
    },
    {
      "id": 22,
      "source": 22,
      "target": 23,
      "label": ""
    },
    {
      "id": 23,
      "source": 21,
      "target": 23,
      "label": "False"
    },
    {
      "id": 24,
      "source": 23,
      "target": 24,
      "label": ""
    },
    {
      "id": 25,
      "source": 24,
      "target": 25,
      "label": ""
    },
    {
      "id": 26,
      "source": 25,
      "target": 26,
      "label": ""
    },
    {
      "id": 27,
      "source": 26,
      "target": 27,
      "label": ""
    },
    {
      "id": 28,
      "source": 27,
      "target": 28,
      "label": ""
    },
    {
      "id": 29,
      "source": 29,
      "target": 30,
      "label": ""
    }
  ]
}
