{
  "directed": true,
  "multigraph": true,
  "label": "CFG of 7863.java",
  "type": "Control Flow Graph (CFG)",
  "file": "7863.java",
  "package": "",

  "nodes": [
    {
      "id": 0,
      "line": 10,
      "label": "void doGet(HttpServletRequest request, HttpServletResponse response)"
    },
    {
      "id": 1,
      "line": 11,
      "label": "String userInput = request.getParameter('input')"
    },
    {
      "id": 2,
      "line": 12,
      "label": "String responseHtml = '<html><body><h1>Welcome ' + userInput + '</h1></body></html>'"
    },
    {
      "id": 3,
      "line": 13,
      "label": "response.getWriter().write(responseHtml)"
    }
  ],

  "edges": [
    {
      "id": 0,
      "source": 0,
      "target": 1,
      "label": ""
    },
    {
      "id": 1,
      "source": 1,
      "target": 2,
      "label": ""
    },
    {
      "id": 2,
      "source": 2,
      "target": 3,
      "label": ""
    }
  ]
}
