{
  "directed": true,
  "multigraph": true,
  "label": "CFG of 8377.java",
  "type": "Control Flow Graph (CFG)",
  "file": "8377.java",
  "package": "",

  "nodes": [
    {
      "id": 0,
      "line": 5,
      "label": "void main(String[] args)"
    },
    {
      "id": 1,
      "line": 6,
      "label": "String userInput = 'example.txt'"
    },
    {
      "id": 2,
      "line": 9,
      "label": "String command = 'cat ' + userInput"
    },
    {
      "id": 3,
      "line": 10,
      "label": "Runtime.getRuntime().exec(command)"
    }
  ],

  "edges": [
    {
      "id": 0,
      "source": 0,
      "target": 1,
      "label": ""
    },
    {
      "id": 1,
      "source": 1,
      "target": 2,
      "label": ""
    },
    {
      "id": 2,
      "source": 2,
      "target": 3,
      "label": ""
    }
  ]
}
