{
  "directed": true,
  "multigraph": true,
  "label": "CFG of 84.java",
  "type": "Control Flow Graph (CFG)",
  "file": "84.java",
  "package": "com.southernstorm.noise.protocol",

  "nodes": [
    {
      "id": 0,
      "line": 48,
      "label": "ChaChaPolyCipherState ()"
    },
    {
      "id": 1,
      "line": 50,
      "label": "poly = new Poly1305()"
    },
    {
      "id": 2,
      "line": 51,
      "label": "input = new int [16]"
    },
    {
      "id": 3,
      "line": 52,
      "label": "output = new int [16]"
    },
    {
      "id": 4,
      "line": 53,
      "label": "polyKey = new byte [32]"
    },
    {
      "id": 5,
      "line": 54,
      "label": "n = 0"
    },
    {
      "id": 6,
      "line": 55,
      "label": "haskey = false"
    },
    {
      "id": 7,
      "line": 59,
      "label": "void destroy()"
    },
    {
      "id": 8,
      "line": 60,
      "label": "poly.destroy()"
    },
    {
      "id": 9,
      "line": 61,
      "label": "Arrays.fill(input, 0)"
    },
    {
      "id": 10,
      "line": 62,
      "label": "Arrays.fill(output, 0)"
    },
    {
      "id": 11,
      "line": 63,
      "label": "Noise.destroy(polyKey)"
    },
    {
      "id": 12,
      "line": 67,
      "label": "String getCipherName()"
    },
    {
      "id": 13,
      "line": 68,
      "label": "return 'ChaChaPoly';"
    },
    {
      "id": 14,
      "line": 72,
      "label": "int getKeyLength()"
    },
    {
      "id": 15,
      "line": 73,
      "label": "return 32;"
    },
    {
      "id": 16,
      "line": 77,
      "label": "int getMACLength()"
    },
    {
      "id": 17,
      "line": 78,
      "label": "return haskey ? 16 : 0;"
    },
    {
      "id": 18,
      "line": 82,
      "label": "void initializeKey(byte[] key, int offset)"
    },
    {
      "id": 19,
      "line": 83,
      "label": "ChaChaCore.initKey256(input, key, offset)"
    },
    {
      "id": 20,
      "line": 84,
      "label": "n = 0"
    },
    {
      "id": 21,
      "line": 85,
      "label": "haskey = true"
    },
    {
      "id": 22,
      "line": 89,
      "label": "boolean hasKey()"
    },
    {
      "id": 23,
      "line": 90,
      "label": "return haskey;"
    },
    {
      "id": 24,
      "line": 103,
      "label": "void xorBlock(byte[] input, int inputOffset, byte[] output, int outputOffset, int length, int[] block)"
    },
    {
      "id": 25,
      "line": 105,
      "label": "int posn = 0"
    },
    {
      "id": 26,
      "line": 106,
      "label": "int value"
    },
    {
      "id": 27,
      "line": 107,
      "label": "while (length >= 4)"
    },
    {
      "id": 28,
      "line": 0,
      "label": "endwhile"
    },
    {
      "id": 29,
      "line": 108,
      "label": "value = block[posn++]"
    },
    {
      "id": 30,
      "line": 109,
      "label": "output[outputOffset] = (byte)(input[inputOffset] ^ value)"
    },
    {
      "id": 31,
      "line": 110,
      "label": "output[outputOffset + 1] = (byte)(input[inputOffset + 1] ^ (value >> 8))"
    },
    {
      "id": 32,
      "line": 111,
      "label": "output[outputOffset + 2] = (byte)(input[inputOffset + 2] ^ (value >> 16))"
    },
    {
      "id": 33,
      "line": 112,
      "label": "output[outputOffset + 3] = (byte)(input[inputOffset + 3] ^ (value >> 24))"
    },
    {
      "id": 34,
      "line": 113,
      "label": "inputOffset += 4"
    },
    {
      "id": 35,
      "line": 114,
      "label": "outputOffset += 4"
    },
    {
      "id": 36,
      "line": 115,
      "label": "length -= 4"
    },
    {
      "id": 37,
      "line": 117,
      "label": "if (length == 3)"
    },
    {
      "id": 38,
      "line": 118,
      "label": "value = block[posn]"
    },
    {
      "id": 39,
      "line": 119,
      "label": "output[outputOffset] = (byte)(input[inputOffset] ^ value)"
    },
    {
      "id": 40,
      "line": 120,
      "label": "output[outputOffset + 1] = (byte)(input[inputOffset + 1] ^ (value >> 8))"
    },
    {
      "id": 41,
      "line": 121,
      "label": "output[outputOffset + 2] = (byte)(input[inputOffset + 2] ^ (value >> 16))"
    },
    {
      "id": 42,
      "line": 0,
      "label": "endif"
    },
    {
      "id": 43,
      "line": 122,
      "label": "if (length == 2)"
    },
    {
      "id": 44,
      "line": 123,
      "label": "value = block[posn]"
    },
    {
      "id": 45,
      "line": 124,
      "label": "output[outputOffset] = (byte)(input[inputOffset] ^ value)"
    },
    {
      "id": 46,
      "line": 125,
      "label": "output[outputOffset + 1] = (byte)(input[inputOffset + 1] ^ (value >> 8))"
    },
    {
      "id": 47,
      "line": 0,
      "label": "endif"
    },
    {
      "id": 48,
      "line": 126,
      "label": "if (length == 1)"
    },
    {
      "id": 49,
      "line": 127,
      "label": "value = block[posn]"
    },
    {
      "id": 50,
      "line": 128,
      "label": "output[outputOffset] = (byte)(input[inputOffset] ^ value)"
    },
    {
      "id": 51,
      "line": 0,
      "label": "endif"
    },
    {
      "id": 52,
      "line": 137,
      "label": "void setup(byte[] ad)"
    },
    {
      "id": 53,
      "line": 139,
      "label": "if (n == -1L)"
    },
    {
      "id": 54,
      "line": 140,
      "label": "throw new IllegalStateException('Nonce has wrapped around')"
    },
    {
      "id": 55,
      "line": 0,
      "label": "endif"
    },
    {
      "id": 56,
      "line": 141,
      "label": "ChaChaCore.initIV(input, n++)"
    },
    {
      "id": 57,
      "line": 142,
      "label": "ChaChaCore.hash(output, input)"
    },
    {
      "id": 58,
      "line": 143,
      "label": "Arrays.fill(polyKey, (byte)0)"
    },
    {
      "id": 59,
      "line": 144,
      "label": "xorBlock(polyKey, 0, polyKey, 0, 32, output)"
    },
    {
      "id": 60,
      "line": 145,
      "label": "poly.reset(polyKey, 0)"
    },
    {
      "id": 61,
      "line": 146,
      "label": "if (ad != null)"
    },
    {
      "id": 62,
      "line": 147,
      "label": "poly.update(ad, 0, ad.length)"
    },
    {
      "id": 63,
      "line": 148,
      "label": "poly.pad()"
    },
    {
      "id": 64,
      "line": 0,
      "label": "endif"
    },
    {
      "id": 65,
      "line": 150,
      "label": "if (++(input[12]) == 0)"
    },
    {
      "id": 66,
      "line": 151,
      "label": "++(input[13])"
    },
    {
      "id": 67,
      "line": 0,
      "label": "endif"
    },
    {
      "id": 68,
      "line": 161,
      "label": "void putLittleEndian64(byte[] output, int offset, long value)"
    },
    {
      "id": 69,
      "line": 163,
      "label": "output[offset] = (byte)value"
    },
    {
      "id": 70,
      "line": 164,
      "label": "output[offset + 1] = (byte)(value >> 8)"
    },
    {
      "id": 71,
      "line": 165,
      "label": "output[offset + 2] = (byte)(value >> 16)"
    },
    {
      "id": 72,
      "line": 166,
      "label": "output[offset + 3] = (byte)(value >> 24)"
    },
    {
      "id": 73,
      "line": 167,
      "label": "output[offset + 4] = (byte)(value >> 32)"
    },
    {
      "id": 74,
      "line": 168,
      "label": "output[offset + 5] = (byte)(value >> 40)"
    },
    {
      "id": 75,
      "line": 169,
      "label": "output[offset + 6] = (byte)(value >> 48)"
    },
    {
      "id": 76,
      "line": 170,
      "label": "output[offset + 7] = (byte)(value >> 56)"
    },
    {
      "id": 77,
      "line": 179,
      "label": "void finish(byte[] ad, int length)"
    },
    {
      "id": 78,
      "line": 181,
      "label": "poly.pad()"
    },
    {
      "id": 79,
      "line": 182,
      "label": "putLittleEndian64(polyKey, 0, ad != null ? ad.length : 0)"
    },
    {
      "id": 80,
      "line": 183,
      "label": "putLittleEndian64(polyKey, 8, length)"
    },
    {
      "id": 81,
      "line": 184,
      "label": "poly.update(polyKey, 0, 16)"
    },
    {
      "id": 82,
      "line": 185,
      "label": "poly.finish(polyKey, 0)"
    },
    {
      "id": 83,
      "line": 197,
      "label": "void encrypt(byte[] plaintext, int plaintextOffset, 			byte[] ciphertext, int ciphertextOffset, int length)"
    },
    {
      "id": 84,
      "line": 199,
      "label": "while (length > 0)"
    },
    {
      "id": 85,
      "line": 0,
      "label": "endwhile"
    },
    {
      "id": 86,
      "line": 200,
      "label": "int tempLen = 64"
    },
    {
      "id": 87,
      "line": 201,
      "label": "if (tempLen > length)"
    },
    {
      "id": 88,
      "line": 202,
      "label": "tempLen = length"
    },
    {
      "id": 89,
      "line": 0,
      "label": "endif"
    },
    {
      "id": 90,
      "line": 203,
      "label": "ChaChaCore.hash(output, input)"
    },
    {
      "id": 91,
      "line": 204,
      "label": "xorBlock(plaintext, plaintextOffset, ciphertext, ciphertextOffset, tempLen, output)"
    },
    {
      "id": 92,
      "line": 205,
      "label": "if (++(input[12]) == 0)"
    },
    {
      "id": 93,
      "line": 206,
      "label": "++(input[13])"
    },
    {
      "id": 94,
      "line": 0,
      "label": "endif"
    },
    {
      "id": 95,
      "line": 207,
      "label": "plaintextOffset += tempLen"
    },
    {
      "id": 96,
      "line": 208,
      "label": "ciphertextOffset += tempLen"
    },
    {
      "id": 97,
      "line": 209,
      "label": "length -= tempLen"
    },
    {
      "id": 98,
      "line": 214,
      "label": "int encryptWithAd(byte[] ad, byte[] plaintext, int plaintextOffset, 			byte[] ciphertext, int ciphertextOffset, int length)"
    },
    {
      "id": 99,
      "line": 216,
      "label": "int space"
    },
    {
      "id": 100,
      "line": 217,
      "label": "if (ciphertextOffset > ciphertext.length)"
    },
    {
      "id": 101,
      "line": 218,
      "label": "space = 0"
    },
    {
      "id": 102,
      "line": 0,
      "label": "endif"
    },
    {
      "id": 103,
      "line": 220,
      "label": "space = ciphertext.length - ciphertextOffset"
    },
    {
      "id": 104,
      "line": 221,
      "label": "if (!haskey)"
    },
    {
      "id": 105,
      "line": 223,
      "label": "if (length > space)"
    },
    {
      "id": 106,
      "line": 224,
      "label": "throw new ShortBufferException()"
    },
    {
      "id": 107,
      "line": 0,
      "label": "endif"
    },
    {
      "id": 108,
      "line": 225,
      "label": "if (plaintext != ciphertext || plaintextOffset != ciphertextOffset)"
    },
    {
      "id": 109,
      "line": 226,
      "label": "System.arraycopy(plaintext, plaintextOffset, ciphertext, ciphertextOffset, length)"
    },
    {
      "id": 110,
      "line": 0,
      "label": "endif"
    },
    {
      "id": 111,
      "line": 227,
      "label": "return length;"
    },
    {
      "id": 112,
      "line": 0,
      "label": "endif"
    },
    {
      "id": 113,
      "line": 229,
      "label": "if (space < 16 || length > (space - 16))"
    },
    {
      "id": 114,
      "line": 230,
      "label": "throw new ShortBufferException()"
    },
    {
      "id": 115,
      "line": 0,
      "label": "endif"
    },
    {
      "id": 116,
      "line": 231,
      "label": "setup(ad)"
    },
    {
      "id": 117,
      "line": 232,
      "label": "encrypt(plaintext, plaintextOffset, ciphertext, ciphertextOffset, length)"
    },
    {
      "id": 118,
      "line": 233,
      "label": "poly.update(ciphertext, ciphertextOffset, length)"
    },
    {
      "id": 119,
      "line": 234,
      "label": "finish(ad, length)"
    },
    {
      "id": 120,
      "line": 235,
      "label": "System.arraycopy(polyKey, 0, ciphertext, ciphertextOffset + length, 16)"
    },
    {
      "id": 121,
      "line": 236,
      "label": "return length + 16;"
    },
    {
      "id": 122,
      "line": 240,
      "label": "int decryptWithAd(byte[] ad, byte[] ciphertext, 			int ciphertextOffset, byte[] plaintext, int plaintextOffset, 			int length)"
    },
    {
      "id": 123,
      "line": 243,
      "label": "int space"
    },
    {
      "id": 124,
      "line": 244,
      "label": "if (ciphertextOffset > ciphertext.length)"
    },
    {
      "id": 125,
      "line": 245,
      "label": "space = 0"
    },
    {
      "id": 126,
      "line": 0,
      "label": "endif"
    },
    {
      "id": 127,
      "line": 247,
      "label": "space = ciphertext.length - ciphertextOffset"
    },
    {
      "id": 128,
      "line": 248,
      "label": "if (length > space)"
    },
    {
      "id": 129,
      "line": 249,
      "label": "throw new ShortBufferException()"
    },
    {
      "id": 130,
      "line": 0,
      "label": "endif"
    },
    {
      "id": 131,
      "line": 250,
      "label": "if (plaintextOffset > plaintext.length)"
    },
    {
      "id": 132,
      "line": 251,
      "label": "space = 0"
    },
    {
      "id": 133,
      "line": 0,
      "label": "endif"
    },
    {
      "id": 134,
      "line": 253,
      "label": "space = plaintext.length - plaintextOffset"
    },
    {
      "id": 135,
      "line": 254,
      "label": "if (!haskey)"
    },
    {
      "id": 136,
      "line": 256,
      "label": "if (length > space)"
    },
    {
      "id": 137,
      "line": 257,
      "label": "throw new ShortBufferException()"
    },
    {
      "id": 138,
      "line": 0,
      "label": "endif"
    },
    {
      "id": 139,
      "line": 258,
      "label": "if (plaintext != ciphertext || plaintextOffset != ciphertextOffset)"
    },
    {
      "id": 140,
      "line": 259,
      "label": "System.arraycopy(ciphertext, ciphertextOffset, plaintext, plaintextOffset, length)"
    },
    {
      "id": 141,
      "line": 0,
      "label": "endif"
    },
    {
      "id": 142,
      "line": 260,
      "label": "return length;"
    },
    {
      "id": 143,
      "line": 0,
      "label": "endif"
    },
    {
      "id": 144,
      "line": 262,
      "label": "if (length < 16)"
    },
    {
      "id": 145,
      "line": 263,
      "label": "Noise.throwBadTagException()"
    },
    {
      "id": 146,
      "line": 0,
      "label": "endif"
    },
    {
      "id": 147,
      "line": 264,
      "label": "int dataLen = length - 16"
    },
    {
      "id": 148,
      "line": 265,
      "label": "if (dataLen > space)"
    },
    {
      "id": 149,
      "line": 266,
      "label": "throw new ShortBufferException()"
    },
    {
      "id": 150,
      "line": 0,
      "label": "endif"
    },
    {
      "id": 151,
      "line": 267,
      "label": "setup(ad)"
    },
    {
      "id": 152,
      "line": 268,
      "label": "poly.update(ciphertext, ciphertextOffset, dataLen)"
    },
    {
      "id": 153,
      "line": 269,
      "label": "finish(ad, dataLen)"
    },
    {
      "id": 154,
      "line": 270,
      "label": "int temp = 0"
    },
    {
      "id": 155,
      "line": 271,
      "label": "int index = 0"
    },
    {
      "id": 156,
      "line": 271,
      "label": "for (index < 16)"
    },
    {
      "id": 157,
      "line": 271,
      "label": "++index"
    },
    {
      "id": 158,
      "line": 0,
      "label": "endfor"
    },
    {
      "id": 159,
      "line": 272,
      "label": "temp |= (polyKey[index] ^ ciphertext[ciphertextOffset + dataLen + index])"
    },
    {
      "id": 160,
      "line": 273,
      "label": "if ((temp & 0xFF) != 0)"
    },
    {
      "id": 161,
      "line": 274,
      "label": "Noise.throwBadTagException()"
    },
    {
      "id": 162,
      "line": 0,
      "label": "endif"
    },
    {
      "id": 163,
      "line": 275,
      "label": "encrypt(ciphertext, ciphertextOffset, plaintext, plaintextOffset, dataLen)"
    },
    {
      "id": 164,
      "line": 276,
      "label": "return dataLen;"
    },
    {
      "id": 165,
      "line": 280,
      "label": "CipherState fork(byte[] key, int offset)"
    },
    {
      "id": 166,
      "line": 281,
      "label": "CipherState cipher = new ChaChaPolyCipherState()"
    },
    {
      "id": 167,
      "line": 282,
      "label": "cipher.initializeKey(key, offset)"
    },
    {
      "id": 168,
      "line": 283,
      "label": "return cipher;"
    },
    {
      "id": 169,
      "line": 287,
      "label": "void setNonce(long nonce)"
    },
    {
      "id": 170,
      "line": 288,
      "label": "n = nonce"
    }
  ],

  "edges": [
    {
      "id": 0,
      "source": 0,
      "target": 1,
      "label": ""
    },
    {
      "id": 1,
      "source": 1,
      "target": 2,
      "label": ""
    },
    {
      "id": 2,
      "source": 2,
      "target": 3,
      "label": ""
    },
    {
      "id": 3,
      "source": 3,
      "target": 4,
      "label": ""
    },
    {
      "id": 4,
      "source": 4,
      "target": 5,
      "label": ""
    },
    {
      "id": 5,
      "source": 5,
      "target": 6,
      "label": ""
    },
    {
      "id": 6,
      "source": 7,
      "target": 8,
      "label": ""
    },
    {
      "id": 7,
      "source": 8,
      "target": 9,
      "label": ""
    },
    {
      "id": 8,
      "source": 9,
      "target": 10,
      "label": ""
    },
    {
      "id": 9,
      "source": 10,
      "target": 11,
      "label": ""
    },
    {
      "id": 10,
      "source": 12,
      "target": 13,
      "label": ""
    },
    {
      "id": 11,
      "source": 14,
      "target": 15,
      "label": ""
    },
    {
      "id": 12,
      "source": 16,
      "target": 17,
      "label": ""
    },
    {
      "id": 13,
      "source": 18,
      "target": 19,
      "label": ""
    },
    {
      "id": 14,
      "source": 19,
      "target": 20,
      "label": ""
    },
    {
      "id": 15,
      "source": 20,
      "target": 21,
      "label": ""
    },
    {
      "id": 16,
      "source": 22,
      "target": 23,
      "label": ""
    },
    {
      "id": 17,
      "source": 24,
      "target": 25,
      "label": ""
    },
    {
      "id": 18,
      "source": 25,
      "target": 26,
      "label": ""
    },
    {
      "id": 19,
      "source": 26,
      "target": 27,
      "label": ""
    },
    {
      "id": 20,
      "source": 27,
      "target": 28,
      "label": "False"
    },
    {
      "id": 21,
      "source": 27,
      "target": 29,
      "label": "True"
    },
    {
      "id": 22,
      "source": 29,
      "target": 30,
      "label": ""
    },
    {
      "id": 23,
      "source": 30,
      "target": 31,
      "label": ""
    },
    {
      "id": 24,
      "source": 31,
      "target": 32,
      "label": ""
    },
    {
      "id": 25,
      "source": 32,
      "target": 33,
      "label": ""
    },
    {
      "id": 26,
      "source": 33,
      "target": 34,
      "label": ""
    },
    {
      "id": 27,
      "source": 34,
      "target": 35,
      "label": ""
    },
    {
      "id": 28,
      "source": 35,
      "target": 36,
      "label": ""
    },
    {
      "id": 29,
      "source": 36,
      "target": 27,
      "label": ""
    },
    {
      "id": 30,
      "source": 28,
      "target": 37,
      "label": ""
    },
    {
      "id": 31,
      "source": 37,
      "target": 38,
      "label": "True"
    },
    {
      "id": 32,
      "source": 38,
      "target": 39,
      "label": ""
    },
    {
      "id": 33,
      "source": 39,
      "target": 40,
      "label": ""
    },
    {
      "id": 34,
      "source": 40,
      "target": 41,
      "label": ""
    },
    {
      "id": 35,
      "source": 41,
      "target": 42,
      "label": ""
    },
    {
      "id": 36,
      "source": 37,
      "target": 43,
      "label": "False"
    },
    {
      "id": 37,
      "source": 43,
      "target": 44,
      "label": "True"
    },
    {
      "id": 38,
      "source": 44,
      "target": 45,
      "label": ""
    },
    {
      "id": 39,
      "source": 45,
      "target": 46,
      "label": ""
    },
    {
      "id": 40,
      "source": 46,
      "target": 47,
      "label": ""
    },
    {
      "id": 41,
      "source": 43,
      "target": 48,
      "label": "False"
    },
    {
      "id": 42,
      "source": 48,
      "target": 49,
      "label": "True"
    },
    {
      "id": 43,
      "source": 49,
      "target": 50,
      "label": ""
    },
    {
      "id": 44,
      "source": 50,
      "target": 51,
      "label": ""
    },
    {
      "id": 45,
      "source": 48,
      "target": 51,
      "label": "False"
    },
    {
      "id": 46,
      "source": 51,
      "target": 47,
      "label": ""
    },
    {
      "id": 47,
      "source": 47,
      "target": 42,
      "label": ""
    },
    {
      "id": 48,
      "source": 52,
      "target": 53,
      "label": ""
    },
    {
      "id": 49,
      "source": 53,
      "target": 54,
      "label": "True"
    },
    {
      "id": 50,
      "source": 53,
      "target": 55,
      "label": "False"
    },
    {
      "id": 51,
      "source": 55,
      "target": 56,
      "label": ""
    },
    {
      "id": 52,
      "source": 56,
      "target": 57,
      "label": ""
    },
    {
      "id": 53,
      "source": 57,
      "target": 58,
      "label": ""
    },
    {
      "id": 54,
      "source": 58,
      "target": 59,
      "label": ""
    },
    {
      "id": 55,
      "source": 59,
      "target": 60,
      "label": ""
    },
    {
      "id": 56,
      "source": 60,
      "target": 61,
      "label": ""
    },
    {
      "id": 57,
      "source": 61,
      "target": 62,
      "label": "True"
    },
    {
      "id": 58,
      "source": 62,
      "target": 63,
      "label": ""
    },
    {
      "id": 59,
      "source": 63,
      "target": 64,
      "label": ""
    },
    {
      "id": 60,
      "source": 61,
      "target": 64,
      "label": "False"
    },
    {
      "id": 61,
      "source": 64,
      "target": 65,
      "label": ""
    },
    {
      "id": 62,
      "source": 65,
      "target": 66,
      "label": "True"
    },
    {
      "id": 63,
      "source": 66,
      "target": 67,
      "label": ""
    },
    {
      "id": 64,
      "source": 65,
      "target": 67,
      "label": "False"
    },
    {
      "id": 65,
      "source": 68,
      "target": 69,
      "label": ""
    },
    {
      "id": 66,
      "source": 69,
      "target": 70,
      "label": ""
    },
    {
      "id": 67,
      "source": 70,
      "target": 71,
      "label": ""
    },
    {
      "id": 68,
      "source": 71,
      "target": 72,
      "label": ""
    },
    {
      "id": 69,
      "source": 72,
      "target": 73,
      "label": ""
    },
    {
      "id": 70,
      "source": 73,
      "target": 74,
      "label": ""
    },
    {
      "id": 71,
      "source": 74,
      "target": 75,
      "label": ""
    },
    {
      "id": 72,
      "source": 75,
      "target": 76,
      "label": ""
    },
    {
      "id": 73,
      "source": 77,
      "target": 78,
      "label": ""
    },
    {
      "id": 74,
      "source": 78,
      "target": 79,
      "label": ""
    },
    {
      "id": 75,
      "source": 79,
      "target": 80,
      "label": ""
    },
    {
      "id": 76,
      "source": 80,
      "target": 81,
      "label": ""
    },
    {
      "id": 77,
      "source": 81,
      "target": 82,
      "label": ""
    },
    {
      "id": 78,
      "source": 83,
      "target": 84,
      "label": ""
    },
    {
      "id": 79,
      "source": 84,
      "target": 85,
      "label": "False"
    },
    {
      "id": 80,
      "source": 84,
      "target": 86,
      "label": "True"
    },
    {
      "id": 81,
      "source": 86,
      "target": 87,
      "label": ""
    },
    {
      "id": 82,
      "source": 87,
      "target": 88,
      "label": "True"
    },
    {
      "id": 83,
      "source": 88,
      "target": 89,
      "label": ""
    },
    {
      "id": 84,
      "source": 87,
      "target": 89,
      "label": "False"
    },
    {
      "id": 85,
      "source": 89,
      "target": 90,
      "label": ""
    },
    {
      "id": 86,
      "source": 90,
      "target": 91,
      "label": ""
    },
    {
      "id": 87,
      "source": 91,
      "target": 92,
      "label": ""
    },
    {
      "id": 88,
      "source": 92,
      "target": 93,
      "label": "True"
    },
    {
      "id": 89,
      "source": 93,
      "target": 94,
      "label": ""
    },
    {
      "id": 90,
      "source": 92,
      "target": 94,
      "label": "False"
    },
    {
      "id": 91,
      "source": 94,
      "target": 95,
      "label": ""
    },
    {
      "id": 92,
      "source": 95,
      "target": 96,
      "label": ""
    },
    {
      "id": 93,
      "source": 96,
      "target": 97,
      "label": ""
    },
    {
      "id": 94,
      "source": 97,
      "target": 84,
      "label": ""
    },
    {
      "id": 95,
      "source": 98,
      "target": 99,
      "label": ""
    },
    {
      "id": 96,
      "source": 99,
      "target": 100,
      "label": ""
    },
    {
      "id": 97,
      "source": 100,
      "target": 101,
      "label": "True"
    },
    {
      "id": 98,
      "source": 101,
      "target": 102,
      "label": ""
    },
    {
      "id": 99,
      "source": 100,
      "target": 103,
      "label": "False"
    },
    {
      "id": 100,
      "source": 103,
      "target": 102,
      "label": ""
    },
    {
      "id": 101,
      "source": 102,
      "target": 104,
      "label": ""
    },
    {
      "id": 102,
      "source": 104,
      "target": 105,
      "label": "True"
    },
    {
      "id": 103,
      "source": 105,
      "target": 106,
      "label": "True"
    },
    {
      "id": 104,
      "source": 105,
      "target": 107,
      "label": "False"
    },
    {
      "id": 105,
      "source": 107,
      "target": 108,
      "label": ""
    },
    {
      "id": 106,
      "source": 108,
      "target": 109,
      "label": "True"
    },
    {
      "id": 107,
      "source": 109,
      "target": 110,
      "label": ""
    },
    {
      "id": 108,
      "source": 108,
      "target": 110,
      "label": "False"
    },
    {
      "id": 109,
      "source": 110,
      "target": 111,
      "label": ""
    },
    {
      "id": 110,
      "source": 104,
      "target": 112,
      "label": "False"
    },
    {
      "id": 111,
      "source": 112,
      "target": 113,
      "label": ""
    },
    {
      "id": 112,
      "source": 113,
      "target": 114,
      "label": "True"
    },
    {
      "id": 113,
      "source": 113,
      "target": 115,
      "label": "False"
    },
    {
      "id": 114,
      "source": 115,
      "target": 116,
      "label": ""
    },
    {
      "id": 115,
      "source": 116,
      "target": 117,
      "label": ""
    },
    {
      "id": 116,
      "source": 117,
      "target": 118,
      "label": ""
    },
    {
      "id": 117,
      "source": 118,
      "target": 119,
      "label": ""
    },
    {
      "id": 118,
      "source": 119,
      "target": 120,
      "label": ""
    },
    {
      "id": 119,
      "source": 120,
      "target": 121,
      "label": ""
    },
    {
      "id": 120,
      "source": 122,
      "target": 123,
      "label": ""
    },
    {
      "id": 121,
      "source": 123,
      "target": 124,
      "label": ""
    },
    {
      "id": 122,
      "source": 124,
      "target": 125,
      "label": "True"
    },
    {
      "id": 123,
      "source": 125,
      "target": 126,
      "label": ""
    },
    {
      "id": 124,
      "source": 124,
      "target": 127,
      "label": "False"
    },
    {
      "id": 125,
      "source": 127,
      "target": 126,
      "label": ""
    },
    {
      "id": 126,
      "source": 126,
      "target": 128,
      "label": ""
    },
    {
      "id": 127,
      "source": 128,
      "target": 129,
      "label": "True"
    },
    {
      "id": 128,
      "source": 128,
      "target": 130,
      "label": "False"
    },
    {
      "id": 129,
      "source": 130,
      "target": 131,
      "label": ""
    },
    {
      "id": 130,
      "source": 131,
      "target": 132,
      "label": "True"
    },
    {
      "id": 131,
      "source": 132,
      "target": 133,
      "label": ""
    },
    {
      "id": 132,
      "source": 131,
      "target": 134,
      "label": "False"
    },
    {
      "id": 133,
      "source": 134,
      "target": 133,
      "label": ""
    },
    {
      "id": 134,
      "source": 133,
      "target": 135,
      "label": ""
    },
    {
      "id": 135,
      "source": 135,
      "target": 136,
      "label": "True"
    },
    {
      "id": 136,
      "source": 136,
      "target": 137,
      "label": "True"
    },
    {
      "id": 137,
      "source": 136,
      "target": 138,
      "label": "False"
    },
    {
      "id": 138,
      "source": 138,
      "target": 139,
      "label": ""
    },
    {
      "id": 139,
      "source": 139,
      "target": 140,
      "label": "True"
    },
    {
      "id": 140,
      "source": 140,
      "target": 141,
      "label": ""
    },
    {
      "id": 141,
      "source": 139,
      "target": 141,
      "label": "False"
    },
    {
      "id": 142,
      "source": 141,
      "target": 142,
      "label": ""
    },
    {
      "id": 143,
      "source": 135,
      "target": 143,
      "label": "False"
    },
    {
      "id": 144,
      "source": 143,
      "target": 144,
      "label": ""
    },
    {
      "id": 145,
      "source": 144,
      "target": 145,
      "label": "True"
    },
    {
      "id": 146,
      "source": 145,
      "target": 146,
      "label": ""
    },
    {
      "id": 147,
      "source": 144,
      "target": 146,
      "label": "False"
    },
    {
      "id": 148,
      "source": 146,
      "target": 147,
      "label": ""
    },
    {
      "id": 149,
      "source": 147,
      "target": 148,
      "label": ""
    },
    {
      "id": 150,
      "source": 148,
      "target": 149,
      "label": "True"
    },
    {
      "id": 151,
      "source": 148,
      "target": 150,
      "label": "False"
    },
    {
      "id": 152,
      "source": 150,
      "target": 151,
      "label": ""
    },
    {
      "id": 153,
      "source": 151,
      "target": 152,
      "label": ""
    },
    {
      "id": 154,
      "source": 152,
      "target": 153,
      "label": ""
    },
    {
      "id": 155,
      "source": 153,
      "target": 154,
      "label": ""
    },
    {
      "id": 156,
      "source": 154,
      "target": 155,
      "label": ""
    },
    {
      "id": 157,
      "source": 155,
      "target": 156,
      "label": ""
    },
    {
      "id": 158,
      "source": 156,
      "target": 158,
      "label": "False"
    },
    {
      "id": 159,
      "source": 156,
      "target": 159,
      "label": "True"
    },
    {
      "id": 160,
      "source": 159,
      "target": 157,
      "label": ""
    },
    {
      "id": 161,
      "source": 157,
      "target": 156,
      "label": ""
    },
    {
      "id": 162,
      "source": 158,
      "target": 160,
      "label": ""
    },
    {
      "id": 163,
      "source": 160,
      "target": 161,
      "label": "True"
    },
    {
      "id": 164,
      "source": 161,
      "target": 162,
      "label": ""
    },
    {
      "id": 165,
      "source": 160,
      "target": 162,
      "label": "False"
    },
    {
      "id": 166,
      "source": 162,
      "target": 163,
      "label": ""
    },
    {
      "id": 167,
      "source": 163,
      "target": 164,
      "label": ""
    },
    {
      "id": 168,
      "source": 165,
      "target": 166,
      "label": ""
    },
    {
      "id": 169,
      "source": 166,
      "target": 167,
      "label": ""
    },
    {
      "id": 170,
      "source": 167,
      "target": 168,
      "label": ""
    },
    {
      "id": 171,
      "source": 169,
      "target": 170,
      "label": ""
    }
  ]
}
