{
  "directed": true,
  "multigraph": true,
  "label": "CFG of 85.java",
  "type": "Control Flow Graph (CFG)",
  "file": "85.java",
  "package": "net.sf.robocode.test.robots",

  "nodes": [
    {
      "id": 0,
      "line": 24,
      "label": "String getRobotNames()"
    },
    {
      "id": 1,
      "line": 25,
      "label": "return 'tested.robots.HttpAttack,sample.Target';"
    },
    {
      "id": 2,
      "line": 29,
      "label": "void onTurnEnded(TurnEndedEvent event)"
    },
    {
      "id": 3,
      "line": 30,
      "label": "super.onTurnEnded(event)"
    },
    {
      "id": 4,
      "line": 32,
      "label": "final String out = event.getTurnSnapshot().getRobots()[0].getOutputStreamSnapshot()"
    },
    {
      "id": 5,
      "line": 34,
      "label": "if (out.contains('java.lang.SecurityException:'))"
    },
    {
      "id": 6,
      "line": 35,
      "label": "securityExceptionOccurred = true"
    },
    {
      "id": 7,
      "line": 0,
      "label": "endif"
    },
    {
      "id": 8,
      "line": 40,
      "label": "void runTeardown()"
    },
    {
      "id": 9,
      "line": 41,
      "label": "Assert.assertTrue('Socket connection is not allowed', securityExceptionOccurred)"
    },
    {
      "id": 10,
      "line": 45,
      "label": "int getExpectedErrors()"
    },
    {
      "id": 11,
      "line": 46,
      "label": "return 1;"
    }
  ],

  "edges": [
    {
      "id": 0,
      "source": 0,
      "target": 1,
      "label": ""
    },
    {
      "id": 1,
      "source": 2,
      "target": 3,
      "label": ""
    },
    {
      "id": 2,
      "source": 3,
      "target": 4,
      "label": ""
    },
    {
      "id": 3,
      "source": 4,
      "target": 5,
      "label": ""
    },
    {
      "id": 4,
      "source": 5,
      "target": 6,
      "label": "True"
    },
    {
      "id": 5,
      "source": 6,
      "target": 7,
      "label": ""
    },
    {
      "id": 6,
      "source": 5,
      "target": 7,
      "label": "False"
    },
    {
      "id": 7,
      "source": 8,
      "target": 9,
      "label": ""
    },
    {
      "id": 8,
      "source": 10,
      "target": 11,
      "label": ""
    }
  ]
}
