{
  "directed": true,
  "multigraph": true,
  "label": "CFG of 914.java",
  "type": "Control Flow Graph (CFG)",
  "file": "914.java",
  "package": "org.jolokia.restrictor",

  "nodes": [
    {
      "id": 0,
      "line": 39,
      "label": "void basics()"
    },
    {
      "id": 1,
      "line": 40,
      "label": "InputStream is = getClass().getResourceAsStream('/access-sample1.xml')"
    },
    {
      "id": 2,
      "line": 41,
      "label": "PolicyRestrictor restrictor = new PolicyRestrictor(is)"
    },
    {
      "id": 3,
      "line": 42,
      "label": "assertTrue(restrictor.isAttributeReadAllowed(new ObjectName('java.lang:type=Memory'),'Verbose'))"
    },
    {
      "id": 4,
      "line": 43,
      "label": "assertFalse(restrictor.isAttributeWriteAllowed(new ObjectName('java.lang:type=Memory'),'Verbose'))"
    },
    {
      "id": 5,
      "line": 44,
      "label": "assertFalse(restrictor.isAttributeReadAllowed(new ObjectName('java.lang:type=Memory'),'NonHeapMemoryUsage'))"
    },
    {
      "id": 6,
      "line": 45,
      "label": "assertTrue(restrictor.isOperationAllowed(new ObjectName('java.lang:type=Memory'),'gc'))"
    },
    {
      "id": 7,
      "line": 46,
      "label": "assertFalse(restrictor.isOperationAllowed(new ObjectName('java.lang:type=Threading'),'gc'))"
    },
    {
      "id": 8,
      "line": 47,
      "label": "assertTrue(restrictor.isHttpMethodAllowed(HttpMethod.POST))"
    },
    {
      "id": 9,
      "line": 48,
      "label": "assertFalse(restrictor.isHttpMethodAllowed(HttpMethod.GET))"
    },
    {
      "id": 10,
      "line": 52,
      "label": "void restrictIp()"
    },
    {
      "id": 11,
      "line": 53,
      "label": "InputStream is = getClass().getResourceAsStream('/access-sample1.xml')"
    },
    {
      "id": 12,
      "line": 54,
      "label": "PolicyRestrictor restrictor = new PolicyRestrictor(is)"
    },
    {
      "id": 13,
      "line": 56,
      "label": "String ips[][] = { { '11.0.18.32', 'true' }, { 'planck', 'true' }, { 'heisenberg', 'false' }, { '10.0.11.125', 'true' }, { '10.0.11.126', 'false' }, { '11.1.18.32', 'false' }, { '192.168.15.3', 'true' }, { '192.168.15.8', 'true' }, { '192.168.16.3', 'false' } }"
    },
    {
      "id": 14,
      "line": 68,
      "label": "for (String check[] : ips)"
    },
    {
      "id": 15,
      "line": 0,
      "label": "endfor"
    },
    {
      "id": 16,
      "line": 69,
      "label": "String res = restrictor.isRemoteAccessAllowed(check[0]) ? 'true' : 'false'"
    },
    {
      "id": 17,
      "line": 70,
      "label": "assertEquals('Ip ' + check[0] + ' is ' +  (check[1].equals('false') ? 'not ' : '') +  'allowed',check[1],res)"
    },
    {
      "id": 18,
      "line": 77,
      "label": "void patterns()"
    },
    {
      "id": 19,
      "line": 78,
      "label": "InputStream is = getClass().getResourceAsStream('/access-sample2.xml')"
    },
    {
      "id": 20,
      "line": 79,
      "label": "PolicyRestrictor restrictor = new PolicyRestrictor(is)"
    },
    {
      "id": 21,
      "line": 80,
      "label": "assertTrue(restrictor.isAttributeReadAllowed(new ObjectName('java.lang:type=Memory'),'HeapMemoryUsage'))"
    },
    {
      "id": 22,
      "line": 81,
      "label": "assertFalse(restrictor.isAttributeReadAllowed(new ObjectName('java.lang:type=Memory'),'NonHeapMemoryUsage'))"
    },
    {
      "id": 23,
      "line": 82,
      "label": "assertTrue(restrictor.isAttributeReadAllowed(new ObjectName('jolokia:type=Config,name=Bla'),'Debug'))"
    },
    {
      "id": 24,
      "line": 83,
      "label": "assertFalse(restrictor.isOperationAllowed(new ObjectName('jolokia:type=Threading'),'gc'))"
    },
    {
      "id": 25,
      "line": 86,
      "label": "assertTrue(restrictor.isRemoteAccessAllowed('10.0.1.125'))"
    },
    {
      "id": 26,
      "line": 91,
      "label": "void noRestrictions()"
    },
    {
      "id": 27,
      "line": 92,
      "label": "InputStream is = getClass().getResourceAsStream('/access-sample3.xml')"
    },
    {
      "id": 28,
      "line": 93,
      "label": "PolicyRestrictor restrictor = new PolicyRestrictor(is)"
    },
    {
      "id": 29,
      "line": 94,
      "label": "assertTrue(restrictor.isAttributeReadAllowed(new ObjectName('java.lang:type=Memory'),'HeapMemoryUsage'))"
    },
    {
      "id": 30,
      "line": 95,
      "label": "assertTrue(restrictor.isAttributeReadAllowed(new ObjectName('java.lang:type=Memory'),'NonHeapMemoryUsage'))"
    },
    {
      "id": 31,
      "line": 96,
      "label": "assertTrue(restrictor.isAttributeReadAllowed(new ObjectName('jolokia:type=Config,name=Bla'),'Debug'))"
    },
    {
      "id": 32,
      "line": 97,
      "label": "assertTrue(restrictor.isOperationAllowed(new ObjectName('jolokia:type=Threading'),'gc'))"
    },
    {
      "id": 33,
      "line": 98,
      "label": "assertTrue(restrictor.isTypeAllowed(RequestType.READ))"
    },
    {
      "id": 34,
      "line": 99,
      "label": "assertTrue(restrictor.isHttpMethodAllowed(HttpMethod.GET))"
    },
    {
      "id": 35,
      "line": 100,
      "label": "assertTrue(restrictor.isHttpMethodAllowed(HttpMethod.POST))"
    },
    {
      "id": 36,
      "line": 105,
      "label": "void deny()"
    },
    {
      "id": 37,
      "line": 106,
      "label": "InputStream is = getClass().getResourceAsStream('/access-sample4.xml')"
    },
    {
      "id": 38,
      "line": 107,
      "label": "PolicyRestrictor restrictor = new PolicyRestrictor(is)"
    },
    {
      "id": 39,
      "line": 108,
      "label": "assertFalse(restrictor.isAttributeReadAllowed(new ObjectName('java.lang:type=Memory'),'HeapMemoryUsage'))"
    },
    {
      "id": 40,
      "line": 109,
      "label": "assertFalse(restrictor.isAttributeWriteAllowed(new ObjectName('java.lang:type=Memory'),'HeapMemoryUsage'))"
    },
    {
      "id": 41,
      "line": 110,
      "label": "assertFalse(restrictor.isAttributeReadAllowed(new ObjectName('java.lang:type=Memory'),'NonHeapMemoryUsage'))"
    },
    {
      "id": 42,
      "line": 111,
      "label": "assertTrue(restrictor.isAttributeWriteAllowed(new ObjectName('java.lang:type=Memory'),'NonHeapMemoryUsage'))"
    },
    {
      "id": 43,
      "line": 112,
      "label": "assertTrue(restrictor.isAttributeReadAllowed(new ObjectName('java.lang:type=Memory'),'BlaUsage'))"
    },
    {
      "id": 44,
      "line": 114,
      "label": "assertFalse(restrictor.isAttributeReadAllowed(new ObjectName('jolokia:type=Config'),'Debug'))"
    },
    {
      "id": 45,
      "line": 116,
      "label": "assertFalse(restrictor.isOperationAllowed(new ObjectName('java.lang:type=Blubber,name=x'),'gc'))"
    },
    {
      "id": 46,
      "line": 117,
      "label": "assertTrue(restrictor.isOperationAllowed(new ObjectName('java.lang:type=Blubber,name=x'),'xavier'))"
    },
    {
      "id": 47,
      "line": 121,
      "label": "void allow()"
    },
    {
      "id": 48,
      "line": 122,
      "label": "InputStream is = getClass().getResourceAsStream('/access-sample5.xml')"
    },
    {
      "id": 49,
      "line": 123,
      "label": "PolicyRestrictor restrictor = new PolicyRestrictor(is)"
    },
    {
      "id": 50,
      "line": 124,
      "label": "assertTrue(restrictor.isAttributeReadAllowed(new ObjectName('java.lang:type=Memory'), 'HeapMemoryUsage'))"
    },
    {
      "id": 51,
      "line": 125,
      "label": "assertTrue(restrictor.isAttributeWriteAllowed(new ObjectName('java.lang:type=Memory'), 'HeapMemoryUsage'))"
    },
    {
      "id": 52,
      "line": 126,
      "label": "assertTrue(restrictor.isAttributeReadAllowed(new ObjectName('java.lang:type=Memory'), 'NonHeapMemoryUsage'))"
    },
    {
      "id": 53,
      "line": 127,
      "label": "assertFalse(restrictor.isAttributeWriteAllowed(new ObjectName('java.lang:type=Memory'), 'NonHeapMemoryUsage'))"
    },
    {
      "id": 54,
      "line": 128,
      "label": "assertFalse(restrictor.isAttributeReadAllowed(new ObjectName('java.lang:type=Memory'), 'BlaUsage'))"
    },
    {
      "id": 55,
      "line": 130,
      "label": "assertTrue(restrictor.isAttributeReadAllowed(new ObjectName('jolokia:type=Config'), 'Debug'))"
    },
    {
      "id": 56,
      "line": 132,
      "label": "assertTrue(restrictor.isOperationAllowed(new ObjectName('java.lang:type=Blubber,name=x'), 'gc'))"
    },
    {
      "id": 57,
      "line": 133,
      "label": "assertFalse(restrictor.isOperationAllowed(new ObjectName('java.lang:type=Blubber,name=x'), 'xavier'))"
    },
    {
      "id": 58,
      "line": 137,
      "label": "void illegalXml()"
    },
    {
      "id": 59,
      "line": 138,
      "label": "InputStream is = getClass().getResourceAsStream('/illegal1.xml')"
    },
    {
      "id": 60,
      "line": 139,
      "label": "try"
    },
    {
      "id": 61,
      "line": 0,
      "label": "end-try"
    },
    {
      "id": 62,
      "line": 140,
      "label": "PolicyRestrictor restrictor = new PolicyRestrictor(is)"
    },
    {
      "id": 63,
      "line": 141,
      "label": "fail('Could parse illegal file')"
    },
    {
      "id": 64,
      "line": 0,
      "label": "end-catch"
    },
    {
      "id": 65,
      "line": 142,
      "label": "catch (SecurityException exp)"
    },
    {
      "id": 66,
      "line": 146,
      "label": "try"
    },
    {
      "id": 67,
      "line": 0,
      "label": "end-try"
    },
    {
      "id": 68,
      "line": 147,
      "label": "new PolicyRestrictor(null)"
    },
    {
      "id": 69,
      "line": 148,
      "label": "fail('No file given')"
    },
    {
      "id": 70,
      "line": 0,
      "label": "end-catch"
    },
    {
      "id": 71,
      "line": 149,
      "label": "catch (SecurityException exp)"
    },
    {
      "id": 72,
      "line": 155,
      "label": "void noName()"
    },
    {
      "id": 73,
      "line": 156,
      "label": "InputStream is = getClass().getResourceAsStream('/illegal2.xml')"
    },
    {
      "id": 74,
      "line": 157,
      "label": "try"
    },
    {
      "id": 75,
      "line": 0,
      "label": "end-try"
    },
    {
      "id": 76,
      "line": 158,
      "label": "PolicyRestrictor restrictor = new PolicyRestrictor(is)"
    },
    {
      "id": 77,
      "line": 159,
      "label": "fail('Could parse illegal file')"
    },
    {
      "id": 78,
      "line": 0,
      "label": "end-catch"
    },
    {
      "id": 79,
      "line": 160,
      "label": "catch (SecurityException exp)"
    },
    {
      "id": 80,
      "line": 161,
      "label": "assertTrue(exp.getMessage().contains('name'))"
    },
    {
      "id": 81,
      "line": 166,
      "label": "void invalidTag()"
    },
    {
      "id": 82,
      "line": 167,
      "label": "InputStream is = getClass().getResourceAsStream('/illegal3.xml')"
    },
    {
      "id": 83,
      "line": 168,
      "label": "try"
    },
    {
      "id": 84,
      "line": 0,
      "label": "end-try"
    },
    {
      "id": 85,
      "line": 169,
      "label": "PolicyRestrictor restrictor = new PolicyRestrictor(is)"
    },
    {
      "id": 86,
      "line": 170,
      "label": "fail('Could parse illegal file')"
    },
    {
      "id": 87,
      "line": 0,
      "label": "end-catch"
    },
    {
      "id": 88,
      "line": 171,
      "label": "catch (SecurityException exp)"
    },
    {
      "id": 89,
      "line": 172,
      "label": "assertTrue(exp.getMessage().contains('name'))"
    },
    {
      "id": 90,
      "line": 173,
      "label": "assertTrue(exp.getMessage().contains('attribute'))"
    },
    {
      "id": 91,
      "line": 174,
      "label": "assertTrue(exp.getMessage().contains('operation'))"
    },
    {
      "id": 92,
      "line": 175,
      "label": "assertTrue(exp.getMessage().contains('bla'))"
    },
    {
      "id": 93,
      "line": 180,
      "label": "void doubleName()"
    },
    {
      "id": 94,
      "line": 181,
      "label": "InputStream is = getClass().getResourceAsStream('/illegal4.xml')"
    },
    {
      "id": 95,
      "line": 182,
      "label": "try"
    },
    {
      "id": 96,
      "line": 0,
      "label": "end-try"
    },
    {
      "id": 97,
      "line": 183,
      "label": "PolicyRestrictor restrictor = new PolicyRestrictor(is)"
    },
    {
      "id": 98,
      "line": 184,
      "label": "fail('Could parse illegal file')"
    },
    {
      "id": 99,
      "line": 0,
      "label": "end-catch"
    },
    {
      "id": 100,
      "line": 185,
      "label": "catch (SecurityException exp)"
    },
    {
      "id": 101,
      "line": 186,
      "label": "assertTrue(exp.getMessage().contains('name'))"
    },
    {
      "id": 102,
      "line": 193,
      "label": "void httpMethod()"
    },
    {
      "id": 103,
      "line": 194,
      "label": "InputStream is = getClass().getResourceAsStream('/method.xml')"
    },
    {
      "id": 104,
      "line": 195,
      "label": "PolicyRestrictor res = new PolicyRestrictor(is)"
    },
    {
      "id": 105,
      "line": 196,
      "label": "assertTrue(res.isHttpMethodAllowed(HttpMethod.GET))"
    },
    {
      "id": 106,
      "line": 197,
      "label": "assertTrue(res.isHttpMethodAllowed(HttpMethod.POST))"
    },
    {
      "id": 107,
      "line": 201,
      "label": "void illegalHttpMethod()"
    },
    {
      "id": 108,
      "line": 202,
      "label": "InputStream is = getClass().getResourceAsStream('/illegal5.xml')"
    },
    {
      "id": 109,
      "line": 203,
      "label": "try"
    },
    {
      "id": 110,
      "line": 0,
      "label": "end-try"
    },
    {
      "id": 111,
      "line": 204,
      "label": "new PolicyRestrictor(is)"
    },
    {
      "id": 112,
      "line": 205,
      "label": "fail()"
    },
    {
      "id": 113,
      "line": 0,
      "label": "end-catch"
    },
    {
      "id": 114,
      "line": 206,
      "label": "catch (SecurityException exp)"
    },
    {
      "id": 115,
      "line": 207,
      "label": "assertTrue(exp.getMessage().contains('BLA'))"
    },
    {
      "id": 116,
      "line": 212,
      "label": "void illegalHttpMethodTag()"
    },
    {
      "id": 117,
      "line": 213,
      "label": "InputStream is = getClass().getResourceAsStream('/illegal6.xml')"
    },
    {
      "id": 118,
      "line": 214,
      "label": "try"
    },
    {
      "id": 119,
      "line": 0,
      "label": "end-try"
    },
    {
      "id": 120,
      "line": 215,
      "label": "new PolicyRestrictor(is)"
    },
    {
      "id": 121,
      "line": 216,
      "label": "fail()"
    },
    {
      "id": 122,
      "line": 0,
      "label": "end-catch"
    },
    {
      "id": 123,
      "line": 217,
      "label": "catch (SecurityException exp)"
    },
    {
      "id": 124,
      "line": 218,
      "label": "assertTrue(exp.getMessage().contains('method'))"
    },
    {
      "id": 125,
      "line": 219,
      "label": "assertTrue(exp.getMessage().contains('blubber'))"
    },
    {
      "id": 126,
      "line": 224,
      "label": "void cors()"
    },
    {
      "id": 127,
      "line": 225,
      "label": "InputStream is = getClass().getResourceAsStream('/allow-origin1.xml')"
    },
    {
      "id": 128,
      "line": 226,
      "label": "PolicyRestrictor restrictor = new PolicyRestrictor(is)"
    },
    {
      "id": 129,
      "line": 228,
      "label": "assertTrue(restrictor.isCorsAccessAllowed('http://bla.com'))"
    },
    {
      "id": 130,
      "line": 229,
      "label": "assertFalse(restrictor.isCorsAccessAllowed('http://www.jolokia.org'))"
    },
    {
      "id": 131,
      "line": 230,
      "label": "assertTrue(restrictor.isCorsAccessAllowed('https://www.consol.de'))"
    },
    {
      "id": 132,
      "line": 234,
      "label": "void corsWildCard()"
    },
    {
      "id": 133,
      "line": 235,
      "label": "InputStream is = getClass().getResourceAsStream('/allow-origin2.xml')"
    },
    {
      "id": 134,
      "line": 236,
      "label": "PolicyRestrictor restrictor = new PolicyRestrictor(is)"
    },
    {
      "id": 135,
      "line": 238,
      "label": "assertTrue(restrictor.isCorsAccessAllowed('http://bla.com'))"
    },
    {
      "id": 136,
      "line": 239,
      "label": "assertTrue(restrictor.isCorsAccessAllowed('http://www.jolokia.org'))"
    },
    {
      "id": 137,
      "line": 240,
      "label": "assertTrue(restrictor.isCorsAccessAllowed('http://www.consol.de'))"
    },
    {
      "id": 138,
      "line": 244,
      "label": "void corsEmpty()"
    },
    {
      "id": 139,
      "line": 245,
      "label": "InputStream is = getClass().getResourceAsStream('/allow-origin3.xml')"
    },
    {
      "id": 140,
      "line": 246,
      "label": "PolicyRestrictor restrictor = new PolicyRestrictor(is)"
    },
    {
      "id": 141,
      "line": 248,
      "label": "assertTrue(restrictor.isCorsAccessAllowed('http://bla.com'))"
    },
    {
      "id": 142,
      "line": 249,
      "label": "assertTrue(restrictor.isCorsAccessAllowed('http://www.jolokia.org'))"
    },
    {
      "id": 143,
      "line": 250,
      "label": "assertTrue(restrictor.isCorsAccessAllowed('http://www.consol.de'))"
    },
    {
      "id": 144,
      "line": 254,
      "label": "void corsNoTags()"
    },
    {
      "id": 145,
      "line": 255,
      "label": "InputStream is = getClass().getResourceAsStream('/access-sample1.xml')"
    },
    {
      "id": 146,
      "line": 256,
      "label": "PolicyRestrictor restrictor = new PolicyRestrictor(is)"
    },
    {
      "id": 147,
      "line": 258,
      "label": "assertTrue(restrictor.isCorsAccessAllowed('http://bla.com'))"
    },
    {
      "id": 148,
      "line": 259,
      "label": "assertTrue(restrictor.isCorsAccessAllowed('http://www.jolokia.org'))"
    },
    {
      "id": 149,
      "line": 260,
      "label": "assertTrue(restrictor.isCorsAccessAllowed('https://www.consol.de'))"
    }
  ],

  "edges": [
    {
      "id": 0,
      "source": 0,
      "target": 1,
      "label": ""
    },
    {
      "id": 1,
      "source": 1,
      "target": 2,
      "label": ""
    },
    {
      "id": 2,
      "source": 2,
      "target": 3,
      "label": ""
    },
    {
      "id": 3,
      "source": 3,
      "target": 4,
      "label": ""
    },
    {
      "id": 4,
      "source": 4,
      "target": 5,
      "label": ""
    },
    {
      "id": 5,
      "source": 5,
      "target": 6,
      "label": ""
    },
    {
      "id": 6,
      "source": 6,
      "target": 7,
      "label": ""
    },
    {
      "id": 7,
      "source": 7,
      "target": 8,
      "label": ""
    },
    {
      "id": 8,
      "source": 8,
      "target": 9,
      "label": ""
    },
    {
      "id": 9,
      "source": 10,
      "target": 11,
      "label": ""
    },
    {
      "id": 10,
      "source": 11,
      "target": 12,
      "label": ""
    },
    {
      "id": 11,
      "source": 12,
      "target": 13,
      "label": ""
    },
    {
      "id": 12,
      "source": 13,
      "target": 14,
      "label": ""
    },
    {
      "id": 13,
      "source": 14,
      "target": 15,
      "label": "False"
    },
    {
      "id": 14,
      "source": 14,
      "target": 16,
      "label": "True"
    },
    {
      "id": 15,
      "source": 16,
      "target": 17,
      "label": ""
    },
    {
      "id": 16,
      "source": 17,
      "target": 14,
      "label": ""
    },
    {
      "id": 17,
      "source": 18,
      "target": 19,
      "label": ""
    },
    {
      "id": 18,
      "source": 19,
      "target": 20,
      "label": ""
    },
    {
      "id": 19,
      "source": 20,
      "target": 21,
      "label": ""
    },
    {
      "id": 20,
      "source": 21,
      "target": 22,
      "label": ""
    },
    {
      "id": 21,
      "source": 22,
      "target": 23,
      "label": ""
    },
    {
      "id": 22,
      "source": 23,
      "target": 24,
      "label": ""
    },
    {
      "id": 23,
      "source": 24,
      "target": 25,
      "label": ""
    },
    {
      "id": 24,
      "source": 26,
      "target": 27,
      "label": ""
    },
    {
      "id": 25,
      "source": 27,
      "target": 28,
      "label": ""
    },
    {
      "id": 26,
      "source": 28,
      "target": 29,
      "label": ""
    },
    {
      "id": 27,
      "source": 29,
      "target": 30,
      "label": ""
    },
    {
      "id": 28,
      "source": 30,
      "target": 31,
      "label": ""
    },
    {
      "id": 29,
      "source": 31,
      "target": 32,
      "label": ""
    },
    {
      "id": 30,
      "source": 32,
      "target": 33,
      "label": ""
    },
    {
      "id": 31,
      "source": 33,
      "target": 34,
      "label": ""
    },
    {
      "id": 32,
      "source": 34,
      "target": 35,
      "label": ""
    },
    {
      "id": 33,
      "source": 36,
      "target": 37,
      "label": ""
    },
    {
      "id": 34,
      "source": 37,
      "target": 38,
      "label": ""
    },
    {
      "id": 35,
      "source": 38,
      "target": 39,
      "label": ""
    },
    {
      "id": 36,
      "source": 39,
      "target": 40,
      "label": ""
    },
    {
      "id": 37,
      "source": 40,
      "target": 41,
      "label": ""
    },
    {
      "id": 38,
      "source": 41,
      "target": 42,
      "label": ""
    },
    {
      "id": 39,
      "source": 42,
      "target": 43,
      "label": ""
    },
    {
      "id": 40,
      "source": 43,
      "target": 44,
      "label": ""
    },
    {
      "id": 41,
      "source": 44,
      "target": 45,
      "label": ""
    },
    {
      "id": 42,
      "source": 45,
      "target": 46,
      "label": ""
    },
    {
      "id": 43,
      "source": 47,
      "target": 48,
      "label": ""
    },
    {
      "id": 44,
      "source": 48,
      "target": 49,
      "label": ""
    },
    {
      "id": 45,
      "source": 49,
      "target": 50,
      "label": ""
    },
    {
      "id": 46,
      "source": 50,
      "target": 51,
      "label": ""
    },
    {
      "id": 47,
      "source": 51,
      "target": 52,
      "label": ""
    },
    {
      "id": 48,
      "source": 52,
      "target": 53,
      "label": ""
    },
    {
      "id": 49,
      "source": 53,
      "target": 54,
      "label": ""
    },
    {
      "id": 50,
      "source": 54,
      "target": 55,
      "label": ""
    },
    {
      "id": 51,
      "source": 55,
      "target": 56,
      "label": ""
    },
    {
      "id": 52,
      "source": 56,
      "target": 57,
      "label": ""
    },
    {
      "id": 53,
      "source": 58,
      "target": 59,
      "label": ""
    },
    {
      "id": 54,
      "source": 59,
      "target": 60,
      "label": ""
    },
    {
      "id": 55,
      "source": 60,
      "target": 62,
      "label": ""
    },
    {
      "id": 56,
      "source": 62,
      "target": 63,
      "label": ""
    },
    {
      "id": 57,
      "source": 63,
      "target": 61,
      "label": ""
    },
    {
      "id": 58,
      "source": 61,
      "target": 65,
      "label": "Throws"
    },
    {
      "id": 59,
      "source": 65,
      "target": 64,
      "label": ""
    },
    {
      "id": 60,
      "source": 64,
      "target": 61,
      "label": ""
    },
    {
      "id": 61,
      "source": 61,
      "target": 66,
      "label": ""
    },
    {
      "id": 62,
      "source": 66,
      "target": 68,
      "label": ""
    },
    {
      "id": 63,
      "source": 68,
      "target": 69,
      "label": ""
    },
    {
      "id": 64,
      "source": 69,
      "target": 67,
      "label": ""
    },
    {
      "id": 65,
      "source": 67,
      "target": 71,
      "label": "Throws"
    },
    {
      "id": 66,
      "source": 71,
      "target": 70,
      "label": ""
    },
    {
      "id": 67,
      "source": 70,
      "target": 67,
      "label": ""
    },
    {
      "id": 68,
      "source": 72,
      "target": 73,
      "label": ""
    },
    {
      "id": 69,
      "source": 73,
      "target": 74,
      "label": ""
    },
    {
      "id": 70,
      "source": 74,
      "target": 76,
      "label": ""
    },
    {
      "id": 71,
      "source": 76,
      "target": 77,
      "label": ""
    },
    {
      "id": 72,
      "source": 77,
      "target": 75,
      "label": ""
    },
    {
      "id": 73,
      "source": 75,
      "target": 79,
      "label": "Throws"
    },
    {
      "id": 74,
      "source": 79,
      "target": 80,
      "label": ""
    },
    {
      "id": 75,
      "source": 80,
      "target": 78,
      "label": ""
    },
    {
      "id": 76,
      "source": 78,
      "target": 75,
      "label": ""
    },
    {
      "id": 77,
      "source": 81,
      "target": 82,
      "label": ""
    },
    {
      "id": 78,
      "source": 82,
      "target": 83,
      "label": ""
    },
    {
      "id": 79,
      "source": 83,
      "target": 85,
      "label": ""
    },
    {
      "id": 80,
      "source": 85,
      "target": 86,
      "label": ""
    },
    {
      "id": 81,
      "source": 86,
      "target": 84,
      "label": ""
    },
    {
      "id": 82,
      "source": 84,
      "target": 88,
      "label": "Throws"
    },
    {
      "id": 83,
      "source": 88,
      "target": 89,
      "label": ""
    },
    {
      "id": 84,
      "source": 89,
      "target": 90,
      "label": ""
    },
    {
      "id": 85,
      "source": 90,
      "target": 91,
      "label": ""
    },
    {
      "id": 86,
      "source": 91,
      "target": 92,
      "label": ""
    },
    {
      "id": 87,
      "source": 92,
      "target": 87,
      "label": ""
    },
    {
      "id": 88,
      "source": 87,
      "target": 84,
      "label": ""
    },
    {
      "id": 89,
      "source": 93,
      "target": 94,
      "label": ""
    },
    {
      "id": 90,
      "source": 94,
      "target": 95,
      "label": ""
    },
    {
      "id": 91,
      "source": 95,
      "target": 97,
      "label": ""
    },
    {
      "id": 92,
      "source": 97,
      "target": 98,
      "label": ""
    },
    {
      "id": 93,
      "source": 98,
      "target": 96,
      "label": ""
    },
    {
      "id": 94,
      "source": 96,
      "target": 100,
      "label": "Throws"
    },
    {
      "id": 95,
      "source": 100,
      "target": 101,
      "label": ""
    },
    {
      "id": 96,
      "source": 101,
      "target": 99,
      "label": ""
    },
    {
      "id": 97,
      "source": 99,
      "target": 96,
      "label": ""
    },
    {
      "id": 98,
      "source": 102,
      "target": 103,
      "label": ""
    },
    {
      "id": 99,
      "source": 103,
      "target": 104,
      "label": ""
    },
    {
      "id": 100,
      "source": 104,
      "target": 105,
      "label": ""
    },
    {
      "id": 101,
      "source": 105,
      "target": 106,
      "label": ""
    },
    {
      "id": 102,
      "source": 107,
      "target": 108,
      "label": ""
    },
    {
      "id": 103,
      "source": 108,
      "target": 109,
      "label": ""
    },
    {
      "id": 104,
      "source": 109,
      "target": 111,
      "label": ""
    },
    {
      "id": 105,
      "source": 111,
      "target": 112,
      "label": ""
    },
    {
      "id": 106,
      "source": 112,
      "target": 110,
      "label": ""
    },
    {
      "id": 107,
      "source": 110,
      "target": 114,
      "label": "Throws"
    },
    {
      "id": 108,
      "source": 114,
      "target": 115,
      "label": ""
    },
    {
      "id": 109,
      "source": 115,
      "target": 113,
      "label": ""
    },
    {
      "id": 110,
      "source": 113,
      "target": 110,
      "label": ""
    },
    {
      "id": 111,
      "source": 116,
      "target": 117,
      "label": ""
    },
    {
      "id": 112,
      "source": 117,
      "target": 118,
      "label": ""
    },
    {
      "id": 113,
      "source": 118,
      "target": 120,
      "label": ""
    },
    {
      "id": 114,
      "source": 120,
      "target": 121,
      "label": ""
    },
    {
      "id": 115,
      "source": 121,
      "target": 119,
      "label": ""
    },
    {
      "id": 116,
      "source": 119,
      "target": 123,
      "label": "Throws"
    },
    {
      "id": 117,
      "source": 123,
      "target": 124,
      "label": ""
    },
    {
      "id": 118,
      "source": 124,
      "target": 125,
      "label": ""
    },
    {
      "id": 119,
      "source": 125,
      "target": 122,
      "label": ""
    },
    {
      "id": 120,
      "source": 122,
      "target": 119,
      "label": ""
    },
    {
      "id": 121,
      "source": 126,
      "target": 127,
      "label": ""
    },
    {
      "id": 122,
      "source": 127,
      "target": 128,
      "label": ""
    },
    {
      "id": 123,
      "source": 128,
      "target": 129,
      "label": ""
    },
    {
      "id": 124,
      "source": 129,
      "target": 130,
      "label": ""
    },
    {
      "id": 125,
      "source": 130,
      "target": 131,
      "label": ""
    },
    {
      "id": 126,
      "source": 132,
      "target": 133,
      "label": ""
    },
    {
      "id": 127,
      "source": 133,
      "target": 134,
      "label": ""
    },
    {
      "id": 128,
      "source": 134,
      "target": 135,
      "label": ""
    },
    {
      "id": 129,
      "source": 135,
      "target": 136,
      "label": ""
    },
    {
      "id": 130,
      "source": 136,
      "target": 137,
      "label": ""
    },
    {
      "id": 131,
      "source": 138,
      "target": 139,
      "label": ""
    },
    {
      "id": 132,
      "source": 139,
      "target": 140,
      "label": ""
    },
    {
      "id": 133,
      "source": 140,
      "target": 141,
      "label": ""
    },
    {
      "id": 134,
      "source": 141,
      "target": 142,
      "label": ""
    },
    {
      "id": 135,
      "source": 142,
      "target": 143,
      "label": ""
    },
    {
      "id": 136,
      "source": 144,
      "target": 145,
      "label": ""
    },
    {
      "id": 137,
      "source": 145,
      "target": 146,
      "label": ""
    },
    {
      "id": 138,
      "source": 146,
      "target": 147,
      "label": ""
    },
    {
      "id": 139,
      "source": 147,
      "target": 148,
      "label": ""
    },
    {
      "id": 140,
      "source": 148,
      "target": 149,
      "label": ""
    }
  ]
}
