{
  "directed": true,
  "multigraph": true,
  "label": "CFG of 9478.java",
  "type": "Control Flow Graph (CFG)",
  "file": "9478.java",
  "package": "",

  "nodes": [
    {
      "id": 0,
      "line": 4,
      "label": "void main(String[] args)"
    },
    {
      "id": 1,
      "line": 6,
      "label": "String userInput = '<script>alert('XSS Vulnerability!')</script>'"
    },
    {
      "id": 2,
      "line": 9,
      "label": "String output = 'Welcome, ' + userInput"
    },
    {
      "id": 3,
      "line": 12,
      "label": "System.out.println(output)"
    }
  ],

  "edges": [
    {
      "id": 0,
      "source": 0,
      "target": 1,
      "label": ""
    },
    {
      "id": 1,
      "source": 1,
      "target": 2,
      "label": ""
    },
    {
      "id": 2,
      "source": 2,
      "target": 3,
      "label": ""
    }
  ]
}
