{
  "directed": true,
  "multigraph": true,
  "label": "CFG of 9784.java",
  "type": "Control Flow Graph (CFG)",
  "file": "9784.java",
  "package": "",

  "nodes": [
    {
      "id": 0,
      "line": 7,
      "label": "void main(String[] args)"
    },
    {
      "id": 1,
      "line": 8,
      "label": "BufferedReader reader = new BufferedReader(new InputStreamReader(System.in))"
    },
    {
      "id": 2,
      "line": 10,
      "label": "System.out.print('Enter a file name to list: ')"
    },
    {
      "id": 3,
      "line": 11,
      "label": "String fileName = reader.readLine()"
    },
    {
      "id": 4,
      "line": 14,
      "label": "Runtime rt = Runtime.getRuntime()"
    },
    {
      "id": 5,
      "line": 15,
      "label": "Process process = rt.exec('ls ' + fileName)"
    },
    {
      "id": 6,
      "line": 17,
      "label": "BufferedReader outputReader = new BufferedReader(new InputStreamReader(process.getInputStream()))"
    },
    {
      "id": 7,
      "line": 19,
      "label": "String line"
    },
    {
      "id": 8,
      "line": 20,
      "label": "while ((line = outputReader.readLine()) != null)"
    },
    {
      "id": 9,
      "line": 0,
      "label": "endwhile"
    },
    {
      "id": 10,
      "line": 21,
      "label": "System.out.println(line)"
    }
  ],

  "edges": [
    {
      "id": 0,
      "source": 0,
      "target": 1,
      "label": ""
    },
    {
      "id": 1,
      "source": 1,
      "target": 2,
      "label": ""
    },
    {
      "id": 2,
      "source": 2,
      "target": 3,
      "label": ""
    },
    {
      "id": 3,
      "source": 3,
      "target": 4,
      "label": ""
    },
    {
      "id": 4,
      "source": 4,
      "target": 5,
      "label": ""
    },
    {
      "id": 5,
      "source": 5,
      "target": 6,
      "label": ""
    },
    {
      "id": 6,
      "source": 6,
      "target": 7,
      "label": ""
    },
    {
      "id": 7,
      "source": 7,
      "target": 8,
      "label": ""
    },
    {
      "id": 8,
      "source": 8,
      "target": 9,
      "label": "False"
    },
    {
      "id": 9,
      "source": 8,
      "target": 10,
      "label": "True"
    },
    {
      "id": 10,
      "source": 10,
      "target": 8,
      "label": ""
    }
  ]
}
